element,elementName,material,materialName
https://example.org/ontology/instance/Element_861708,AD1,https://example.org/ontology/instance/Material_505164,#SST
https://example.org/ontology/instance/Element_944468,AD1,https://example.org/ontology/instance/Material_505164,#SST
https://example.org/ontology/instance/Element_861708,AD1,https://example.org/ontology/instance/Material_345353,#철재
https://example.org/ontology/instance/Element_944468,AD1,https://example.org/ontology/instance/Material_345353,#철재
https://example.org/ontology/instance/Element_861340,AD2,https://example.org/ontology/instance/Material_505164,#SST
https://example.org/ontology/instance/Element_861340,AD2,https://example.org/ontology/instance/Material_345353,#철재
https://example.org/ontology/instance/Element_983189,AW1,https://example.org/ontology/instance/Material_1176118,#22mm 복층유리(5CL+12Air+5CL)
https://example.org/ontology/instance/Element_1218101,AW1,https://example.org/ontology/instance/Material_1176118,#22mm 복층유리(5CL+12Air+5CL)
https://example.org/ontology/instance/Element_983189,AW1,https://example.org/ontology/instance/Material_345342,#AL 백색
https://example.org/ontology/instance/Element_1218101,AW1,https://example.org/ontology/instance/Material_345342,#AL 백색
https://example.org/ontology/instance/Element_850405,AW3,https://example.org/ontology/instance/Material_1176118,#22mm 복층유리(5CL+12Air+5CL)
https://example.org/ontology/instance/Element_850405,AW3,https://example.org/ontology/instance/Material_345342,#AL 백색
https://example.org/ontology/instance/Element_850405,AW3,https://example.org/ontology/instance/Material_1794157,#코킹
https://example.org/ontology/instance/Element_850405,AW3,https://example.org/ontology/instance/Material_346811,#합성수지(ABS)
https://example.org/ontology/instance/Element_851799,AW4,https://example.org/ontology/instance/Material_1176118,#22mm 복층유리(5CL+12Air+5CL)
https://example.org/ontology/instance/Element_851799,AW4,https://example.org/ontology/instance/Material_345342,#AL 백색
https://example.org/ontology/instance/Element_851799,AW4,https://example.org/ontology/instance/Material_1794157,#코킹
https://example.org/ontology/instance/Element_819990,AW5,https://example.org/ontology/instance/Material_1176118,#22mm 복층유리(5CL+12Air+5CL)
https://example.org/ontology/instance/Element_827885,AW5,https://example.org/ontology/instance/Material_1176118,#22mm 복층유리(5CL+12Air+5CL)
https://example.org/ontology/instance/Element_828570,AW5,https://example.org/ontology/instance/Material_1176118,#22mm 복층유리(5CL+12Air+5CL)
https://example.org/ontology/instance/Element_828922,AW5,https://example.org/ontology/instance/Material_1176118,#22mm 복층유리(5CL+12Air+5CL)
https://example.org/ontology/instance/Element_828992,AW5,https://example.org/ontology/instance/Material_1176118,#22mm 복층유리(5CL+12Air+5CL)
https://example.org/ontology/instance/Element_829109,AW5,https://example.org/ontology/instance/Material_1176118,#22mm 복층유리(5CL+12Air+5CL)
https://example.org/ontology/instance/Element_829141,AW5,https://example.org/ontology/instance/Material_1176118,#22mm 복층유리(5CL+12Air+5CL)
https://example.org/ontology/instance/Element_829164,AW5,https://example.org/ontology/instance/Material_1176118,#22mm 복층유리(5CL+12Air+5CL)
https://example.org/ontology/instance/Element_829187,AW5,https://example.org/ontology/instance/Material_1176118,#22mm 복층유리(5CL+12Air+5CL)
https://example.org/ontology/instance/Element_829324,AW5,https://example.org/ontology/instance/Material_1176118,#22mm 복층유리(5CL+12Air+5CL)
https://example.org/ontology/instance/Element_834819,AW5,https://example.org/ontology/instance/Material_1176118,#22mm 복층유리(5CL+12Air+5CL)
https://example.org/ontology/instance/Element_835979,AW5,https://example.org/ontology/instance/Material_1176118,#22mm 복층유리(5CL+12Air+5CL)
https://example.org/ontology/instance/Element_836576,AW5,https://example.org/ontology/instance/Material_1176118,#22mm 복층유리(5CL+12Air+5CL)
https://example.org/ontology/instance/Element_837128,AW5,https://example.org/ontology/instance/Material_1176118,#22mm 복층유리(5CL+12Air+5CL)
https://example.org/ontology/instance/Element_837677,AW5,https://example.org/ontology/instance/Material_1176118,#22mm 복층유리(5CL+12Air+5CL)
https://example.org/ontology/instance/Element_838218,AW5,https://example.org/ontology/instance/Material_1176118,#22mm 복층유리(5CL+12Air+5CL)
https://example.org/ontology/instance/Element_838800,AW5,https://example.org/ontology/instance/Material_1176118,#22mm 복층유리(5CL+12Air+5CL)
https://example.org/ontology/instance/Element_839384,AW5,https://example.org/ontology/instance/Material_1176118,#22mm 복층유리(5CL+12Air+5CL)
https://example.org/ontology/instance/Element_839915,AW5,https://example.org/ontology/instance/Material_1176118,#22mm 복층유리(5CL+12Air+5CL)
https://example.org/ontology/instance/Element_840513,AW5,https://example.org/ontology/instance/Material_1176118,#22mm 복층유리(5CL+12Air+5CL)
https://example.org/ontology/instance/Element_847375,AW5,https://example.org/ontology/instance/Material_1176118,#22mm 복층유리(5CL+12Air+5CL)
https://example.org/ontology/instance/Element_819990,AW5,https://example.org/ontology/instance/Material_345342,#AL 백색
https://example.org/ontology/instance/Element_827885,AW5,https://example.org/ontology/instance/Material_345342,#AL 백색
https://example.org/ontology/instance/Element_828570,AW5,https://example.org/ontology/instance/Material_345342,#AL 백색
https://example.org/ontology/instance/Element_828922,AW5,https://example.org/ontology/instance/Material_345342,#AL 백색
https://example.org/ontology/instance/Element_828992,AW5,https://example.org/ontology/instance/Material_345342,#AL 백색
https://example.org/ontology/instance/Element_829109,AW5,https://example.org/ontology/instance/Material_345342,#AL 백색
https://example.org/ontology/instance/Element_829141,AW5,https://example.org/ontology/instance/Material_345342,#AL 백색
https://example.org/ontology/instance/Element_829164,AW5,https://example.org/ontology/instance/Material_345342,#AL 백색
https://example.org/ontology/instance/Element_829187,AW5,https://example.org/ontology/instance/Material_345342,#AL 백색
https://example.org/ontology/instance/Element_829324,AW5,https://example.org/ontology/instance/Material_345342,#AL 백색
https://example.org/ontology/instance/Element_834819,AW5,https://example.org/ontology/instance/Material_345342,#AL 백색
https://example.org/ontology/instance/Element_835979,AW5,https://example.org/ontology/instance/Material_345342,#AL 백색
https://example.org/ontology/instance/Element_836576,AW5,https://example.org/ontology/instance/Material_345342,#AL 백색
https://example.org/ontology/instance/Element_837128,AW5,https://example.org/ontology/instance/Material_345342,#AL 백색
https://example.org/ontology/instance/Element_837677,AW5,https://example.org/ontology/instance/Material_345342,#AL 백색
https://example.org/ontology/instance/Element_838218,AW5,https://example.org/ontology/instance/Material_345342,#AL 백색
https://example.org/ontology/instance/Element_838800,AW5,https://example.org/ontology/instance/Material_345342,#AL 백색
https://example.org/ontology/instance/Element_839384,AW5,https://example.org/ontology/instance/Material_345342,#AL 백색
https://example.org/ontology/instance/Element_839915,AW5,https://example.org/ontology/instance/Material_345342,#AL 백색
https://example.org/ontology/instance/Element_840513,AW5,https://example.org/ontology/instance/Material_345342,#AL 백색
https://example.org/ontology/instance/Element_847375,AW5,https://example.org/ontology/instance/Material_345342,#AL 백색
https://example.org/ontology/instance/Element_819990,AW5,https://example.org/ontology/instance/Material_1794157,#코킹
https://example.org/ontology/instance/Element_827885,AW5,https://example.org/ontology/instance/Material_1794157,#코킹
https://example.org/ontology/instance/Element_828570,AW5,https://example.org/ontology/instance/Material_1794157,#코킹
https://example.org/ontology/instance/Element_828922,AW5,https://example.org/ontology/instance/Material_1794157,#코킹
https://example.org/ontology/instance/Element_828992,AW5,https://example.org/ontology/instance/Material_1794157,#코킹
https://example.org/ontology/instance/Element_829109,AW5,https://example.org/ontology/instance/Material_1794157,#코킹
https://example.org/ontology/instance/Element_829141,AW5,https://example.org/ontology/instance/Material_1794157,#코킹
https://example.org/ontology/instance/Element_829164,AW5,https://example.org/ontology/instance/Material_1794157,#코킹
https://example.org/ontology/instance/Element_829187,AW5,https://example.org/ontology/instance/Material_1794157,#코킹
https://example.org/ontology/instance/Element_829324,AW5,https://example.org/ontology/instance/Material_1794157,#코킹
https://example.org/ontology/instance/Element_834819,AW5,https://example.org/ontology/instance/Material_1794157,#코킹
https://example.org/ontology/instance/Element_835979,AW5,https://example.org/ontology/instance/Material_1794157,#코킹
https://example.org/ontology/instance/Element_836576,AW5,https://example.org/ontology/instance/Material_1794157,#코킹
https://example.org/ontology/instance/Element_837128,AW5,https://example.org/ontology/instance/Material_1794157,#코킹
https://example.org/ontology/instance/Element_837677,AW5,https://example.org/ontology/instance/Material_1794157,#코킹
https://example.org/ontology/instance/Element_838218,AW5,https://example.org/ontology/instance/Material_1794157,#코킹
https://example.org/ontology/instance/Element_838800,AW5,https://example.org/ontology/instance/Material_1794157,#코킹
https://example.org/ontology/instance/Element_839384,AW5,https://example.org/ontology/instance/Material_1794157,#코킹
https://example.org/ontology/instance/Element_839915,AW5,https://example.org/ontology/instance/Material_1794157,#코킹
https://example.org/ontology/instance/Element_840513,AW5,https://example.org/ontology/instance/Material_1794157,#코킹
https://example.org/ontology/instance/Element_847375,AW5,https://example.org/ontology/instance/Material_1794157,#코킹
https://example.org/ontology/instance/Element_823955,AW6,https://example.org/ontology/instance/Material_1176118,#22mm 복층유리(5CL+12Air+5CL)
https://example.org/ontology/instance/Element_824510,AW6,https://example.org/ontology/instance/Material_1176118,#22mm 복층유리(5CL+12Air+5CL)
https://example.org/ontology/instance/Element_823955,AW6,https://example.org/ontology/instance/Material_345342,#AL 백색
https://example.org/ontology/instance/Element_824510,AW6,https://example.org/ontology/instance/Material_345342,#AL 백색
https://example.org/ontology/instance/Element_823955,AW6,https://example.org/ontology/instance/Material_1794157,#코킹
https://example.org/ontology/instance/Element_824510,AW6,https://example.org/ontology/instance/Material_1794157,#코킹
https://example.org/ontology/instance/Element_1174295,AW7,https://example.org/ontology/instance/Material_1176118,#22mm 복층유리(5CL+12Air+5CL)
https://example.org/ontology/instance/Element_1174295,AW7,https://example.org/ontology/instance/Material_345342,#AL 백색
https://example.org/ontology/instance/Element_1174295,AW7,https://example.org/ontology/instance/Material_1176116,#스팬드럴유리
https://example.org/ontology/instance/Element_1174295,AW7,https://example.org/ontology/instance/Material_1794157,#코킹
https://example.org/ontology/instance/Element_1182647,AW8,https://example.org/ontology/instance/Material_1176118,#22mm 복층유리(5CL+12Air+5CL)
https://example.org/ontology/instance/Element_1182647,AW8,https://example.org/ontology/instance/Material_345342,#AL 백색
https://example.org/ontology/instance/Element_1182647,AW8,https://example.org/ontology/instance/Material_1176116,#스팬드럴유리
https://example.org/ontology/instance/Element_1182647,AW8,https://example.org/ontology/instance/Material_1794157,#코킹
https://example.org/ontology/instance/Element_623027,D1-METAL C-STUD,https://example.org/ontology/instance/Material_346711,#METAL C-STUD
https://example.org/ontology/instance/Element_623320,D1-METAL C-STUD,https://example.org/ontology/instance/Material_346711,#METAL C-STUD
https://example.org/ontology/instance/Element_623347,D1-METAL C-STUD,https://example.org/ontology/instance/Material_346711,#METAL C-STUD
https://example.org/ontology/instance/Element_623726,D1-METAL C-STUD,https://example.org/ontology/instance/Material_346711,#METAL C-STUD
https://example.org/ontology/instance/Element_623775,D1-METAL C-STUD,https://example.org/ontology/instance/Material_346711,#METAL C-STUD
https://example.org/ontology/instance/Element_624007,D1-METAL C-STUD,https://example.org/ontology/instance/Material_346711,#METAL C-STUD
https://example.org/ontology/instance/Element_624429,D1-METAL C-STUD,https://example.org/ontology/instance/Material_346711,#METAL C-STUD
https://example.org/ontology/instance/Element_625149,D1-METAL C-STUD,https://example.org/ontology/instance/Material_346711,#METAL C-STUD
https://example.org/ontology/instance/Element_783922,D1-METAL C-STUD,https://example.org/ontology/instance/Material_346711,#METAL C-STUD
https://example.org/ontology/instance/Element_783923,D1-METAL C-STUD,https://example.org/ontology/instance/Material_346711,#METAL C-STUD
https://example.org/ontology/instance/Element_783924,D1-METAL C-STUD,https://example.org/ontology/instance/Material_346711,#METAL C-STUD
https://example.org/ontology/instance/Element_783928,D1-METAL C-STUD,https://example.org/ontology/instance/Material_346711,#METAL C-STUD
https://example.org/ontology/instance/Element_783929,D1-METAL C-STUD,https://example.org/ontology/instance/Material_346711,#METAL C-STUD
https://example.org/ontology/instance/Element_783932,D1-METAL C-STUD,https://example.org/ontology/instance/Material_346711,#METAL C-STUD
https://example.org/ontology/instance/Element_783936,D1-METAL C-STUD,https://example.org/ontology/instance/Material_346711,#METAL C-STUD
https://example.org/ontology/instance/Element_783937,D1-METAL C-STUD,https://example.org/ontology/instance/Material_346711,#METAL C-STUD
https://example.org/ontology/instance/Element_786375,D1-METAL C-STUD,https://example.org/ontology/instance/Material_346711,#METAL C-STUD
https://example.org/ontology/instance/Element_786376,D1-METAL C-STUD,https://example.org/ontology/instance/Material_346711,#METAL C-STUD
https://example.org/ontology/instance/Element_786377,D1-METAL C-STUD,https://example.org/ontology/instance/Material_346711,#METAL C-STUD
https://example.org/ontology/instance/Element_786381,D1-METAL C-STUD,https://example.org/ontology/instance/Material_346711,#METAL C-STUD
https://example.org/ontology/instance/Element_786382,D1-METAL C-STUD,https://example.org/ontology/instance/Material_346711,#METAL C-STUD
https://example.org/ontology/instance/Element_786385,D1-METAL C-STUD,https://example.org/ontology/instance/Material_346711,#METAL C-STUD
https://example.org/ontology/instance/Element_786389,D1-METAL C-STUD,https://example.org/ontology/instance/Material_346711,#METAL C-STUD
https://example.org/ontology/instance/Element_786390,D1-METAL C-STUD,https://example.org/ontology/instance/Material_346711,#METAL C-STUD
https://example.org/ontology/instance/Element_786934,D1-METAL C-STUD,https://example.org/ontology/instance/Material_346711,#METAL C-STUD
https://example.org/ontology/instance/Element_786935,D1-METAL C-STUD,https://example.org/ontology/instance/Material_346711,#METAL C-STUD
https://example.org/ontology/instance/Element_786936,D1-METAL C-STUD,https://example.org/ontology/instance/Material_346711,#METAL C-STUD
https://example.org/ontology/instance/Element_786940,D1-METAL C-STUD,https://example.org/ontology/instance/Material_346711,#METAL C-STUD
https://example.org/ontology/instance/Element_786941,D1-METAL C-STUD,https://example.org/ontology/instance/Material_346711,#METAL C-STUD
https://example.org/ontology/instance/Element_786944,D1-METAL C-STUD,https://example.org/ontology/instance/Material_346711,#METAL C-STUD
https://example.org/ontology/instance/Element_786948,D1-METAL C-STUD,https://example.org/ontology/instance/Material_346711,#METAL C-STUD
https://example.org/ontology/instance/Element_786949,D1-METAL C-STUD,https://example.org/ontology/instance/Material_346711,#METAL C-STUD
https://example.org/ontology/instance/Element_787509,D1-METAL C-STUD,https://example.org/ontology/instance/Material_346711,#METAL C-STUD
https://example.org/ontology/instance/Element_787510,D1-METAL C-STUD,https://example.org/ontology/instance/Material_346711,#METAL C-STUD
https://example.org/ontology/instance/Element_787511,D1-METAL C-STUD,https://example.org/ontology/instance/Material_346711,#METAL C-STUD
https://example.org/ontology/instance/Element_787515,D1-METAL C-STUD,https://example.org/ontology/instance/Material_346711,#METAL C-STUD
https://example.org/ontology/instance/Element_787516,D1-METAL C-STUD,https://example.org/ontology/instance/Material_346711,#METAL C-STUD
https://example.org/ontology/instance/Element_787519,D1-METAL C-STUD,https://example.org/ontology/instance/Material_346711,#METAL C-STUD
https://example.org/ontology/instance/Element_787523,D1-METAL C-STUD,https://example.org/ontology/instance/Material_346711,#METAL C-STUD
https://example.org/ontology/instance/Element_787524,D1-METAL C-STUD,https://example.org/ontology/instance/Material_346711,#METAL C-STUD
https://example.org/ontology/instance/Element_788042,D1-METAL C-STUD,https://example.org/ontology/instance/Material_346711,#METAL C-STUD
https://example.org/ontology/instance/Element_788043,D1-METAL C-STUD,https://example.org/ontology/instance/Material_346711,#METAL C-STUD
https://example.org/ontology/instance/Element_788044,D1-METAL C-STUD,https://example.org/ontology/instance/Material_346711,#METAL C-STUD
https://example.org/ontology/instance/Element_788048,D1-METAL C-STUD,https://example.org/ontology/instance/Material_346711,#METAL C-STUD
https://example.org/ontology/instance/Element_788049,D1-METAL C-STUD,https://example.org/ontology/instance/Material_346711,#METAL C-STUD
https://example.org/ontology/instance/Element_788052,D1-METAL C-STUD,https://example.org/ontology/instance/Material_346711,#METAL C-STUD
https://example.org/ontology/instance/Element_788056,D1-METAL C-STUD,https://example.org/ontology/instance/Material_346711,#METAL C-STUD
https://example.org/ontology/instance/Element_788057,D1-METAL C-STUD,https://example.org/ontology/instance/Material_346711,#METAL C-STUD
https://example.org/ontology/instance/Element_789601,D1-METAL C-STUD,https://example.org/ontology/instance/Material_346711,#METAL C-STUD
https://example.org/ontology/instance/Element_791000,D1-METAL C-STUD,https://example.org/ontology/instance/Material_346711,#METAL C-STUD
https://example.org/ontology/instance/Element_791261,D1-METAL C-STUD,https://example.org/ontology/instance/Material_346711,#METAL C-STUD
https://example.org/ontology/instance/Element_791344,D1-METAL C-STUD,https://example.org/ontology/instance/Material_346711,#METAL C-STUD
https://example.org/ontology/instance/Element_791575,D1-METAL C-STUD,https://example.org/ontology/instance/Material_346711,#METAL C-STUD
https://example.org/ontology/instance/Element_791652,D1-METAL C-STUD,https://example.org/ontology/instance/Material_346711,#METAL C-STUD
https://example.org/ontology/instance/Element_791706,D1-METAL C-STUD,https://example.org/ontology/instance/Material_346711,#METAL C-STUD
https://example.org/ontology/instance/Element_791764,D1-METAL C-STUD,https://example.org/ontology/instance/Material_346711,#METAL C-STUD
https://example.org/ontology/instance/Element_792520,D1-METAL C-STUD,https://example.org/ontology/instance/Material_346711,#METAL C-STUD
https://example.org/ontology/instance/Element_792551,D1-METAL C-STUD,https://example.org/ontology/instance/Material_346711,#METAL C-STUD
https://example.org/ontology/instance/Element_792635,D1-METAL C-STUD,https://example.org/ontology/instance/Material_346711,#METAL C-STUD
https://example.org/ontology/instance/Element_792661,D1-METAL C-STUD,https://example.org/ontology/instance/Material_346711,#METAL C-STUD
https://example.org/ontology/instance/Element_792691,D1-METAL C-STUD,https://example.org/ontology/instance/Material_346711,#METAL C-STUD
https://example.org/ontology/instance/Element_793890,D1-METAL C-STUD,https://example.org/ontology/instance/Material_346711,#METAL C-STUD
https://example.org/ontology/instance/Element_793957,D1-METAL C-STUD,https://example.org/ontology/instance/Material_346711,#METAL C-STUD
https://example.org/ontology/instance/Element_794415,D1-METAL C-STUD,https://example.org/ontology/instance/Material_346711,#METAL C-STUD
https://example.org/ontology/instance/Element_794446,D1-METAL C-STUD,https://example.org/ontology/instance/Material_346711,#METAL C-STUD
https://example.org/ontology/instance/Element_794560,D1-METAL C-STUD,https://example.org/ontology/instance/Material_346711,#METAL C-STUD
https://example.org/ontology/instance/Element_794630,D1-METAL C-STUD,https://example.org/ontology/instance/Material_346711,#METAL C-STUD
https://example.org/ontology/instance/Element_794664,D1-METAL C-STUD,https://example.org/ontology/instance/Material_346711,#METAL C-STUD
https://example.org/ontology/instance/Element_794683,D1-METAL C-STUD,https://example.org/ontology/instance/Material_346711,#METAL C-STUD
https://example.org/ontology/instance/Element_795552,D1-METAL C-STUD,https://example.org/ontology/instance/Material_346711,#METAL C-STUD
https://example.org/ontology/instance/Element_795589,D1-METAL C-STUD,https://example.org/ontology/instance/Material_346711,#METAL C-STUD
https://example.org/ontology/instance/Element_795678,D1-METAL C-STUD,https://example.org/ontology/instance/Material_346711,#METAL C-STUD
https://example.org/ontology/instance/Element_795701,D1-METAL C-STUD,https://example.org/ontology/instance/Material_346711,#METAL C-STUD
https://example.org/ontology/instance/Element_796744,D1-METAL C-STUD,https://example.org/ontology/instance/Material_346711,#METAL C-STUD
https://example.org/ontology/instance/Element_796905,D1-METAL C-STUD,https://example.org/ontology/instance/Material_346711,#METAL C-STUD
https://example.org/ontology/instance/Element_799962,D1-METAL C-STUD,https://example.org/ontology/instance/Material_346711,#METAL C-STUD
https://example.org/ontology/instance/Element_800894,D1-METAL C-STUD,https://example.org/ontology/instance/Material_346711,#METAL C-STUD
https://example.org/ontology/instance/Element_800915,D1-METAL C-STUD,https://example.org/ontology/instance/Material_346711,#METAL C-STUD
https://example.org/ontology/instance/Element_801253,D1-METAL C-STUD,https://example.org/ontology/instance/Material_346711,#METAL C-STUD
https://example.org/ontology/instance/Element_801269,D1-METAL C-STUD,https://example.org/ontology/instance/Material_346711,#METAL C-STUD
https://example.org/ontology/instance/Element_801333,D1-METAL C-STUD,https://example.org/ontology/instance/Material_346711,#METAL C-STUD
https://example.org/ontology/instance/Element_805824,D1-METAL C-STUD,https://example.org/ontology/instance/Material_346711,#METAL C-STUD
https://example.org/ontology/instance/Element_807395,D1-METAL C-STUD,https://example.org/ontology/instance/Material_346711,#METAL C-STUD
https://example.org/ontology/instance/Element_807499,D1-METAL C-STUD,https://example.org/ontology/instance/Material_346711,#METAL C-STUD
https://example.org/ontology/instance/Element_825792,D1-METAL C-STUD,https://example.org/ontology/instance/Material_346711,#METAL C-STUD
https://example.org/ontology/instance/Element_827351,D1-METAL C-STUD,https://example.org/ontology/instance/Material_346711,#METAL C-STUD
https://example.org/ontology/instance/Element_827379,D1-METAL C-STUD,https://example.org/ontology/instance/Material_346711,#METAL C-STUD
https://example.org/ontology/instance/Element_828395,D1-METAL C-STUD,https://example.org/ontology/instance/Material_346711,#METAL C-STUD
https://example.org/ontology/instance/Element_828913,D1-METAL C-STUD,https://example.org/ontology/instance/Material_346711,#METAL C-STUD
https://example.org/ontology/instance/Element_828914,D1-METAL C-STUD,https://example.org/ontology/instance/Material_346711,#METAL C-STUD
https://example.org/ontology/instance/Element_828915,D1-METAL C-STUD,https://example.org/ontology/instance/Material_346711,#METAL C-STUD
https://example.org/ontology/instance/Element_828983,D1-METAL C-STUD,https://example.org/ontology/instance/Material_346711,#METAL C-STUD
https://example.org/ontology/instance/Element_828985,D1-METAL C-STUD,https://example.org/ontology/instance/Material_346711,#METAL C-STUD
https://example.org/ontology/instance/Element_828991,D1-METAL C-STUD,https://example.org/ontology/instance/Material_346711,#METAL C-STUD
https://example.org/ontology/instance/Element_829100,D1-METAL C-STUD,https://example.org/ontology/instance/Material_346711,#METAL C-STUD
https://example.org/ontology/instance/Element_829102,D1-METAL C-STUD,https://example.org/ontology/instance/Material_346711,#METAL C-STUD
https://example.org/ontology/instance/Element_829108,D1-METAL C-STUD,https://example.org/ontology/instance/Material_346711,#METAL C-STUD
https://example.org/ontology/instance/Element_829132,D1-METAL C-STUD,https://example.org/ontology/instance/Material_346711,#METAL C-STUD
https://example.org/ontology/instance/Element_829134,D1-METAL C-STUD,https://example.org/ontology/instance/Material_346711,#METAL C-STUD
https://example.org/ontology/instance/Element_829140,D1-METAL C-STUD,https://example.org/ontology/instance/Material_346711,#METAL C-STUD
https://example.org/ontology/instance/Element_829155,D1-METAL C-STUD,https://example.org/ontology/instance/Material_346711,#METAL C-STUD
https://example.org/ontology/instance/Element_829157,D1-METAL C-STUD,https://example.org/ontology/instance/Material_346711,#METAL C-STUD
https://example.org/ontology/instance/Element_829163,D1-METAL C-STUD,https://example.org/ontology/instance/Material_346711,#METAL C-STUD
https://example.org/ontology/instance/Element_829178,D1-METAL C-STUD,https://example.org/ontology/instance/Material_346711,#METAL C-STUD
https://example.org/ontology/instance/Element_829179,D1-METAL C-STUD,https://example.org/ontology/instance/Material_346711,#METAL C-STUD
https://example.org/ontology/instance/Element_829180,D1-METAL C-STUD,https://example.org/ontology/instance/Material_346711,#METAL C-STUD
https://example.org/ontology/instance/Element_829315,D1-METAL C-STUD,https://example.org/ontology/instance/Material_346711,#METAL C-STUD
https://example.org/ontology/instance/Element_829317,D1-METAL C-STUD,https://example.org/ontology/instance/Material_346711,#METAL C-STUD
https://example.org/ontology/instance/Element_829318,D1-METAL C-STUD,https://example.org/ontology/instance/Material_346711,#METAL C-STUD
https://example.org/ontology/instance/Element_829323,D1-METAL C-STUD,https://example.org/ontology/instance/Material_346711,#METAL C-STUD
https://example.org/ontology/instance/Element_834321,D1-METAL C-STUD,https://example.org/ontology/instance/Material_346711,#METAL C-STUD
https://example.org/ontology/instance/Element_834322,D1-METAL C-STUD,https://example.org/ontology/instance/Material_346711,#METAL C-STUD
https://example.org/ontology/instance/Element_834323,D1-METAL C-STUD,https://example.org/ontology/instance/Material_346711,#METAL C-STUD
https://example.org/ontology/instance/Element_834327,D1-METAL C-STUD,https://example.org/ontology/instance/Material_346711,#METAL C-STUD
https://example.org/ontology/instance/Element_834328,D1-METAL C-STUD,https://example.org/ontology/instance/Material_346711,#METAL C-STUD
https://example.org/ontology/instance/Element_834331,D1-METAL C-STUD,https://example.org/ontology/instance/Material_346711,#METAL C-STUD
https://example.org/ontology/instance/Element_834335,D1-METAL C-STUD,https://example.org/ontology/instance/Material_346711,#METAL C-STUD
https://example.org/ontology/instance/Element_834336,D1-METAL C-STUD,https://example.org/ontology/instance/Material_346711,#METAL C-STUD
https://example.org/ontology/instance/Element_834783,D1-METAL C-STUD,https://example.org/ontology/instance/Material_346711,#METAL C-STUD
https://example.org/ontology/instance/Element_834810,D1-METAL C-STUD,https://example.org/ontology/instance/Material_346711,#METAL C-STUD
https://example.org/ontology/instance/Element_834812,D1-METAL C-STUD,https://example.org/ontology/instance/Material_346711,#METAL C-STUD
https://example.org/ontology/instance/Element_834813,D1-METAL C-STUD,https://example.org/ontology/instance/Material_346711,#METAL C-STUD
https://example.org/ontology/instance/Element_834818,D1-METAL C-STUD,https://example.org/ontology/instance/Material_346711,#METAL C-STUD
https://example.org/ontology/instance/Element_835539,D1-METAL C-STUD,https://example.org/ontology/instance/Material_346711,#METAL C-STUD
https://example.org/ontology/instance/Element_835540,D1-METAL C-STUD,https://example.org/ontology/instance/Material_346711,#METAL C-STUD
https://example.org/ontology/instance/Element_835541,D1-METAL C-STUD,https://example.org/ontology/instance/Material_346711,#METAL C-STUD
https://example.org/ontology/instance/Element_835545,D1-METAL C-STUD,https://example.org/ontology/instance/Material_346711,#METAL C-STUD
https://example.org/ontology/instance/Element_835546,D1-METAL C-STUD,https://example.org/ontology/instance/Material_346711,#METAL C-STUD
https://example.org/ontology/instance/Element_835549,D1-METAL C-STUD,https://example.org/ontology/instance/Material_346711,#METAL C-STUD
https://example.org/ontology/instance/Element_835553,D1-METAL C-STUD,https://example.org/ontology/instance/Material_346711,#METAL C-STUD
https://example.org/ontology/instance/Element_835554,D1-METAL C-STUD,https://example.org/ontology/instance/Material_346711,#METAL C-STUD
https://example.org/ontology/instance/Element_835970,D1-METAL C-STUD,https://example.org/ontology/instance/Material_346711,#METAL C-STUD
https://example.org/ontology/instance/Element_835972,D1-METAL C-STUD,https://example.org/ontology/instance/Material_346711,#METAL C-STUD
https://example.org/ontology/instance/Element_835978,D1-METAL C-STUD,https://example.org/ontology/instance/Material_346711,#METAL C-STUD
https://example.org/ontology/instance/Element_836133,D1-METAL C-STUD,https://example.org/ontology/instance/Material_346711,#METAL C-STUD
https://example.org/ontology/instance/Element_836134,D1-METAL C-STUD,https://example.org/ontology/instance/Material_346711,#METAL C-STUD
https://example.org/ontology/instance/Element_836135,D1-METAL C-STUD,https://example.org/ontology/instance/Material_346711,#METAL C-STUD
https://example.org/ontology/instance/Element_836139,D1-METAL C-STUD,https://example.org/ontology/instance/Material_346711,#METAL C-STUD
https://example.org/ontology/instance/Element_836140,D1-METAL C-STUD,https://example.org/ontology/instance/Material_346711,#METAL C-STUD
https://example.org/ontology/instance/Element_836143,D1-METAL C-STUD,https://example.org/ontology/instance/Material_346711,#METAL C-STUD
https://example.org/ontology/instance/Element_836147,D1-METAL C-STUD,https://example.org/ontology/instance/Material_346711,#METAL C-STUD
https://example.org/ontology/instance/Element_836148,D1-METAL C-STUD,https://example.org/ontology/instance/Material_346711,#METAL C-STUD
https://example.org/ontology/instance/Element_836567,D1-METAL C-STUD,https://example.org/ontology/instance/Material_346711,#METAL C-STUD
https://example.org/ontology/instance/Element_836569,D1-METAL C-STUD,https://example.org/ontology/instance/Material_346711,#METAL C-STUD
https://example.org/ontology/instance/Element_836575,D1-METAL C-STUD,https://example.org/ontology/instance/Material_346711,#METAL C-STUD
https://example.org/ontology/instance/Element_836747,D1-METAL C-STUD,https://example.org/ontology/instance/Material_346711,#METAL C-STUD
https://example.org/ontology/instance/Element_836748,D1-METAL C-STUD,https://example.org/ontology/instance/Material_346711,#METAL C-STUD
https://example.org/ontology/instance/Element_836749,D1-METAL C-STUD,https://example.org/ontology/instance/Material_346711,#METAL C-STUD
https://example.org/ontology/instance/Element_836753,D1-METAL C-STUD,https://example.org/ontology/instance/Material_346711,#METAL C-STUD
https://example.org/ontology/instance/Element_836754,D1-METAL C-STUD,https://example.org/ontology/instance/Material_346711,#METAL C-STUD
https://example.org/ontology/instance/Element_836757,D1-METAL C-STUD,https://example.org/ontology/instance/Material_346711,#METAL C-STUD
https://example.org/ontology/instance/Element_836761,D1-METAL C-STUD,https://example.org/ontology/instance/Material_346711,#METAL C-STUD
https://example.org/ontology/instance/Element_836762,D1-METAL C-STUD,https://example.org/ontology/instance/Material_346711,#METAL C-STUD
https://example.org/ontology/instance/Element_837119,D1-METAL C-STUD,https://example.org/ontology/instance/Material_346711,#METAL C-STUD
https://example.org/ontology/instance/Element_837121,D1-METAL C-STUD,https://example.org/ontology/instance/Material_346711,#METAL C-STUD
https://example.org/ontology/instance/Element_837127,D1-METAL C-STUD,https://example.org/ontology/instance/Material_346711,#METAL C-STUD
https://example.org/ontology/instance/Element_837297,D1-METAL C-STUD,https://example.org/ontology/instance/Material_346711,#METAL C-STUD
https://example.org/ontology/instance/Element_837298,D1-METAL C-STUD,https://example.org/ontology/instance/Material_346711,#METAL C-STUD
https://example.org/ontology/instance/Element_837299,D1-METAL C-STUD,https://example.org/ontology/instance/Material_346711,#METAL C-STUD
https://example.org/ontology/instance/Element_837303,D1-METAL C-STUD,https://example.org/ontology/instance/Material_346711,#METAL C-STUD
https://example.org/ontology/instance/Element_837304,D1-METAL C-STUD,https://example.org/ontology/instance/Material_346711,#METAL C-STUD
https://example.org/ontology/instance/Element_837307,D1-METAL C-STUD,https://example.org/ontology/instance/Material_346711,#METAL C-STUD
https://example.org/ontology/instance/Element_837311,D1-METAL C-STUD,https://example.org/ontology/instance/Material_346711,#METAL C-STUD
https://example.org/ontology/instance/Element_837312,D1-METAL C-STUD,https://example.org/ontology/instance/Material_346711,#METAL C-STUD
https://example.org/ontology/instance/Element_837668,D1-METAL C-STUD,https://example.org/ontology/instance/Material_346711,#METAL C-STUD
https://example.org/ontology/instance/Element_837670,D1-METAL C-STUD,https://example.org/ontology/instance/Material_346711,#METAL C-STUD
https://example.org/ontology/instance/Element_837676,D1-METAL C-STUD,https://example.org/ontology/instance/Material_346711,#METAL C-STUD
https://example.org/ontology/instance/Element_837838,D1-METAL C-STUD,https://example.org/ontology/instance/Material_346711,#METAL C-STUD
https://example.org/ontology/instance/Element_837839,D1-METAL C-STUD,https://example.org/ontology/instance/Material_346711,#METAL C-STUD
https://example.org/ontology/instance/Element_837840,D1-METAL C-STUD,https://example.org/ontology/instance/Material_346711,#METAL C-STUD
https://example.org/ontology/instance/Element_837844,D1-METAL C-STUD,https://example.org/ontology/instance/Material_346711,#METAL C-STUD
https://example.org/ontology/instance/Element_837845,D1-METAL C-STUD,https://example.org/ontology/instance/Material_346711,#METAL C-STUD
https://example.org/ontology/instance/Element_837848,D1-METAL C-STUD,https://example.org/ontology/instance/Material_346711,#METAL C-STUD
https://example.org/ontology/instance/Element_837852,D1-METAL C-STUD,https://example.org/ontology/instance/Material_346711,#METAL C-STUD
https://example.org/ontology/instance/Element_837853,D1-METAL C-STUD,https://example.org/ontology/instance/Material_346711,#METAL C-STUD
https://example.org/ontology/instance/Element_838209,D1-METAL C-STUD,https://example.org/ontology/instance/Material_346711,#METAL C-STUD
https://example.org/ontology/instance/Element_838211,D1-METAL C-STUD,https://example.org/ontology/instance/Material_346711,#METAL C-STUD
https://example.org/ontology/instance/Element_838217,D1-METAL C-STUD,https://example.org/ontology/instance/Material_346711,#METAL C-STUD
https://example.org/ontology/instance/Element_838420,D1-METAL C-STUD,https://example.org/ontology/instance/Material_346711,#METAL C-STUD
https://example.org/ontology/instance/Element_838421,D1-METAL C-STUD,https://example.org/ontology/instance/Material_346711,#METAL C-STUD
https://example.org/ontology/instance/Element_838422,D1-METAL C-STUD,https://example.org/ontology/instance/Material_346711,#METAL C-STUD
https://example.org/ontology/instance/Element_838426,D1-METAL C-STUD,https://example.org/ontology/instance/Material_346711,#METAL C-STUD
https://example.org/ontology/instance/Element_838427,D1-METAL C-STUD,https://example.org/ontology/instance/Material_346711,#METAL C-STUD
https://example.org/ontology/instance/Element_838430,D1-METAL C-STUD,https://example.org/ontology/instance/Material_346711,#METAL C-STUD
https://example.org/ontology/instance/Element_838434,D1-METAL C-STUD,https://example.org/ontology/instance/Material_346711,#METAL C-STUD
https://example.org/ontology/instance/Element_838435,D1-METAL C-STUD,https://example.org/ontology/instance/Material_346711,#METAL C-STUD
https://example.org/ontology/instance/Element_838791,D1-METAL C-STUD,https://example.org/ontology/instance/Material_346711,#METAL C-STUD
https://example.org/ontology/instance/Element_838793,D1-METAL C-STUD,https://example.org/ontology/instance/Material_346711,#METAL C-STUD
https://example.org/ontology/instance/Element_838799,D1-METAL C-STUD,https://example.org/ontology/instance/Material_346711,#METAL C-STUD
https://example.org/ontology/instance/Element_839003,D1-METAL C-STUD,https://example.org/ontology/instance/Material_346711,#METAL C-STUD
https://example.org/ontology/instance/Element_839004,D1-METAL C-STUD,https://example.org/ontology/instance/Material_346711,#METAL C-STUD
https://example.org/ontology/instance/Element_839005,D1-METAL C-STUD,https://example.org/ontology/instance/Material_346711,#METAL C-STUD
https://example.org/ontology/instance/Element_839009,D1-METAL C-STUD,https://example.org/ontology/instance/Material_346711,#METAL C-STUD
https://example.org/ontology/instance/Element_839010,D1-METAL C-STUD,https://example.org/ontology/instance/Material_346711,#METAL C-STUD
https://example.org/ontology/instance/Element_839013,D1-METAL C-STUD,https://example.org/ontology/instance/Material_346711,#METAL C-STUD
https://example.org/ontology/instance/Element_839017,D1-METAL C-STUD,https://example.org/ontology/instance/Material_346711,#METAL C-STUD
https://example.org/ontology/instance/Element_839018,D1-METAL C-STUD,https://example.org/ontology/instance/Material_346711,#METAL C-STUD
https://example.org/ontology/instance/Element_839375,D1-METAL C-STUD,https://example.org/ontology/instance/Material_346711,#METAL C-STUD
https://example.org/ontology/instance/Element_839377,D1-METAL C-STUD,https://example.org/ontology/instance/Material_346711,#METAL C-STUD
https://example.org/ontology/instance/Element_839383,D1-METAL C-STUD,https://example.org/ontology/instance/Material_346711,#METAL C-STUD
https://example.org/ontology/instance/Element_839534,D1-METAL C-STUD,https://example.org/ontology/instance/Material_346711,#METAL C-STUD
https://example.org/ontology/instance/Element_839535,D1-METAL C-STUD,https://example.org/ontology/instance/Material_346711,#METAL C-STUD
https://example.org/ontology/instance/Element_839536,D1-METAL C-STUD,https://example.org/ontology/instance/Material_346711,#METAL C-STUD
https://example.org/ontology/instance/Element_839540,D1-METAL C-STUD,https://example.org/ontology/instance/Material_346711,#METAL C-STUD
https://example.org/ontology/instance/Element_839541,D1-METAL C-STUD,https://example.org/ontology/instance/Material_346711,#METAL C-STUD
https://example.org/ontology/instance/Element_839544,D1-METAL C-STUD,https://example.org/ontology/instance/Material_346711,#METAL C-STUD
https://example.org/ontology/instance/Element_839548,D1-METAL C-STUD,https://example.org/ontology/instance/Material_346711,#METAL C-STUD
https://example.org/ontology/instance/Element_839549,D1-METAL C-STUD,https://example.org/ontology/instance/Material_346711,#METAL C-STUD
https://example.org/ontology/instance/Element_839906,D1-METAL C-STUD,https://example.org/ontology/instance/Material_346711,#METAL C-STUD
https://example.org/ontology/instance/Element_839908,D1-METAL C-STUD,https://example.org/ontology/instance/Material_346711,#METAL C-STUD
https://example.org/ontology/instance/Element_839914,D1-METAL C-STUD,https://example.org/ontology/instance/Material_346711,#METAL C-STUD
https://example.org/ontology/instance/Element_840132,D1-METAL C-STUD,https://example.org/ontology/instance/Material_346711,#METAL C-STUD
https://example.org/ontology/instance/Element_840133,D1-METAL C-STUD,https://example.org/ontology/instance/Material_346711,#METAL C-STUD
https://example.org/ontology/instance/Element_840134,D1-METAL C-STUD,https://example.org/ontology/instance/Material_346711,#METAL C-STUD
https://example.org/ontology/instance/Element_840138,D1-METAL C-STUD,https://example.org/ontology/instance/Material_346711,#METAL C-STUD
https://example.org/ontology/instance/Element_840139,D1-METAL C-STUD,https://example.org/ontology/instance/Material_346711,#METAL C-STUD
https://example.org/ontology/instance/Element_840142,D1-METAL C-STUD,https://example.org/ontology/instance/Material_346711,#METAL C-STUD
https://example.org/ontology/instance/Element_840146,D1-METAL C-STUD,https://example.org/ontology/instance/Material_346711,#METAL C-STUD
https://example.org/ontology/instance/Element_840147,D1-METAL C-STUD,https://example.org/ontology/instance/Material_346711,#METAL C-STUD
https://example.org/ontology/instance/Element_840503,D1-METAL C-STUD,https://example.org/ontology/instance/Material_346711,#METAL C-STUD
https://example.org/ontology/instance/Element_840504,D1-METAL C-STUD,https://example.org/ontology/instance/Material_346711,#METAL C-STUD
https://example.org/ontology/instance/Element_840506,D1-METAL C-STUD,https://example.org/ontology/instance/Material_346711,#METAL C-STUD
https://example.org/ontology/instance/Element_840512,D1-METAL C-STUD,https://example.org/ontology/instance/Material_346711,#METAL C-STUD
https://example.org/ontology/instance/Element_844922,D1-METAL C-STUD,https://example.org/ontology/instance/Material_346711,#METAL C-STUD
https://example.org/ontology/instance/Element_847366,D1-METAL C-STUD,https://example.org/ontology/instance/Material_346711,#METAL C-STUD
https://example.org/ontology/instance/Element_847368,D1-METAL C-STUD,https://example.org/ontology/instance/Material_346711,#METAL C-STUD
https://example.org/ontology/instance/Element_847374,D1-METAL C-STUD,https://example.org/ontology/instance/Material_346711,#METAL C-STUD
https://example.org/ontology/instance/Element_900048,D1-METAL C-STUD,https://example.org/ontology/instance/Material_346711,#METAL C-STUD
https://example.org/ontology/instance/Element_914068,D1-METAL C-STUD,https://example.org/ontology/instance/Material_346711,#METAL C-STUD
https://example.org/ontology/instance/Element_981784,D1-METAL C-STUD,https://example.org/ontology/instance/Material_346711,#METAL C-STUD
https://example.org/ontology/instance/Element_981936,D1-METAL C-STUD,https://example.org/ontology/instance/Material_346711,#METAL C-STUD
https://example.org/ontology/instance/Element_1196442,D1-METAL C-STUD,https://example.org/ontology/instance/Material_346711,#METAL C-STUD
https://example.org/ontology/instance/Element_1734159,D1-METAL C-STUD,https://example.org/ontology/instance/Material_346711,#METAL C-STUD
https://example.org/ontology/instance/Element_2111166,D1-METAL C-STUD,https://example.org/ontology/instance/Material_346711,#METAL C-STUD
https://example.org/ontology/instance/Element_2074246,D1-일반석고보드,https://example.org/ontology/instance/Material_346717,#일반석고보드
https://example.org/ontology/instance/Element_2074247,D1-일반석고보드,https://example.org/ontology/instance/Material_346717,#일반석고보드
https://example.org/ontology/instance/Element_2074272,D1-일반석고보드,https://example.org/ontology/instance/Material_346717,#일반석고보드
https://example.org/ontology/instance/Element_2074273,D1-일반석고보드,https://example.org/ontology/instance/Material_346717,#일반석고보드
https://example.org/ontology/instance/Element_2074274,D1-일반석고보드,https://example.org/ontology/instance/Material_346717,#일반석고보드
https://example.org/ontology/instance/Element_2074275,D1-일반석고보드,https://example.org/ontology/instance/Material_346717,#일반석고보드
https://example.org/ontology/instance/Element_2074373,D1-일반석고보드,https://example.org/ontology/instance/Material_346717,#일반석고보드
https://example.org/ontology/instance/Element_2074374,D1-일반석고보드,https://example.org/ontology/instance/Material_346717,#일반석고보드
https://example.org/ontology/instance/Element_2074375,D1-일반석고보드,https://example.org/ontology/instance/Material_346717,#일반석고보드
https://example.org/ontology/instance/Element_2074376,D1-일반석고보드,https://example.org/ontology/instance/Material_346717,#일반석고보드
https://example.org/ontology/instance/Element_2074416,D1-일반석고보드,https://example.org/ontology/instance/Material_346717,#일반석고보드
https://example.org/ontology/instance/Element_2074417,D1-일반석고보드,https://example.org/ontology/instance/Material_346717,#일반석고보드
https://example.org/ontology/instance/Element_2074439,D1-일반석고보드,https://example.org/ontology/instance/Material_346717,#일반석고보드
https://example.org/ontology/instance/Element_2074440,D1-일반석고보드,https://example.org/ontology/instance/Material_346717,#일반석고보드
https://example.org/ontology/instance/Element_2074441,D1-일반석고보드,https://example.org/ontology/instance/Material_346717,#일반석고보드
https://example.org/ontology/instance/Element_2074442,D1-일반석고보드,https://example.org/ontology/instance/Material_346717,#일반석고보드
https://example.org/ontology/instance/Element_2074667,D1-일반석고보드,https://example.org/ontology/instance/Material_346717,#일반석고보드
https://example.org/ontology/instance/Element_2074668,D1-일반석고보드,https://example.org/ontology/instance/Material_346717,#일반석고보드
https://example.org/ontology/instance/Element_2074685,D1-일반석고보드,https://example.org/ontology/instance/Material_346717,#일반석고보드
https://example.org/ontology/instance/Element_2074686,D1-일반석고보드,https://example.org/ontology/instance/Material_346717,#일반석고보드
https://example.org/ontology/instance/Element_2076809,D1-일반석고보드,https://example.org/ontology/instance/Material_346717,#일반석고보드
https://example.org/ontology/instance/Element_2076810,D1-일반석고보드,https://example.org/ontology/instance/Material_346717,#일반석고보드
https://example.org/ontology/instance/Element_2076813,D1-일반석고보드,https://example.org/ontology/instance/Material_346717,#일반석고보드
https://example.org/ontology/instance/Element_2076814,D1-일반석고보드,https://example.org/ontology/instance/Material_346717,#일반석고보드
https://example.org/ontology/instance/Element_2076815,D1-일반석고보드,https://example.org/ontology/instance/Material_346717,#일반석고보드
https://example.org/ontology/instance/Element_2076816,D1-일반석고보드,https://example.org/ontology/instance/Material_346717,#일반석고보드
https://example.org/ontology/instance/Element_2076829,D1-일반석고보드,https://example.org/ontology/instance/Material_346717,#일반석고보드
https://example.org/ontology/instance/Element_2076830,D1-일반석고보드,https://example.org/ontology/instance/Material_346717,#일반석고보드
https://example.org/ontology/instance/Element_2076831,D1-일반석고보드,https://example.org/ontology/instance/Material_346717,#일반석고보드
https://example.org/ontology/instance/Element_2076832,D1-일반석고보드,https://example.org/ontology/instance/Material_346717,#일반석고보드
https://example.org/ontology/instance/Element_2076836,D1-일반석고보드,https://example.org/ontology/instance/Material_346717,#일반석고보드
https://example.org/ontology/instance/Element_2076837,D1-일반석고보드,https://example.org/ontology/instance/Material_346717,#일반석고보드
https://example.org/ontology/instance/Element_2076847,D1-일반석고보드,https://example.org/ontology/instance/Material_346717,#일반석고보드
https://example.org/ontology/instance/Element_2076848,D1-일반석고보드,https://example.org/ontology/instance/Material_346717,#일반석고보드
https://example.org/ontology/instance/Element_2076849,D1-일반석고보드,https://example.org/ontology/instance/Material_346717,#일반석고보드
https://example.org/ontology/instance/Element_2076850,D1-일반석고보드,https://example.org/ontology/instance/Material_346717,#일반석고보드
https://example.org/ontology/instance/Element_2076955,D1-일반석고보드,https://example.org/ontology/instance/Material_346717,#일반석고보드
https://example.org/ontology/instance/Element_2076956,D1-일반석고보드,https://example.org/ontology/instance/Material_346717,#일반석고보드
https://example.org/ontology/instance/Element_2076957,D1-일반석고보드,https://example.org/ontology/instance/Material_346717,#일반석고보드
https://example.org/ontology/instance/Element_2076958,D1-일반석고보드,https://example.org/ontology/instance/Material_346717,#일반석고보드
https://example.org/ontology/instance/Element_2076960,D1-일반석고보드,https://example.org/ontology/instance/Material_346717,#일반석고보드
https://example.org/ontology/instance/Element_2076961,D1-일반석고보드,https://example.org/ontology/instance/Material_346717,#일반석고보드
https://example.org/ontology/instance/Element_2081252,D1-일반석고보드,https://example.org/ontology/instance/Material_346717,#일반석고보드
https://example.org/ontology/instance/Element_2081253,D1-일반석고보드,https://example.org/ontology/instance/Material_346717,#일반석고보드
https://example.org/ontology/instance/Element_2081255,D1-일반석고보드,https://example.org/ontology/instance/Material_346717,#일반석고보드
https://example.org/ontology/instance/Element_2081256,D1-일반석고보드,https://example.org/ontology/instance/Material_346717,#일반석고보드
https://example.org/ontology/instance/Element_2081257,D1-일반석고보드,https://example.org/ontology/instance/Material_346717,#일반석고보드
https://example.org/ontology/instance/Element_2081258,D1-일반석고보드,https://example.org/ontology/instance/Material_346717,#일반석고보드
https://example.org/ontology/instance/Element_2081270,D1-일반석고보드,https://example.org/ontology/instance/Material_346717,#일반석고보드
https://example.org/ontology/instance/Element_2081271,D1-일반석고보드,https://example.org/ontology/instance/Material_346717,#일반석고보드
https://example.org/ontology/instance/Element_2081272,D1-일반석고보드,https://example.org/ontology/instance/Material_346717,#일반석고보드
https://example.org/ontology/instance/Element_2081273,D1-일반석고보드,https://example.org/ontology/instance/Material_346717,#일반석고보드
https://example.org/ontology/instance/Element_2081276,D1-일반석고보드,https://example.org/ontology/instance/Material_346717,#일반석고보드
https://example.org/ontology/instance/Element_2081277,D1-일반석고보드,https://example.org/ontology/instance/Material_346717,#일반석고보드
https://example.org/ontology/instance/Element_2081286,D1-일반석고보드,https://example.org/ontology/instance/Material_346717,#일반석고보드
https://example.org/ontology/instance/Element_2081287,D1-일반석고보드,https://example.org/ontology/instance/Material_346717,#일반석고보드
https://example.org/ontology/instance/Element_2081288,D1-일반석고보드,https://example.org/ontology/instance/Material_346717,#일반석고보드
https://example.org/ontology/instance/Element_2081289,D1-일반석고보드,https://example.org/ontology/instance/Material_346717,#일반석고보드
https://example.org/ontology/instance/Element_2081291,D1-일반석고보드,https://example.org/ontology/instance/Material_346717,#일반석고보드
https://example.org/ontology/instance/Element_2081292,D1-일반석고보드,https://example.org/ontology/instance/Material_346717,#일반석고보드
https://example.org/ontology/instance/Element_2081293,D1-일반석고보드,https://example.org/ontology/instance/Material_346717,#일반석고보드
https://example.org/ontology/instance/Element_2081294,D1-일반석고보드,https://example.org/ontology/instance/Material_346717,#일반석고보드
https://example.org/ontology/instance/Element_2081296,D1-일반석고보드,https://example.org/ontology/instance/Material_346717,#일반석고보드
https://example.org/ontology/instance/Element_2081297,D1-일반석고보드,https://example.org/ontology/instance/Material_346717,#일반석고보드
https://example.org/ontology/instance/Element_2084520,D1-일반석고보드,https://example.org/ontology/instance/Material_346717,#일반석고보드
https://example.org/ontology/instance/Element_2084521,D1-일반석고보드,https://example.org/ontology/instance/Material_346717,#일반석고보드
https://example.org/ontology/instance/Element_2084522,D1-일반석고보드,https://example.org/ontology/instance/Material_346717,#일반석고보드
https://example.org/ontology/instance/Element_2084523,D1-일반석고보드,https://example.org/ontology/instance/Material_346717,#일반석고보드
https://example.org/ontology/instance/Element_2084526,D1-일반석고보드,https://example.org/ontology/instance/Material_346717,#일반석고보드
https://example.org/ontology/instance/Element_2084527,D1-일반석고보드,https://example.org/ontology/instance/Material_346717,#일반석고보드
https://example.org/ontology/instance/Element_2084528,D1-일반석고보드,https://example.org/ontology/instance/Material_346717,#일반석고보드
https://example.org/ontology/instance/Element_2084529,D1-일반석고보드,https://example.org/ontology/instance/Material_346717,#일반석고보드
https://example.org/ontology/instance/Element_2084530,D1-일반석고보드,https://example.org/ontology/instance/Material_346717,#일반석고보드
https://example.org/ontology/instance/Element_2084531,D1-일반석고보드,https://example.org/ontology/instance/Material_346717,#일반석고보드
https://example.org/ontology/instance/Element_2084573,D1-일반석고보드,https://example.org/ontology/instance/Material_346717,#일반석고보드
https://example.org/ontology/instance/Element_2084574,D1-일반석고보드,https://example.org/ontology/instance/Material_346717,#일반석고보드
https://example.org/ontology/instance/Element_2084576,D1-일반석고보드,https://example.org/ontology/instance/Material_346717,#일반석고보드
https://example.org/ontology/instance/Element_2084577,D1-일반석고보드,https://example.org/ontology/instance/Material_346717,#일반석고보드
https://example.org/ontology/instance/Element_2084578,D1-일반석고보드,https://example.org/ontology/instance/Material_346717,#일반석고보드
https://example.org/ontology/instance/Element_2084579,D1-일반석고보드,https://example.org/ontology/instance/Material_346717,#일반석고보드
https://example.org/ontology/instance/Element_2084580,D1-일반석고보드,https://example.org/ontology/instance/Material_346717,#일반석고보드
https://example.org/ontology/instance/Element_2084581,D1-일반석고보드,https://example.org/ontology/instance/Material_346717,#일반석고보드
https://example.org/ontology/instance/Element_2084582,D1-일반석고보드,https://example.org/ontology/instance/Material_346717,#일반석고보드
https://example.org/ontology/instance/Element_2084583,D1-일반석고보드,https://example.org/ontology/instance/Material_346717,#일반석고보드
https://example.org/ontology/instance/Element_2084584,D1-일반석고보드,https://example.org/ontology/instance/Material_346717,#일반석고보드
https://example.org/ontology/instance/Element_2084585,D1-일반석고보드,https://example.org/ontology/instance/Material_346717,#일반석고보드
https://example.org/ontology/instance/Element_2084586,D1-일반석고보드,https://example.org/ontology/instance/Material_346717,#일반석고보드
https://example.org/ontology/instance/Element_2084587,D1-일반석고보드,https://example.org/ontology/instance/Material_346717,#일반석고보드
https://example.org/ontology/instance/Element_2084588,D1-일반석고보드,https://example.org/ontology/instance/Material_346717,#일반석고보드
https://example.org/ontology/instance/Element_2084589,D1-일반석고보드,https://example.org/ontology/instance/Material_346717,#일반석고보드
https://example.org/ontology/instance/Element_2084591,D1-일반석고보드,https://example.org/ontology/instance/Material_346717,#일반석고보드
https://example.org/ontology/instance/Element_2084592,D1-일반석고보드,https://example.org/ontology/instance/Material_346717,#일반석고보드
https://example.org/ontology/instance/Element_2084593,D1-일반석고보드,https://example.org/ontology/instance/Material_346717,#일반석고보드
https://example.org/ontology/instance/Element_2084594,D1-일반석고보드,https://example.org/ontology/instance/Material_346717,#일반석고보드
https://example.org/ontology/instance/Element_2084630,D1-일반석고보드,https://example.org/ontology/instance/Material_346717,#일반석고보드
https://example.org/ontology/instance/Element_2084631,D1-일반석고보드,https://example.org/ontology/instance/Material_346717,#일반석고보드
https://example.org/ontology/instance/Element_2084632,D1-일반석고보드,https://example.org/ontology/instance/Material_346717,#일반석고보드
https://example.org/ontology/instance/Element_2084633,D1-일반석고보드,https://example.org/ontology/instance/Material_346717,#일반석고보드
https://example.org/ontology/instance/Element_2084634,D1-일반석고보드,https://example.org/ontology/instance/Material_346717,#일반석고보드
https://example.org/ontology/instance/Element_2084635,D1-일반석고보드,https://example.org/ontology/instance/Material_346717,#일반석고보드
https://example.org/ontology/instance/Element_2084636,D1-일반석고보드,https://example.org/ontology/instance/Material_346717,#일반석고보드
https://example.org/ontology/instance/Element_2084637,D1-일반석고보드,https://example.org/ontology/instance/Material_346717,#일반석고보드
https://example.org/ontology/instance/Element_2084638,D1-일반석고보드,https://example.org/ontology/instance/Material_346717,#일반석고보드
https://example.org/ontology/instance/Element_2084639,D1-일반석고보드,https://example.org/ontology/instance/Material_346717,#일반석고보드
https://example.org/ontology/instance/Element_2084652,D1-일반석고보드,https://example.org/ontology/instance/Material_346717,#일반석고보드
https://example.org/ontology/instance/Element_2084653,D1-일반석고보드,https://example.org/ontology/instance/Material_346717,#일반석고보드
https://example.org/ontology/instance/Element_2084654,D1-일반석고보드,https://example.org/ontology/instance/Material_346717,#일반석고보드
https://example.org/ontology/instance/Element_2084655,D1-일반석고보드,https://example.org/ontology/instance/Material_346717,#일반석고보드
https://example.org/ontology/instance/Element_2084657,D1-일반석고보드,https://example.org/ontology/instance/Material_346717,#일반석고보드
https://example.org/ontology/instance/Element_2084658,D1-일반석고보드,https://example.org/ontology/instance/Material_346717,#일반석고보드
https://example.org/ontology/instance/Element_2084801,D1-일반석고보드,https://example.org/ontology/instance/Material_346717,#일반석고보드
https://example.org/ontology/instance/Element_2084802,D1-일반석고보드,https://example.org/ontology/instance/Material_346717,#일반석고보드
https://example.org/ontology/instance/Element_2084803,D1-일반석고보드,https://example.org/ontology/instance/Material_346717,#일반석고보드
https://example.org/ontology/instance/Element_2084804,D1-일반석고보드,https://example.org/ontology/instance/Material_346717,#일반석고보드
https://example.org/ontology/instance/Element_2084812,D1-일반석고보드,https://example.org/ontology/instance/Material_346717,#일반석고보드
https://example.org/ontology/instance/Element_2084813,D1-일반석고보드,https://example.org/ontology/instance/Material_346717,#일반석고보드
https://example.org/ontology/instance/Element_2084814,D1-일반석고보드,https://example.org/ontology/instance/Material_346717,#일반석고보드
https://example.org/ontology/instance/Element_2084815,D1-일반석고보드,https://example.org/ontology/instance/Material_346717,#일반석고보드
https://example.org/ontology/instance/Element_2084816,D1-일반석고보드,https://example.org/ontology/instance/Material_346717,#일반석고보드
https://example.org/ontology/instance/Element_2084817,D1-일반석고보드,https://example.org/ontology/instance/Material_346717,#일반석고보드
https://example.org/ontology/instance/Element_2084818,D1-일반석고보드,https://example.org/ontology/instance/Material_346717,#일반석고보드
https://example.org/ontology/instance/Element_2084819,D1-일반석고보드,https://example.org/ontology/instance/Material_346717,#일반석고보드
https://example.org/ontology/instance/Element_2084821,D1-일반석고보드,https://example.org/ontology/instance/Material_346717,#일반석고보드
https://example.org/ontology/instance/Element_2084822,D1-일반석고보드,https://example.org/ontology/instance/Material_346717,#일반석고보드
https://example.org/ontology/instance/Element_2084823,D1-일반석고보드,https://example.org/ontology/instance/Material_346717,#일반석고보드
https://example.org/ontology/instance/Element_2084824,D1-일반석고보드,https://example.org/ontology/instance/Material_346717,#일반석고보드
https://example.org/ontology/instance/Element_2084833,D1-일반석고보드,https://example.org/ontology/instance/Material_346717,#일반석고보드
https://example.org/ontology/instance/Element_2084834,D1-일반석고보드,https://example.org/ontology/instance/Material_346717,#일반석고보드
https://example.org/ontology/instance/Element_2084836,D1-일반석고보드,https://example.org/ontology/instance/Material_346717,#일반석고보드
https://example.org/ontology/instance/Element_2084837,D1-일반석고보드,https://example.org/ontology/instance/Material_346717,#일반석고보드
https://example.org/ontology/instance/Element_2084838,D1-일반석고보드,https://example.org/ontology/instance/Material_346717,#일반석고보드
https://example.org/ontology/instance/Element_2084839,D1-일반석고보드,https://example.org/ontology/instance/Material_346717,#일반석고보드
https://example.org/ontology/instance/Element_2084840,D1-일반석고보드,https://example.org/ontology/instance/Material_346717,#일반석고보드
https://example.org/ontology/instance/Element_2084841,D1-일반석고보드,https://example.org/ontology/instance/Material_346717,#일반석고보드
https://example.org/ontology/instance/Element_2084851,D1-일반석고보드,https://example.org/ontology/instance/Material_346717,#일반석고보드
https://example.org/ontology/instance/Element_2084852,D1-일반석고보드,https://example.org/ontology/instance/Material_346717,#일반석고보드
https://example.org/ontology/instance/Element_2084853,D1-일반석고보드,https://example.org/ontology/instance/Material_346717,#일반석고보드
https://example.org/ontology/instance/Element_2084854,D1-일반석고보드,https://example.org/ontology/instance/Material_346717,#일반석고보드
https://example.org/ontology/instance/Element_2084856,D1-일반석고보드,https://example.org/ontology/instance/Material_346717,#일반석고보드
https://example.org/ontology/instance/Element_2084857,D1-일반석고보드,https://example.org/ontology/instance/Material_346717,#일반석고보드
https://example.org/ontology/instance/Element_2084899,D1-일반석고보드,https://example.org/ontology/instance/Material_346717,#일반석고보드
https://example.org/ontology/instance/Element_2084900,D1-일반석고보드,https://example.org/ontology/instance/Material_346717,#일반석고보드
https://example.org/ontology/instance/Element_2084902,D1-일반석고보드,https://example.org/ontology/instance/Material_346717,#일반석고보드
https://example.org/ontology/instance/Element_2084903,D1-일반석고보드,https://example.org/ontology/instance/Material_346717,#일반석고보드
https://example.org/ontology/instance/Element_2084904,D1-일반석고보드,https://example.org/ontology/instance/Material_346717,#일반석고보드
https://example.org/ontology/instance/Element_2084905,D1-일반석고보드,https://example.org/ontology/instance/Material_346717,#일반석고보드
https://example.org/ontology/instance/Element_2084920,D1-일반석고보드,https://example.org/ontology/instance/Material_346717,#일반석고보드
https://example.org/ontology/instance/Element_2084921,D1-일반석고보드,https://example.org/ontology/instance/Material_346717,#일반석고보드
https://example.org/ontology/instance/Element_2084922,D1-일반석고보드,https://example.org/ontology/instance/Material_346717,#일반석고보드
https://example.org/ontology/instance/Element_2084923,D1-일반석고보드,https://example.org/ontology/instance/Material_346717,#일반석고보드
https://example.org/ontology/instance/Element_2084926,D1-일반석고보드,https://example.org/ontology/instance/Material_346717,#일반석고보드
https://example.org/ontology/instance/Element_2084927,D1-일반석고보드,https://example.org/ontology/instance/Material_346717,#일반석고보드
https://example.org/ontology/instance/Element_2084936,D1-일반석고보드,https://example.org/ontology/instance/Material_346717,#일반석고보드
https://example.org/ontology/instance/Element_2084937,D1-일반석고보드,https://example.org/ontology/instance/Material_346717,#일반석고보드
https://example.org/ontology/instance/Element_2084938,D1-일반석고보드,https://example.org/ontology/instance/Material_346717,#일반석고보드
https://example.org/ontology/instance/Element_2084939,D1-일반석고보드,https://example.org/ontology/instance/Material_346717,#일반석고보드
https://example.org/ontology/instance/Element_2084941,D1-일반석고보드,https://example.org/ontology/instance/Material_346717,#일반석고보드
https://example.org/ontology/instance/Element_2084942,D1-일반석고보드,https://example.org/ontology/instance/Material_346717,#일반석고보드
https://example.org/ontology/instance/Element_2084943,D1-일반석고보드,https://example.org/ontology/instance/Material_346717,#일반석고보드
https://example.org/ontology/instance/Element_2084944,D1-일반석고보드,https://example.org/ontology/instance/Material_346717,#일반석고보드
https://example.org/ontology/instance/Element_2084946,D1-일반석고보드,https://example.org/ontology/instance/Material_346717,#일반석고보드
https://example.org/ontology/instance/Element_2084947,D1-일반석고보드,https://example.org/ontology/instance/Material_346717,#일반석고보드
https://example.org/ontology/instance/Element_2084987,D1-일반석고보드,https://example.org/ontology/instance/Material_346717,#일반석고보드
https://example.org/ontology/instance/Element_2084988,D1-일반석고보드,https://example.org/ontology/instance/Material_346717,#일반석고보드
https://example.org/ontology/instance/Element_2084990,D1-일반석고보드,https://example.org/ontology/instance/Material_346717,#일반석고보드
https://example.org/ontology/instance/Element_2084991,D1-일반석고보드,https://example.org/ontology/instance/Material_346717,#일반석고보드
https://example.org/ontology/instance/Element_2084992,D1-일반석고보드,https://example.org/ontology/instance/Material_346717,#일반석고보드
https://example.org/ontology/instance/Element_2084993,D1-일반석고보드,https://example.org/ontology/instance/Material_346717,#일반석고보드
https://example.org/ontology/instance/Element_2085005,D1-일반석고보드,https://example.org/ontology/instance/Material_346717,#일반석고보드
https://example.org/ontology/instance/Element_2085006,D1-일반석고보드,https://example.org/ontology/instance/Material_346717,#일반석고보드
https://example.org/ontology/instance/Element_2085007,D1-일반석고보드,https://example.org/ontology/instance/Material_346717,#일반석고보드
https://example.org/ontology/instance/Element_2085008,D1-일반석고보드,https://example.org/ontology/instance/Material_346717,#일반석고보드
https://example.org/ontology/instance/Element_2085011,D1-일반석고보드,https://example.org/ontology/instance/Material_346717,#일반석고보드
https://example.org/ontology/instance/Element_2085012,D1-일반석고보드,https://example.org/ontology/instance/Material_346717,#일반석고보드
https://example.org/ontology/instance/Element_2085021,D1-일반석고보드,https://example.org/ontology/instance/Material_346717,#일반석고보드
https://example.org/ontology/instance/Element_2085022,D1-일반석고보드,https://example.org/ontology/instance/Material_346717,#일반석고보드
https://example.org/ontology/instance/Element_2085023,D1-일반석고보드,https://example.org/ontology/instance/Material_346717,#일반석고보드
https://example.org/ontology/instance/Element_2085024,D1-일반석고보드,https://example.org/ontology/instance/Material_346717,#일반석고보드
https://example.org/ontology/instance/Element_2085026,D1-일반석고보드,https://example.org/ontology/instance/Material_346717,#일반석고보드
https://example.org/ontology/instance/Element_2085027,D1-일반석고보드,https://example.org/ontology/instance/Material_346717,#일반석고보드
https://example.org/ontology/instance/Element_2085028,D1-일반석고보드,https://example.org/ontology/instance/Material_346717,#일반석고보드
https://example.org/ontology/instance/Element_2085029,D1-일반석고보드,https://example.org/ontology/instance/Material_346717,#일반석고보드
https://example.org/ontology/instance/Element_2085030,D1-일반석고보드,https://example.org/ontology/instance/Material_346717,#일반석고보드
https://example.org/ontology/instance/Element_2085031,D1-일반석고보드,https://example.org/ontology/instance/Material_346717,#일반석고보드
https://example.org/ontology/instance/Element_2085053,D1-일반석고보드,https://example.org/ontology/instance/Material_346717,#일반석고보드
https://example.org/ontology/instance/Element_2085054,D1-일반석고보드,https://example.org/ontology/instance/Material_346717,#일반석고보드
https://example.org/ontology/instance/Element_2085056,D1-일반석고보드,https://example.org/ontology/instance/Material_346717,#일반석고보드
https://example.org/ontology/instance/Element_2085057,D1-일반석고보드,https://example.org/ontology/instance/Material_346717,#일반석고보드
https://example.org/ontology/instance/Element_2085058,D1-일반석고보드,https://example.org/ontology/instance/Material_346717,#일반석고보드
https://example.org/ontology/instance/Element_2085059,D1-일반석고보드,https://example.org/ontology/instance/Material_346717,#일반석고보드
https://example.org/ontology/instance/Element_2085071,D1-일반석고보드,https://example.org/ontology/instance/Material_346717,#일반석고보드
https://example.org/ontology/instance/Element_2085072,D1-일반석고보드,https://example.org/ontology/instance/Material_346717,#일반석고보드
https://example.org/ontology/instance/Element_2085073,D1-일반석고보드,https://example.org/ontology/instance/Material_346717,#일반석고보드
https://example.org/ontology/instance/Element_2085074,D1-일반석고보드,https://example.org/ontology/instance/Material_346717,#일반석고보드
https://example.org/ontology/instance/Element_2085077,D1-일반석고보드,https://example.org/ontology/instance/Material_346717,#일반석고보드
https://example.org/ontology/instance/Element_2085078,D1-일반석고보드,https://example.org/ontology/instance/Material_346717,#일반석고보드
https://example.org/ontology/instance/Element_2085087,D1-일반석고보드,https://example.org/ontology/instance/Material_346717,#일반석고보드
https://example.org/ontology/instance/Element_2085088,D1-일반석고보드,https://example.org/ontology/instance/Material_346717,#일반석고보드
https://example.org/ontology/instance/Element_2085089,D1-일반석고보드,https://example.org/ontology/instance/Material_346717,#일반석고보드
https://example.org/ontology/instance/Element_2085090,D1-일반석고보드,https://example.org/ontology/instance/Material_346717,#일반석고보드
https://example.org/ontology/instance/Element_2085119,D1-일반석고보드,https://example.org/ontology/instance/Material_346717,#일반석고보드
https://example.org/ontology/instance/Element_2085120,D1-일반석고보드,https://example.org/ontology/instance/Material_346717,#일반석고보드
https://example.org/ontology/instance/Element_2085121,D1-일반석고보드,https://example.org/ontology/instance/Material_346717,#일반석고보드
https://example.org/ontology/instance/Element_2085122,D1-일반석고보드,https://example.org/ontology/instance/Material_346717,#일반석고보드
https://example.org/ontology/instance/Element_2085123,D1-일반석고보드,https://example.org/ontology/instance/Material_346717,#일반석고보드
https://example.org/ontology/instance/Element_2085124,D1-일반석고보드,https://example.org/ontology/instance/Material_346717,#일반석고보드
https://example.org/ontology/instance/Element_2085125,D1-일반석고보드,https://example.org/ontology/instance/Material_346717,#일반석고보드
https://example.org/ontology/instance/Element_2085126,D1-일반석고보드,https://example.org/ontology/instance/Material_346717,#일반석고보드
https://example.org/ontology/instance/Element_2085128,D1-일반석고보드,https://example.org/ontology/instance/Material_346717,#일반석고보드
https://example.org/ontology/instance/Element_2085129,D1-일반석고보드,https://example.org/ontology/instance/Material_346717,#일반석고보드
https://example.org/ontology/instance/Element_2085131,D1-일반석고보드,https://example.org/ontology/instance/Material_346717,#일반석고보드
https://example.org/ontology/instance/Element_2085132,D1-일반석고보드,https://example.org/ontology/instance/Material_346717,#일반석고보드
https://example.org/ontology/instance/Element_2085133,D1-일반석고보드,https://example.org/ontology/instance/Material_346717,#일반석고보드
https://example.org/ontology/instance/Element_2085134,D1-일반석고보드,https://example.org/ontology/instance/Material_346717,#일반석고보드
https://example.org/ontology/instance/Element_2091776,D1-일반석고보드,https://example.org/ontology/instance/Material_346717,#일반석고보드
https://example.org/ontology/instance/Element_2091777,D1-일반석고보드,https://example.org/ontology/instance/Material_346717,#일반석고보드
https://example.org/ontology/instance/Element_2093960,D1-일반석고보드,https://example.org/ontology/instance/Material_346717,#일반석고보드
https://example.org/ontology/instance/Element_2093961,D1-일반석고보드,https://example.org/ontology/instance/Material_346717,#일반석고보드
https://example.org/ontology/instance/Element_2097658,D1-일반석고보드,https://example.org/ontology/instance/Material_346717,#일반석고보드
https://example.org/ontology/instance/Element_2097659,D1-일반석고보드,https://example.org/ontology/instance/Material_346717,#일반석고보드
https://example.org/ontology/instance/Element_2097661,D1-일반석고보드,https://example.org/ontology/instance/Material_346717,#일반석고보드
https://example.org/ontology/instance/Element_2097662,D1-일반석고보드,https://example.org/ontology/instance/Material_346717,#일반석고보드
https://example.org/ontology/instance/Element_2097663,D1-일반석고보드,https://example.org/ontology/instance/Material_346717,#일반석고보드
https://example.org/ontology/instance/Element_2097664,D1-일반석고보드,https://example.org/ontology/instance/Material_346717,#일반석고보드
https://example.org/ontology/instance/Element_2097665,D1-일반석고보드,https://example.org/ontology/instance/Material_346717,#일반석고보드
https://example.org/ontology/instance/Element_2097666,D1-일반석고보드,https://example.org/ontology/instance/Material_346717,#일반석고보드
https://example.org/ontology/instance/Element_2097667,D1-일반석고보드,https://example.org/ontology/instance/Material_346717,#일반석고보드
https://example.org/ontology/instance/Element_2097668,D1-일반석고보드,https://example.org/ontology/instance/Material_346717,#일반석고보드
https://example.org/ontology/instance/Element_2097669,D1-일반석고보드,https://example.org/ontology/instance/Material_346717,#일반석고보드
https://example.org/ontology/instance/Element_2097670,D1-일반석고보드,https://example.org/ontology/instance/Material_346717,#일반석고보드
https://example.org/ontology/instance/Element_2097671,D1-일반석고보드,https://example.org/ontology/instance/Material_346717,#일반석고보드
https://example.org/ontology/instance/Element_2097672,D1-일반석고보드,https://example.org/ontology/instance/Material_346717,#일반석고보드
https://example.org/ontology/instance/Element_2097699,D1-일반석고보드,https://example.org/ontology/instance/Material_346717,#일반석고보드
https://example.org/ontology/instance/Element_2097700,D1-일반석고보드,https://example.org/ontology/instance/Material_346717,#일반석고보드
https://example.org/ontology/instance/Element_2097701,D1-일반석고보드,https://example.org/ontology/instance/Material_346717,#일반석고보드
https://example.org/ontology/instance/Element_2097702,D1-일반석고보드,https://example.org/ontology/instance/Material_346717,#일반석고보드
https://example.org/ontology/instance/Element_2097703,D1-일반석고보드,https://example.org/ontology/instance/Material_346717,#일반석고보드
https://example.org/ontology/instance/Element_2097704,D1-일반석고보드,https://example.org/ontology/instance/Material_346717,#일반석고보드
https://example.org/ontology/instance/Element_2097705,D1-일반석고보드,https://example.org/ontology/instance/Material_346717,#일반석고보드
https://example.org/ontology/instance/Element_2097706,D1-일반석고보드,https://example.org/ontology/instance/Material_346717,#일반석고보드
https://example.org/ontology/instance/Element_2097707,D1-일반석고보드,https://example.org/ontology/instance/Material_346717,#일반석고보드
https://example.org/ontology/instance/Element_2097708,D1-일반석고보드,https://example.org/ontology/instance/Material_346717,#일반석고보드
https://example.org/ontology/instance/Element_2097709,D1-일반석고보드,https://example.org/ontology/instance/Material_346717,#일반석고보드
https://example.org/ontology/instance/Element_2097710,D1-일반석고보드,https://example.org/ontology/instance/Material_346717,#일반석고보드
https://example.org/ontology/instance/Element_2097717,D1-일반석고보드,https://example.org/ontology/instance/Material_346717,#일반석고보드
https://example.org/ontology/instance/Element_2097718,D1-일반석고보드,https://example.org/ontology/instance/Material_346717,#일반석고보드
https://example.org/ontology/instance/Element_2097733,D1-일반석고보드,https://example.org/ontology/instance/Material_346717,#일반석고보드
https://example.org/ontology/instance/Element_2097734,D1-일반석고보드,https://example.org/ontology/instance/Material_346717,#일반석고보드
https://example.org/ontology/instance/Element_2097735,D1-일반석고보드,https://example.org/ontology/instance/Material_346717,#일반석고보드
https://example.org/ontology/instance/Element_2097736,D1-일반석고보드,https://example.org/ontology/instance/Material_346717,#일반석고보드
https://example.org/ontology/instance/Element_2097741,D1-일반석고보드,https://example.org/ontology/instance/Material_346717,#일반석고보드
https://example.org/ontology/instance/Element_2097742,D1-일반석고보드,https://example.org/ontology/instance/Material_346717,#일반석고보드
https://example.org/ontology/instance/Element_2097794,D1-일반석고보드,https://example.org/ontology/instance/Material_346717,#일반석고보드
https://example.org/ontology/instance/Element_2097795,D1-일반석고보드,https://example.org/ontology/instance/Material_346717,#일반석고보드
https://example.org/ontology/instance/Element_2097797,D1-일반석고보드,https://example.org/ontology/instance/Material_346717,#일반석고보드
https://example.org/ontology/instance/Element_2097798,D1-일반석고보드,https://example.org/ontology/instance/Material_346717,#일반석고보드
https://example.org/ontology/instance/Element_2097799,D1-일반석고보드,https://example.org/ontology/instance/Material_346717,#일반석고보드
https://example.org/ontology/instance/Element_2097800,D1-일반석고보드,https://example.org/ontology/instance/Material_346717,#일반석고보드
https://example.org/ontology/instance/Element_2097812,D1-일반석고보드,https://example.org/ontology/instance/Material_346717,#일반석고보드
https://example.org/ontology/instance/Element_2097813,D1-일반석고보드,https://example.org/ontology/instance/Material_346717,#일반석고보드
https://example.org/ontology/instance/Element_2097814,D1-일반석고보드,https://example.org/ontology/instance/Material_346717,#일반석고보드
https://example.org/ontology/instance/Element_2097815,D1-일반석고보드,https://example.org/ontology/instance/Material_346717,#일반석고보드
https://example.org/ontology/instance/Element_2097818,D1-일반석고보드,https://example.org/ontology/instance/Material_346717,#일반석고보드
https://example.org/ontology/instance/Element_2097819,D1-일반석고보드,https://example.org/ontology/instance/Material_346717,#일반석고보드
https://example.org/ontology/instance/Element_2097828,D1-일반석고보드,https://example.org/ontology/instance/Material_346717,#일반석고보드
https://example.org/ontology/instance/Element_2097829,D1-일반석고보드,https://example.org/ontology/instance/Material_346717,#일반석고보드
https://example.org/ontology/instance/Element_2097830,D1-일반석고보드,https://example.org/ontology/instance/Material_346717,#일반석고보드
https://example.org/ontology/instance/Element_2097831,D1-일반석고보드,https://example.org/ontology/instance/Material_346717,#일반석고보드
https://example.org/ontology/instance/Element_2097832,D1-일반석고보드,https://example.org/ontology/instance/Material_346717,#일반석고보드
https://example.org/ontology/instance/Element_2097833,D1-일반석고보드,https://example.org/ontology/instance/Material_346717,#일반석고보드
https://example.org/ontology/instance/Element_2097834,D1-일반석고보드,https://example.org/ontology/instance/Material_346717,#일반석고보드
https://example.org/ontology/instance/Element_2097835,D1-일반석고보드,https://example.org/ontology/instance/Material_346717,#일반석고보드
https://example.org/ontology/instance/Element_2097836,D1-일반석고보드,https://example.org/ontology/instance/Material_346717,#일반석고보드
https://example.org/ontology/instance/Element_2097837,D1-일반석고보드,https://example.org/ontology/instance/Material_346717,#일반석고보드
https://example.org/ontology/instance/Element_2097839,D1-일반석고보드,https://example.org/ontology/instance/Material_346717,#일반석고보드
https://example.org/ontology/instance/Element_2097840,D1-일반석고보드,https://example.org/ontology/instance/Material_346717,#일반석고보드
https://example.org/ontology/instance/Element_2097844,D1-일반석고보드,https://example.org/ontology/instance/Material_346717,#일반석고보드
https://example.org/ontology/instance/Element_2097845,D1-일반석고보드,https://example.org/ontology/instance/Material_346717,#일반석고보드
https://example.org/ontology/instance/Element_2097851,D1-일반석고보드,https://example.org/ontology/instance/Material_346717,#일반석고보드
https://example.org/ontology/instance/Element_2097852,D1-일반석고보드,https://example.org/ontology/instance/Material_346717,#일반석고보드
https://example.org/ontology/instance/Element_2097853,D1-일반석고보드,https://example.org/ontology/instance/Material_346717,#일반석고보드
https://example.org/ontology/instance/Element_2097854,D1-일반석고보드,https://example.org/ontology/instance/Material_346717,#일반석고보드
https://example.org/ontology/instance/Element_2097880,D1-일반석고보드,https://example.org/ontology/instance/Material_346717,#일반석고보드
https://example.org/ontology/instance/Element_2097881,D1-일반석고보드,https://example.org/ontology/instance/Material_346717,#일반석고보드
https://example.org/ontology/instance/Element_2097883,D1-일반석고보드,https://example.org/ontology/instance/Material_346717,#일반석고보드
https://example.org/ontology/instance/Element_2097884,D1-일반석고보드,https://example.org/ontology/instance/Material_346717,#일반석고보드
https://example.org/ontology/instance/Element_2097885,D1-일반석고보드,https://example.org/ontology/instance/Material_346717,#일반석고보드
https://example.org/ontology/instance/Element_2097886,D1-일반석고보드,https://example.org/ontology/instance/Material_346717,#일반석고보드
https://example.org/ontology/instance/Element_2097898,D1-일반석고보드,https://example.org/ontology/instance/Material_346717,#일반석고보드
https://example.org/ontology/instance/Element_2097899,D1-일반석고보드,https://example.org/ontology/instance/Material_346717,#일반석고보드
https://example.org/ontology/instance/Element_2097900,D1-일반석고보드,https://example.org/ontology/instance/Material_346717,#일반석고보드
https://example.org/ontology/instance/Element_2097901,D1-일반석고보드,https://example.org/ontology/instance/Material_346717,#일반석고보드
https://example.org/ontology/instance/Element_2097904,D1-일반석고보드,https://example.org/ontology/instance/Material_346717,#일반석고보드
https://example.org/ontology/instance/Element_2097905,D1-일반석고보드,https://example.org/ontology/instance/Material_346717,#일반석고보드
https://example.org/ontology/instance/Element_2097914,D1-일반석고보드,https://example.org/ontology/instance/Material_346717,#일반석고보드
https://example.org/ontology/instance/Element_2097915,D1-일반석고보드,https://example.org/ontology/instance/Material_346717,#일반석고보드
https://example.org/ontology/instance/Element_2097916,D1-일반석고보드,https://example.org/ontology/instance/Material_346717,#일반석고보드
https://example.org/ontology/instance/Element_2097917,D1-일반석고보드,https://example.org/ontology/instance/Material_346717,#일반석고보드
https://example.org/ontology/instance/Element_2097919,D1-일반석고보드,https://example.org/ontology/instance/Material_346717,#일반석고보드
https://example.org/ontology/instance/Element_2097920,D1-일반석고보드,https://example.org/ontology/instance/Material_346717,#일반석고보드
https://example.org/ontology/instance/Element_2097921,D1-일반석고보드,https://example.org/ontology/instance/Material_346717,#일반석고보드
https://example.org/ontology/instance/Element_2097922,D1-일반석고보드,https://example.org/ontology/instance/Material_346717,#일반석고보드
https://example.org/ontology/instance/Element_2097924,D1-일반석고보드,https://example.org/ontology/instance/Material_346717,#일반석고보드
https://example.org/ontology/instance/Element_2097925,D1-일반석고보드,https://example.org/ontology/instance/Material_346717,#일반석고보드
https://example.org/ontology/instance/Element_2097946,D1-일반석고보드,https://example.org/ontology/instance/Material_346717,#일반석고보드
https://example.org/ontology/instance/Element_2097947,D1-일반석고보드,https://example.org/ontology/instance/Material_346717,#일반석고보드
https://example.org/ontology/instance/Element_2097949,D1-일반석고보드,https://example.org/ontology/instance/Material_346717,#일반석고보드
https://example.org/ontology/instance/Element_2097950,D1-일반석고보드,https://example.org/ontology/instance/Material_346717,#일반석고보드
https://example.org/ontology/instance/Element_2097951,D1-일반석고보드,https://example.org/ontology/instance/Material_346717,#일반석고보드
https://example.org/ontology/instance/Element_2097952,D1-일반석고보드,https://example.org/ontology/instance/Material_346717,#일반석고보드
https://example.org/ontology/instance/Element_2097964,D1-일반석고보드,https://example.org/ontology/instance/Material_346717,#일반석고보드
https://example.org/ontology/instance/Element_2097965,D1-일반석고보드,https://example.org/ontology/instance/Material_346717,#일반석고보드
https://example.org/ontology/instance/Element_2097966,D1-일반석고보드,https://example.org/ontology/instance/Material_346717,#일반석고보드
https://example.org/ontology/instance/Element_2097967,D1-일반석고보드,https://example.org/ontology/instance/Material_346717,#일반석고보드
https://example.org/ontology/instance/Element_2097970,D1-일반석고보드,https://example.org/ontology/instance/Material_346717,#일반석고보드
https://example.org/ontology/instance/Element_2097971,D1-일반석고보드,https://example.org/ontology/instance/Material_346717,#일반석고보드
https://example.org/ontology/instance/Element_2097980,D1-일반석고보드,https://example.org/ontology/instance/Material_346717,#일반석고보드
https://example.org/ontology/instance/Element_2097981,D1-일반석고보드,https://example.org/ontology/instance/Material_346717,#일반석고보드
https://example.org/ontology/instance/Element_2097982,D1-일반석고보드,https://example.org/ontology/instance/Material_346717,#일반석고보드
https://example.org/ontology/instance/Element_2097983,D1-일반석고보드,https://example.org/ontology/instance/Material_346717,#일반석고보드
https://example.org/ontology/instance/Element_2097985,D1-일반석고보드,https://example.org/ontology/instance/Material_346717,#일반석고보드
https://example.org/ontology/instance/Element_2097986,D1-일반석고보드,https://example.org/ontology/instance/Material_346717,#일반석고보드
https://example.org/ontology/instance/Element_2097987,D1-일반석고보드,https://example.org/ontology/instance/Material_346717,#일반석고보드
https://example.org/ontology/instance/Element_2097988,D1-일반석고보드,https://example.org/ontology/instance/Material_346717,#일반석고보드
https://example.org/ontology/instance/Element_2097990,D1-일반석고보드,https://example.org/ontology/instance/Material_346717,#일반석고보드
https://example.org/ontology/instance/Element_2097991,D1-일반석고보드,https://example.org/ontology/instance/Material_346717,#일반석고보드
https://example.org/ontology/instance/Element_2098012,D1-일반석고보드,https://example.org/ontology/instance/Material_346717,#일반석고보드
https://example.org/ontology/instance/Element_2098013,D1-일반석고보드,https://example.org/ontology/instance/Material_346717,#일반석고보드
https://example.org/ontology/instance/Element_2098015,D1-일반석고보드,https://example.org/ontology/instance/Material_346717,#일반석고보드
https://example.org/ontology/instance/Element_2098016,D1-일반석고보드,https://example.org/ontology/instance/Material_346717,#일반석고보드
https://example.org/ontology/instance/Element_2098017,D1-일반석고보드,https://example.org/ontology/instance/Material_346717,#일반석고보드
https://example.org/ontology/instance/Element_2098018,D1-일반석고보드,https://example.org/ontology/instance/Material_346717,#일반석고보드
https://example.org/ontology/instance/Element_2098030,D1-일반석고보드,https://example.org/ontology/instance/Material_346717,#일반석고보드
https://example.org/ontology/instance/Element_2098031,D1-일반석고보드,https://example.org/ontology/instance/Material_346717,#일반석고보드
https://example.org/ontology/instance/Element_2098032,D1-일반석고보드,https://example.org/ontology/instance/Material_346717,#일반석고보드
https://example.org/ontology/instance/Element_2098033,D1-일반석고보드,https://example.org/ontology/instance/Material_346717,#일반석고보드
https://example.org/ontology/instance/Element_2098036,D1-일반석고보드,https://example.org/ontology/instance/Material_346717,#일반석고보드
https://example.org/ontology/instance/Element_2098037,D1-일반석고보드,https://example.org/ontology/instance/Material_346717,#일반석고보드
https://example.org/ontology/instance/Element_2098046,D1-일반석고보드,https://example.org/ontology/instance/Material_346717,#일반석고보드
https://example.org/ontology/instance/Element_2098047,D1-일반석고보드,https://example.org/ontology/instance/Material_346717,#일반석고보드
https://example.org/ontology/instance/Element_2098048,D1-일반석고보드,https://example.org/ontology/instance/Material_346717,#일반석고보드
https://example.org/ontology/instance/Element_2098049,D1-일반석고보드,https://example.org/ontology/instance/Material_346717,#일반석고보드
https://example.org/ontology/instance/Element_2098051,D1-일반석고보드,https://example.org/ontology/instance/Material_346717,#일반석고보드
https://example.org/ontology/instance/Element_2098052,D1-일반석고보드,https://example.org/ontology/instance/Material_346717,#일반석고보드
https://example.org/ontology/instance/Element_2098053,D1-일반석고보드,https://example.org/ontology/instance/Material_346717,#일반석고보드
https://example.org/ontology/instance/Element_2098054,D1-일반석고보드,https://example.org/ontology/instance/Material_346717,#일반석고보드
https://example.org/ontology/instance/Element_2098056,D1-일반석고보드,https://example.org/ontology/instance/Material_346717,#일반석고보드
https://example.org/ontology/instance/Element_2098057,D1-일반석고보드,https://example.org/ontology/instance/Material_346717,#일반석고보드
https://example.org/ontology/instance/Element_2098088,D1-일반석고보드,https://example.org/ontology/instance/Material_346717,#일반석고보드
https://example.org/ontology/instance/Element_2098089,D1-일반석고보드,https://example.org/ontology/instance/Material_346717,#일반석고보드
https://example.org/ontology/instance/Element_2098090,D1-일반석고보드,https://example.org/ontology/instance/Material_346717,#일반석고보드
https://example.org/ontology/instance/Element_2098091,D1-일반석고보드,https://example.org/ontology/instance/Material_346717,#일반석고보드
https://example.org/ontology/instance/Element_2098096,D1-일반석고보드,https://example.org/ontology/instance/Material_346717,#일반석고보드
https://example.org/ontology/instance/Element_2098097,D1-일반석고보드,https://example.org/ontology/instance/Material_346717,#일반석고보드
https://example.org/ontology/instance/Element_2098098,D1-일반석고보드,https://example.org/ontology/instance/Material_346717,#일반석고보드
https://example.org/ontology/instance/Element_2098099,D1-일반석고보드,https://example.org/ontology/instance/Material_346717,#일반석고보드
https://example.org/ontology/instance/Element_2098101,D1-일반석고보드,https://example.org/ontology/instance/Material_346717,#일반석고보드
https://example.org/ontology/instance/Element_2098102,D1-일반석고보드,https://example.org/ontology/instance/Material_346717,#일반석고보드
https://example.org/ontology/instance/Element_2098116,D1-일반석고보드,https://example.org/ontology/instance/Material_346717,#일반석고보드
https://example.org/ontology/instance/Element_2098117,D1-일반석고보드,https://example.org/ontology/instance/Material_346717,#일반석고보드
https://example.org/ontology/instance/Element_2098119,D1-일반석고보드,https://example.org/ontology/instance/Material_346717,#일반석고보드
https://example.org/ontology/instance/Element_2098120,D1-일반석고보드,https://example.org/ontology/instance/Material_346717,#일반석고보드
https://example.org/ontology/instance/Element_2098121,D1-일반석고보드,https://example.org/ontology/instance/Material_346717,#일반석고보드
https://example.org/ontology/instance/Element_2098122,D1-일반석고보드,https://example.org/ontology/instance/Material_346717,#일반석고보드
https://example.org/ontology/instance/Element_2098134,D1-일반석고보드,https://example.org/ontology/instance/Material_346717,#일반석고보드
https://example.org/ontology/instance/Element_2098135,D1-일반석고보드,https://example.org/ontology/instance/Material_346717,#일반석고보드
https://example.org/ontology/instance/Element_2098136,D1-일반석고보드,https://example.org/ontology/instance/Material_346717,#일반석고보드
https://example.org/ontology/instance/Element_2098137,D1-일반석고보드,https://example.org/ontology/instance/Material_346717,#일반석고보드
https://example.org/ontology/instance/Element_2098140,D1-일반석고보드,https://example.org/ontology/instance/Material_346717,#일반석고보드
https://example.org/ontology/instance/Element_2098141,D1-일반석고보드,https://example.org/ontology/instance/Material_346717,#일반석고보드
https://example.org/ontology/instance/Element_2098150,D1-일반석고보드,https://example.org/ontology/instance/Material_346717,#일반석고보드
https://example.org/ontology/instance/Element_2098151,D1-일반석고보드,https://example.org/ontology/instance/Material_346717,#일반석고보드
https://example.org/ontology/instance/Element_2098152,D1-일반석고보드,https://example.org/ontology/instance/Material_346717,#일반석고보드
https://example.org/ontology/instance/Element_2098153,D1-일반석고보드,https://example.org/ontology/instance/Material_346717,#일반석고보드
https://example.org/ontology/instance/Element_2098155,D1-일반석고보드,https://example.org/ontology/instance/Material_346717,#일반석고보드
https://example.org/ontology/instance/Element_2098156,D1-일반석고보드,https://example.org/ontology/instance/Material_346717,#일반석고보드
https://example.org/ontology/instance/Element_2098157,D1-일반석고보드,https://example.org/ontology/instance/Material_346717,#일반석고보드
https://example.org/ontology/instance/Element_2098158,D1-일반석고보드,https://example.org/ontology/instance/Material_346717,#일반석고보드
https://example.org/ontology/instance/Element_2098160,D1-일반석고보드,https://example.org/ontology/instance/Material_346717,#일반석고보드
https://example.org/ontology/instance/Element_2098161,D1-일반석고보드,https://example.org/ontology/instance/Material_346717,#일반석고보드
https://example.org/ontology/instance/Element_2098184,D1-일반석고보드,https://example.org/ontology/instance/Material_346717,#일반석고보드
https://example.org/ontology/instance/Element_2098185,D1-일반석고보드,https://example.org/ontology/instance/Material_346717,#일반석고보드
https://example.org/ontology/instance/Element_2098187,D1-일반석고보드,https://example.org/ontology/instance/Material_346717,#일반석고보드
https://example.org/ontology/instance/Element_2098188,D1-일반석고보드,https://example.org/ontology/instance/Material_346717,#일반석고보드
https://example.org/ontology/instance/Element_2098189,D1-일반석고보드,https://example.org/ontology/instance/Material_346717,#일반석고보드
https://example.org/ontology/instance/Element_2098190,D1-일반석고보드,https://example.org/ontology/instance/Material_346717,#일반석고보드
https://example.org/ontology/instance/Element_2098202,D1-일반석고보드,https://example.org/ontology/instance/Material_346717,#일반석고보드
https://example.org/ontology/instance/Element_2098203,D1-일반석고보드,https://example.org/ontology/instance/Material_346717,#일반석고보드
https://example.org/ontology/instance/Element_2098204,D1-일반석고보드,https://example.org/ontology/instance/Material_346717,#일반석고보드
https://example.org/ontology/instance/Element_2098205,D1-일반석고보드,https://example.org/ontology/instance/Material_346717,#일반석고보드
https://example.org/ontology/instance/Element_2098208,D1-일반석고보드,https://example.org/ontology/instance/Material_346717,#일반석고보드
https://example.org/ontology/instance/Element_2098209,D1-일반석고보드,https://example.org/ontology/instance/Material_346717,#일반석고보드
https://example.org/ontology/instance/Element_2098218,D1-일반석고보드,https://example.org/ontology/instance/Material_346717,#일반석고보드
https://example.org/ontology/instance/Element_2098219,D1-일반석고보드,https://example.org/ontology/instance/Material_346717,#일반석고보드
https://example.org/ontology/instance/Element_2098220,D1-일반석고보드,https://example.org/ontology/instance/Material_346717,#일반석고보드
https://example.org/ontology/instance/Element_2098221,D1-일반석고보드,https://example.org/ontology/instance/Material_346717,#일반석고보드
https://example.org/ontology/instance/Element_2098223,D1-일반석고보드,https://example.org/ontology/instance/Material_346717,#일반석고보드
https://example.org/ontology/instance/Element_2098224,D1-일반석고보드,https://example.org/ontology/instance/Material_346717,#일반석고보드
https://example.org/ontology/instance/Element_2098225,D1-일반석고보드,https://example.org/ontology/instance/Material_346717,#일반석고보드
https://example.org/ontology/instance/Element_2098226,D1-일반석고보드,https://example.org/ontology/instance/Material_346717,#일반석고보드
https://example.org/ontology/instance/Element_2098228,D1-일반석고보드,https://example.org/ontology/instance/Material_346717,#일반석고보드
https://example.org/ontology/instance/Element_2098229,D1-일반석고보드,https://example.org/ontology/instance/Material_346717,#일반석고보드
https://example.org/ontology/instance/Element_2098248,D1-일반석고보드,https://example.org/ontology/instance/Material_346717,#일반석고보드
https://example.org/ontology/instance/Element_2098249,D1-일반석고보드,https://example.org/ontology/instance/Material_346717,#일반석고보드
https://example.org/ontology/instance/Element_2098251,D1-일반석고보드,https://example.org/ontology/instance/Material_346717,#일반석고보드
https://example.org/ontology/instance/Element_2098252,D1-일반석고보드,https://example.org/ontology/instance/Material_346717,#일반석고보드
https://example.org/ontology/instance/Element_2098253,D1-일반석고보드,https://example.org/ontology/instance/Material_346717,#일반석고보드
https://example.org/ontology/instance/Element_2098254,D1-일반석고보드,https://example.org/ontology/instance/Material_346717,#일반석고보드
https://example.org/ontology/instance/Element_2098266,D1-일반석고보드,https://example.org/ontology/instance/Material_346717,#일반석고보드
https://example.org/ontology/instance/Element_2098267,D1-일반석고보드,https://example.org/ontology/instance/Material_346717,#일반석고보드
https://example.org/ontology/instance/Element_2098268,D1-일반석고보드,https://example.org/ontology/instance/Material_346717,#일반석고보드
https://example.org/ontology/instance/Element_2098269,D1-일반석고보드,https://example.org/ontology/instance/Material_346717,#일반석고보드
https://example.org/ontology/instance/Element_2098272,D1-일반석고보드,https://example.org/ontology/instance/Material_346717,#일반석고보드
https://example.org/ontology/instance/Element_2098273,D1-일반석고보드,https://example.org/ontology/instance/Material_346717,#일반석고보드
https://example.org/ontology/instance/Element_2098282,D1-일반석고보드,https://example.org/ontology/instance/Material_346717,#일반석고보드
https://example.org/ontology/instance/Element_2098283,D1-일반석고보드,https://example.org/ontology/instance/Material_346717,#일반석고보드
https://example.org/ontology/instance/Element_2098284,D1-일반석고보드,https://example.org/ontology/instance/Material_346717,#일반석고보드
https://example.org/ontology/instance/Element_2098285,D1-일반석고보드,https://example.org/ontology/instance/Material_346717,#일반석고보드
https://example.org/ontology/instance/Element_2098287,D1-일반석고보드,https://example.org/ontology/instance/Material_346717,#일반석고보드
https://example.org/ontology/instance/Element_2098288,D1-일반석고보드,https://example.org/ontology/instance/Material_346717,#일반석고보드
https://example.org/ontology/instance/Element_2098289,D1-일반석고보드,https://example.org/ontology/instance/Material_346717,#일반석고보드
https://example.org/ontology/instance/Element_2098290,D1-일반석고보드,https://example.org/ontology/instance/Material_346717,#일반석고보드
https://example.org/ontology/instance/Element_2098292,D1-일반석고보드,https://example.org/ontology/instance/Material_346717,#일반석고보드
https://example.org/ontology/instance/Element_2098293,D1-일반석고보드,https://example.org/ontology/instance/Material_346717,#일반석고보드
https://example.org/ontology/instance/Element_2098316,D1-일반석고보드,https://example.org/ontology/instance/Material_346717,#일반석고보드
https://example.org/ontology/instance/Element_2098317,D1-일반석고보드,https://example.org/ontology/instance/Material_346717,#일반석고보드
https://example.org/ontology/instance/Element_2098319,D1-일반석고보드,https://example.org/ontology/instance/Material_346717,#일반석고보드
https://example.org/ontology/instance/Element_2098320,D1-일반석고보드,https://example.org/ontology/instance/Material_346717,#일반석고보드
https://example.org/ontology/instance/Element_2098321,D1-일반석고보드,https://example.org/ontology/instance/Material_346717,#일반석고보드
https://example.org/ontology/instance/Element_2098322,D1-일반석고보드,https://example.org/ontology/instance/Material_346717,#일반석고보드
https://example.org/ontology/instance/Element_2098334,D1-일반석고보드,https://example.org/ontology/instance/Material_346717,#일반석고보드
https://example.org/ontology/instance/Element_2098335,D1-일반석고보드,https://example.org/ontology/instance/Material_346717,#일반석고보드
https://example.org/ontology/instance/Element_2098336,D1-일반석고보드,https://example.org/ontology/instance/Material_346717,#일반석고보드
https://example.org/ontology/instance/Element_2098337,D1-일반석고보드,https://example.org/ontology/instance/Material_346717,#일반석고보드
https://example.org/ontology/instance/Element_2098340,D1-일반석고보드,https://example.org/ontology/instance/Material_346717,#일반석고보드
https://example.org/ontology/instance/Element_2098341,D1-일반석고보드,https://example.org/ontology/instance/Material_346717,#일반석고보드
https://example.org/ontology/instance/Element_2098350,D1-일반석고보드,https://example.org/ontology/instance/Material_346717,#일반석고보드
https://example.org/ontology/instance/Element_2098351,D1-일반석고보드,https://example.org/ontology/instance/Material_346717,#일반석고보드
https://example.org/ontology/instance/Element_2098352,D1-일반석고보드,https://example.org/ontology/instance/Material_346717,#일반석고보드
https://example.org/ontology/instance/Element_2098353,D1-일반석고보드,https://example.org/ontology/instance/Material_346717,#일반석고보드
https://example.org/ontology/instance/Element_2098355,D1-일반석고보드,https://example.org/ontology/instance/Material_346717,#일반석고보드
https://example.org/ontology/instance/Element_2098356,D1-일반석고보드,https://example.org/ontology/instance/Material_346717,#일반석고보드
https://example.org/ontology/instance/Element_2098357,D1-일반석고보드,https://example.org/ontology/instance/Material_346717,#일반석고보드
https://example.org/ontology/instance/Element_2098358,D1-일반석고보드,https://example.org/ontology/instance/Material_346717,#일반석고보드
https://example.org/ontology/instance/Element_2098360,D1-일반석고보드,https://example.org/ontology/instance/Material_346717,#일반석고보드
https://example.org/ontology/instance/Element_2098361,D1-일반석고보드,https://example.org/ontology/instance/Material_346717,#일반석고보드
https://example.org/ontology/instance/Element_2098383,D1-일반석고보드,https://example.org/ontology/instance/Material_346717,#일반석고보드
https://example.org/ontology/instance/Element_2098384,D1-일반석고보드,https://example.org/ontology/instance/Material_346717,#일반석고보드
https://example.org/ontology/instance/Element_2098386,D1-일반석고보드,https://example.org/ontology/instance/Material_346717,#일반석고보드
https://example.org/ontology/instance/Element_2098387,D1-일반석고보드,https://example.org/ontology/instance/Material_346717,#일반석고보드
https://example.org/ontology/instance/Element_2098388,D1-일반석고보드,https://example.org/ontology/instance/Material_346717,#일반석고보드
https://example.org/ontology/instance/Element_2098389,D1-일반석고보드,https://example.org/ontology/instance/Material_346717,#일반석고보드
https://example.org/ontology/instance/Element_2098401,D1-일반석고보드,https://example.org/ontology/instance/Material_346717,#일반석고보드
https://example.org/ontology/instance/Element_2098402,D1-일반석고보드,https://example.org/ontology/instance/Material_346717,#일반석고보드
https://example.org/ontology/instance/Element_2098403,D1-일반석고보드,https://example.org/ontology/instance/Material_346717,#일반석고보드
https://example.org/ontology/instance/Element_2098404,D1-일반석고보드,https://example.org/ontology/instance/Material_346717,#일반석고보드
https://example.org/ontology/instance/Element_2098407,D1-일반석고보드,https://example.org/ontology/instance/Material_346717,#일반석고보드
https://example.org/ontology/instance/Element_2098408,D1-일반석고보드,https://example.org/ontology/instance/Material_346717,#일반석고보드
https://example.org/ontology/instance/Element_2098417,D1-일반석고보드,https://example.org/ontology/instance/Material_346717,#일반석고보드
https://example.org/ontology/instance/Element_2098418,D1-일반석고보드,https://example.org/ontology/instance/Material_346717,#일반석고보드
https://example.org/ontology/instance/Element_2098419,D1-일반석고보드,https://example.org/ontology/instance/Material_346717,#일반석고보드
https://example.org/ontology/instance/Element_2098420,D1-일반석고보드,https://example.org/ontology/instance/Material_346717,#일반석고보드
https://example.org/ontology/instance/Element_2098422,D1-일반석고보드,https://example.org/ontology/instance/Material_346717,#일반석고보드
https://example.org/ontology/instance/Element_2098423,D1-일반석고보드,https://example.org/ontology/instance/Material_346717,#일반석고보드
https://example.org/ontology/instance/Element_2098424,D1-일반석고보드,https://example.org/ontology/instance/Material_346717,#일반석고보드
https://example.org/ontology/instance/Element_2098425,D1-일반석고보드,https://example.org/ontology/instance/Material_346717,#일반석고보드
https://example.org/ontology/instance/Element_2098427,D1-일반석고보드,https://example.org/ontology/instance/Material_346717,#일반석고보드
https://example.org/ontology/instance/Element_2098428,D1-일반석고보드,https://example.org/ontology/instance/Material_346717,#일반석고보드
https://example.org/ontology/instance/Element_2098450,D1-일반석고보드,https://example.org/ontology/instance/Material_346717,#일반석고보드
https://example.org/ontology/instance/Element_2098451,D1-일반석고보드,https://example.org/ontology/instance/Material_346717,#일반석고보드
https://example.org/ontology/instance/Element_2098453,D1-일반석고보드,https://example.org/ontology/instance/Material_346717,#일반석고보드
https://example.org/ontology/instance/Element_2098454,D1-일반석고보드,https://example.org/ontology/instance/Material_346717,#일반석고보드
https://example.org/ontology/instance/Element_2098455,D1-일반석고보드,https://example.org/ontology/instance/Material_346717,#일반석고보드
https://example.org/ontology/instance/Element_2098456,D1-일반석고보드,https://example.org/ontology/instance/Material_346717,#일반석고보드
https://example.org/ontology/instance/Element_2098468,D1-일반석고보드,https://example.org/ontology/instance/Material_346717,#일반석고보드
https://example.org/ontology/instance/Element_2098469,D1-일반석고보드,https://example.org/ontology/instance/Material_346717,#일반석고보드
https://example.org/ontology/instance/Element_2098470,D1-일반석고보드,https://example.org/ontology/instance/Material_346717,#일반석고보드
https://example.org/ontology/instance/Element_2098471,D1-일반석고보드,https://example.org/ontology/instance/Material_346717,#일반석고보드
https://example.org/ontology/instance/Element_2098474,D1-일반석고보드,https://example.org/ontology/instance/Material_346717,#일반석고보드
https://example.org/ontology/instance/Element_2098475,D1-일반석고보드,https://example.org/ontology/instance/Material_346717,#일반석고보드
https://example.org/ontology/instance/Element_2098484,D1-일반석고보드,https://example.org/ontology/instance/Material_346717,#일반석고보드
https://example.org/ontology/instance/Element_2098485,D1-일반석고보드,https://example.org/ontology/instance/Material_346717,#일반석고보드
https://example.org/ontology/instance/Element_2098486,D1-일반석고보드,https://example.org/ontology/instance/Material_346717,#일반석고보드
https://example.org/ontology/instance/Element_2098487,D1-일반석고보드,https://example.org/ontology/instance/Material_346717,#일반석고보드
https://example.org/ontology/instance/Element_2098491,D1-일반석고보드,https://example.org/ontology/instance/Material_346717,#일반석고보드
https://example.org/ontology/instance/Element_2098492,D1-일반석고보드,https://example.org/ontology/instance/Material_346717,#일반석고보드
https://example.org/ontology/instance/Element_2098493,D1-일반석고보드,https://example.org/ontology/instance/Material_346717,#일반석고보드
https://example.org/ontology/instance/Element_2098494,D1-일반석고보드,https://example.org/ontology/instance/Material_346717,#일반석고보드
https://example.org/ontology/instance/Element_2098495,D1-일반석고보드,https://example.org/ontology/instance/Material_346717,#일반석고보드
https://example.org/ontology/instance/Element_2098496,D1-일반석고보드,https://example.org/ontology/instance/Material_346717,#일반석고보드
https://example.org/ontology/instance/Element_2098497,D1-일반석고보드,https://example.org/ontology/instance/Material_346717,#일반석고보드
https://example.org/ontology/instance/Element_2098498,D1-일반석고보드,https://example.org/ontology/instance/Material_346717,#일반석고보드
https://example.org/ontology/instance/Element_2098500,D1-일반석고보드,https://example.org/ontology/instance/Material_346717,#일반석고보드
https://example.org/ontology/instance/Element_2098501,D1-일반석고보드,https://example.org/ontology/instance/Material_346717,#일반석고보드
https://example.org/ontology/instance/Element_2098504,D1-일반석고보드,https://example.org/ontology/instance/Material_346717,#일반석고보드
https://example.org/ontology/instance/Element_2098505,D1-일반석고보드,https://example.org/ontology/instance/Material_346717,#일반석고보드
https://example.org/ontology/instance/Element_2098506,D1-일반석고보드,https://example.org/ontology/instance/Material_346717,#일반석고보드
https://example.org/ontology/instance/Element_2098507,D1-일반석고보드,https://example.org/ontology/instance/Material_346717,#일반석고보드
https://example.org/ontology/instance/Element_793777,D2-METAL C-STUD,https://example.org/ontology/instance/Material_346711,#METAL C-STUD
https://example.org/ontology/instance/Element_2084775,D2-방화석고보드,https://example.org/ontology/instance/Material_346716,#방화석고보드
https://example.org/ontology/instance/Element_2084776,D2-방화석고보드,https://example.org/ontology/instance/Material_346716,#방화석고보드
https://example.org/ontology/instance/Element_623688,D3-METAL C-STUD,https://example.org/ontology/instance/Material_346711,#METAL C-STUD
https://example.org/ontology/instance/Element_783927,D3-METAL C-STUD,https://example.org/ontology/instance/Material_346711,#METAL C-STUD
https://example.org/ontology/instance/Element_786380,D3-METAL C-STUD,https://example.org/ontology/instance/Material_346711,#METAL C-STUD
https://example.org/ontology/instance/Element_786939,D3-METAL C-STUD,https://example.org/ontology/instance/Material_346711,#METAL C-STUD
https://example.org/ontology/instance/Element_787514,D3-METAL C-STUD,https://example.org/ontology/instance/Material_346711,#METAL C-STUD
https://example.org/ontology/instance/Element_788047,D3-METAL C-STUD,https://example.org/ontology/instance/Material_346711,#METAL C-STUD
https://example.org/ontology/instance/Element_789196,D3-METAL C-STUD,https://example.org/ontology/instance/Material_346711,#METAL C-STUD
https://example.org/ontology/instance/Element_789253,D3-METAL C-STUD,https://example.org/ontology/instance/Material_346711,#METAL C-STUD
https://example.org/ontology/instance/Element_789287,D3-METAL C-STUD,https://example.org/ontology/instance/Material_346711,#METAL C-STUD
https://example.org/ontology/instance/Element_796029,D3-METAL C-STUD,https://example.org/ontology/instance/Material_346711,#METAL C-STUD
https://example.org/ontology/instance/Element_834326,D3-METAL C-STUD,https://example.org/ontology/instance/Material_346711,#METAL C-STUD
https://example.org/ontology/instance/Element_835544,D3-METAL C-STUD,https://example.org/ontology/instance/Material_346711,#METAL C-STUD
https://example.org/ontology/instance/Element_836138,D3-METAL C-STUD,https://example.org/ontology/instance/Material_346711,#METAL C-STUD
https://example.org/ontology/instance/Element_836752,D3-METAL C-STUD,https://example.org/ontology/instance/Material_346711,#METAL C-STUD
https://example.org/ontology/instance/Element_837302,D3-METAL C-STUD,https://example.org/ontology/instance/Material_346711,#METAL C-STUD
https://example.org/ontology/instance/Element_837843,D3-METAL C-STUD,https://example.org/ontology/instance/Material_346711,#METAL C-STUD
https://example.org/ontology/instance/Element_838425,D3-METAL C-STUD,https://example.org/ontology/instance/Material_346711,#METAL C-STUD
https://example.org/ontology/instance/Element_839008,D3-METAL C-STUD,https://example.org/ontology/instance/Material_346711,#METAL C-STUD
https://example.org/ontology/instance/Element_839539,D3-METAL C-STUD,https://example.org/ontology/instance/Material_346711,#METAL C-STUD
https://example.org/ontology/instance/Element_840137,D3-METAL C-STUD,https://example.org/ontology/instance/Material_346711,#METAL C-STUD
https://example.org/ontology/instance/Element_847323,D3-METAL C-STUD,https://example.org/ontology/instance/Material_346711,#METAL C-STUD
https://example.org/ontology/instance/Element_847324,D3-METAL C-STUD,https://example.org/ontology/instance/Material_346711,#METAL C-STUD
https://example.org/ontology/instance/Element_847325,D3-METAL C-STUD,https://example.org/ontology/instance/Material_346711,#METAL C-STUD
https://example.org/ontology/instance/Element_943361,D3-METAL C-STUD,https://example.org/ontology/instance/Material_346711,#METAL C-STUD
https://example.org/ontology/instance/Element_943410,D3-METAL C-STUD,https://example.org/ontology/instance/Material_346711,#METAL C-STUD
https://example.org/ontology/instance/Element_1278895,D3-METAL C-STUD,https://example.org/ontology/instance/Material_346711,#METAL C-STUD
https://example.org/ontology/instance/Element_2074347,D3-일반석고보드,https://example.org/ontology/instance/Material_346717,#일반석고보드
https://example.org/ontology/instance/Element_2074348,D3-일반석고보드,https://example.org/ontology/instance/Material_346717,#일반석고보드
https://example.org/ontology/instance/Element_2074351,D3-일반석고보드,https://example.org/ontology/instance/Material_346717,#일반석고보드
https://example.org/ontology/instance/Element_2074352,D3-일반석고보드,https://example.org/ontology/instance/Material_346717,#일반석고보드
https://example.org/ontology/instance/Element_2076825,D3-일반석고보드,https://example.org/ontology/instance/Material_346717,#일반석고보드
https://example.org/ontology/instance/Element_2076826,D3-일반석고보드,https://example.org/ontology/instance/Material_346717,#일반석고보드
https://example.org/ontology/instance/Element_2076827,D3-일반석고보드,https://example.org/ontology/instance/Material_346717,#일반석고보드
https://example.org/ontology/instance/Element_2076828,D3-일반석고보드,https://example.org/ontology/instance/Material_346717,#일반석고보드
https://example.org/ontology/instance/Element_2081266,D3-일반석고보드,https://example.org/ontology/instance/Material_346717,#일반석고보드
https://example.org/ontology/instance/Element_2081267,D3-일반석고보드,https://example.org/ontology/instance/Material_346717,#일반석고보드
https://example.org/ontology/instance/Element_2081268,D3-일반석고보드,https://example.org/ontology/instance/Material_346717,#일반석고보드
https://example.org/ontology/instance/Element_2081269,D3-일반석고보드,https://example.org/ontology/instance/Material_346717,#일반석고보드
https://example.org/ontology/instance/Element_2084508,D3-일반석고보드,https://example.org/ontology/instance/Material_346717,#일반석고보드
https://example.org/ontology/instance/Element_2084509,D3-일반석고보드,https://example.org/ontology/instance/Material_346717,#일반석고보드
https://example.org/ontology/instance/Element_2084510,D3-일반석고보드,https://example.org/ontology/instance/Material_346717,#일반석고보드
https://example.org/ontology/instance/Element_2084511,D3-일반석고보드,https://example.org/ontology/instance/Material_346717,#일반석고보드
https://example.org/ontology/instance/Element_2084512,D3-일반석고보드,https://example.org/ontology/instance/Material_346717,#일반석고보드
https://example.org/ontology/instance/Element_2084513,D3-일반석고보드,https://example.org/ontology/instance/Material_346717,#일반석고보드
https://example.org/ontology/instance/Element_2084514,D3-일반석고보드,https://example.org/ontology/instance/Material_346717,#일반석고보드
https://example.org/ontology/instance/Element_2084515,D3-일반석고보드,https://example.org/ontology/instance/Material_346717,#일반석고보드
https://example.org/ontology/instance/Element_2084516,D3-일반석고보드,https://example.org/ontology/instance/Material_346717,#일반석고보드
https://example.org/ontology/instance/Element_2084517,D3-일반석고보드,https://example.org/ontology/instance/Material_346717,#일반석고보드
https://example.org/ontology/instance/Element_2084518,D3-일반석고보드,https://example.org/ontology/instance/Material_346717,#일반석고보드
https://example.org/ontology/instance/Element_2084519,D3-일반석고보드,https://example.org/ontology/instance/Material_346717,#일반석고보드
https://example.org/ontology/instance/Element_2084842,D3-일반석고보드,https://example.org/ontology/instance/Material_346717,#일반석고보드
https://example.org/ontology/instance/Element_2084843,D3-일반석고보드,https://example.org/ontology/instance/Material_346717,#일반석고보드
https://example.org/ontology/instance/Element_2084844,D3-일반석고보드,https://example.org/ontology/instance/Material_346717,#일반석고보드
https://example.org/ontology/instance/Element_2084845,D3-일반석고보드,https://example.org/ontology/instance/Material_346717,#일반석고보드
https://example.org/ontology/instance/Element_2084916,D3-일반석고보드,https://example.org/ontology/instance/Material_346717,#일반석고보드
https://example.org/ontology/instance/Element_2084917,D3-일반석고보드,https://example.org/ontology/instance/Material_346717,#일반석고보드
https://example.org/ontology/instance/Element_2084918,D3-일반석고보드,https://example.org/ontology/instance/Material_346717,#일반석고보드
https://example.org/ontology/instance/Element_2084919,D3-일반석고보드,https://example.org/ontology/instance/Material_346717,#일반석고보드
https://example.org/ontology/instance/Element_2085001,D3-일반석고보드,https://example.org/ontology/instance/Material_346717,#일반석고보드
https://example.org/ontology/instance/Element_2085002,D3-일반석고보드,https://example.org/ontology/instance/Material_346717,#일반석고보드
https://example.org/ontology/instance/Element_2085003,D3-일반석고보드,https://example.org/ontology/instance/Material_346717,#일반석고보드
https://example.org/ontology/instance/Element_2085004,D3-일반석고보드,https://example.org/ontology/instance/Material_346717,#일반석고보드
https://example.org/ontology/instance/Element_2085067,D3-일반석고보드,https://example.org/ontology/instance/Material_346717,#일반석고보드
https://example.org/ontology/instance/Element_2085068,D3-일반석고보드,https://example.org/ontology/instance/Material_346717,#일반석고보드
https://example.org/ontology/instance/Element_2085069,D3-일반석고보드,https://example.org/ontology/instance/Material_346717,#일반석고보드
https://example.org/ontology/instance/Element_2085070,D3-일반석고보드,https://example.org/ontology/instance/Material_346717,#일반석고보드
https://example.org/ontology/instance/Element_2097723,D3-일반석고보드,https://example.org/ontology/instance/Material_346717,#일반석고보드
https://example.org/ontology/instance/Element_2097724,D3-일반석고보드,https://example.org/ontology/instance/Material_346717,#일반석고보드
https://example.org/ontology/instance/Element_2097725,D3-일반석고보드,https://example.org/ontology/instance/Material_346717,#일반석고보드
https://example.org/ontology/instance/Element_2097726,D3-일반석고보드,https://example.org/ontology/instance/Material_346717,#일반석고보드
https://example.org/ontology/instance/Element_2097728,D3-일반석고보드,https://example.org/ontology/instance/Material_346717,#일반석고보드
https://example.org/ontology/instance/Element_2097729,D3-일반석고보드,https://example.org/ontology/instance/Material_346717,#일반석고보드
https://example.org/ontology/instance/Element_2097730,D3-일반석고보드,https://example.org/ontology/instance/Material_346717,#일반석고보드
https://example.org/ontology/instance/Element_2097731,D3-일반석고보드,https://example.org/ontology/instance/Material_346717,#일반석고보드
https://example.org/ontology/instance/Element_2097757,D3-일반석고보드,https://example.org/ontology/instance/Material_346717,#일반석고보드
https://example.org/ontology/instance/Element_2097758,D3-일반석고보드,https://example.org/ontology/instance/Material_346717,#일반석고보드
https://example.org/ontology/instance/Element_2097759,D3-일반석고보드,https://example.org/ontology/instance/Material_346717,#일반석고보드
https://example.org/ontology/instance/Element_2097760,D3-일반석고보드,https://example.org/ontology/instance/Material_346717,#일반석고보드
https://example.org/ontology/instance/Element_2097808,D3-일반석고보드,https://example.org/ontology/instance/Material_346717,#일반석고보드
https://example.org/ontology/instance/Element_2097809,D3-일반석고보드,https://example.org/ontology/instance/Material_346717,#일반석고보드
https://example.org/ontology/instance/Element_2097810,D3-일반석고보드,https://example.org/ontology/instance/Material_346717,#일반석고보드
https://example.org/ontology/instance/Element_2097811,D3-일반석고보드,https://example.org/ontology/instance/Material_346717,#일반석고보드
https://example.org/ontology/instance/Element_2097894,D3-일반석고보드,https://example.org/ontology/instance/Material_346717,#일반석고보드
https://example.org/ontology/instance/Element_2097895,D3-일반석고보드,https://example.org/ontology/instance/Material_346717,#일반석고보드
https://example.org/ontology/instance/Element_2097896,D3-일반석고보드,https://example.org/ontology/instance/Material_346717,#일반석고보드
https://example.org/ontology/instance/Element_2097897,D3-일반석고보드,https://example.org/ontology/instance/Material_346717,#일반석고보드
https://example.org/ontology/instance/Element_2097960,D3-일반석고보드,https://example.org/ontology/instance/Material_346717,#일반석고보드
https://example.org/ontology/instance/Element_2097961,D3-일반석고보드,https://example.org/ontology/instance/Material_346717,#일반석고보드
https://example.org/ontology/instance/Element_2097962,D3-일반석고보드,https://example.org/ontology/instance/Material_346717,#일반석고보드
https://example.org/ontology/instance/Element_2097963,D3-일반석고보드,https://example.org/ontology/instance/Material_346717,#일반석고보드
https://example.org/ontology/instance/Element_2098026,D3-일반석고보드,https://example.org/ontology/instance/Material_346717,#일반석고보드
https://example.org/ontology/instance/Element_2098027,D3-일반석고보드,https://example.org/ontology/instance/Material_346717,#일반석고보드
https://example.org/ontology/instance/Element_2098028,D3-일반석고보드,https://example.org/ontology/instance/Material_346717,#일반석고보드
https://example.org/ontology/instance/Element_2098029,D3-일반석고보드,https://example.org/ontology/instance/Material_346717,#일반석고보드
https://example.org/ontology/instance/Element_2098076,D3-일반석고보드,https://example.org/ontology/instance/Material_346717,#일반석고보드
https://example.org/ontology/instance/Element_2098077,D3-일반석고보드,https://example.org/ontology/instance/Material_346717,#일반석고보드
https://example.org/ontology/instance/Element_2098078,D3-일반석고보드,https://example.org/ontology/instance/Material_346717,#일반석고보드
https://example.org/ontology/instance/Element_2098079,D3-일반석고보드,https://example.org/ontology/instance/Material_346717,#일반석고보드
https://example.org/ontology/instance/Element_2098080,D3-일반석고보드,https://example.org/ontology/instance/Material_346717,#일반석고보드
https://example.org/ontology/instance/Element_2098081,D3-일반석고보드,https://example.org/ontology/instance/Material_346717,#일반석고보드
https://example.org/ontology/instance/Element_2098082,D3-일반석고보드,https://example.org/ontology/instance/Material_346717,#일반석고보드
https://example.org/ontology/instance/Element_2098083,D3-일반석고보드,https://example.org/ontology/instance/Material_346717,#일반석고보드
https://example.org/ontology/instance/Element_2098084,D3-일반석고보드,https://example.org/ontology/instance/Material_346717,#일반석고보드
https://example.org/ontology/instance/Element_2098085,D3-일반석고보드,https://example.org/ontology/instance/Material_346717,#일반석고보드
https://example.org/ontology/instance/Element_2098086,D3-일반석고보드,https://example.org/ontology/instance/Material_346717,#일반석고보드
https://example.org/ontology/instance/Element_2098087,D3-일반석고보드,https://example.org/ontology/instance/Material_346717,#일반석고보드
https://example.org/ontology/instance/Element_2098130,D3-일반석고보드,https://example.org/ontology/instance/Material_346717,#일반석고보드
https://example.org/ontology/instance/Element_2098131,D3-일반석고보드,https://example.org/ontology/instance/Material_346717,#일반석고보드
https://example.org/ontology/instance/Element_2098132,D3-일반석고보드,https://example.org/ontology/instance/Material_346717,#일반석고보드
https://example.org/ontology/instance/Element_2098133,D3-일반석고보드,https://example.org/ontology/instance/Material_346717,#일반석고보드
https://example.org/ontology/instance/Element_2098198,D3-일반석고보드,https://example.org/ontology/instance/Material_346717,#일반석고보드
https://example.org/ontology/instance/Element_2098199,D3-일반석고보드,https://example.org/ontology/instance/Material_346717,#일반석고보드
https://example.org/ontology/instance/Element_2098200,D3-일반석고보드,https://example.org/ontology/instance/Material_346717,#일반석고보드
https://example.org/ontology/instance/Element_2098201,D3-일반석고보드,https://example.org/ontology/instance/Material_346717,#일반석고보드
https://example.org/ontology/instance/Element_2098262,D3-일반석고보드,https://example.org/ontology/instance/Material_346717,#일반석고보드
https://example.org/ontology/instance/Element_2098263,D3-일반석고보드,https://example.org/ontology/instance/Material_346717,#일반석고보드
https://example.org/ontology/instance/Element_2098264,D3-일반석고보드,https://example.org/ontology/instance/Material_346717,#일반석고보드
https://example.org/ontology/instance/Element_2098265,D3-일반석고보드,https://example.org/ontology/instance/Material_346717,#일반석고보드
https://example.org/ontology/instance/Element_2098330,D3-일반석고보드,https://example.org/ontology/instance/Material_346717,#일반석고보드
https://example.org/ontology/instance/Element_2098331,D3-일반석고보드,https://example.org/ontology/instance/Material_346717,#일반석고보드
https://example.org/ontology/instance/Element_2098332,D3-일반석고보드,https://example.org/ontology/instance/Material_346717,#일반석고보드
https://example.org/ontology/instance/Element_2098333,D3-일반석고보드,https://example.org/ontology/instance/Material_346717,#일반석고보드
https://example.org/ontology/instance/Element_2098397,D3-일반석고보드,https://example.org/ontology/instance/Material_346717,#일반석고보드
https://example.org/ontology/instance/Element_2098398,D3-일반석고보드,https://example.org/ontology/instance/Material_346717,#일반석고보드
https://example.org/ontology/instance/Element_2098399,D3-일반석고보드,https://example.org/ontology/instance/Material_346717,#일반석고보드
https://example.org/ontology/instance/Element_2098400,D3-일반석고보드,https://example.org/ontology/instance/Material_346717,#일반석고보드
https://example.org/ontology/instance/Element_2098464,D3-일반석고보드,https://example.org/ontology/instance/Material_346717,#일반석고보드
https://example.org/ontology/instance/Element_2098465,D3-일반석고보드,https://example.org/ontology/instance/Material_346717,#일반석고보드
https://example.org/ontology/instance/Element_2098466,D3-일반석고보드,https://example.org/ontology/instance/Material_346717,#일반석고보드
https://example.org/ontology/instance/Element_2098467,D3-일반석고보드,https://example.org/ontology/instance/Material_346717,#일반석고보드
https://example.org/ontology/instance/Element_2100119,D3-일반석고보드,https://example.org/ontology/instance/Material_346717,#일반석고보드
https://example.org/ontology/instance/Element_2100272,D3-일반석고보드,https://example.org/ontology/instance/Material_346717,#일반석고보드
https://example.org/ontology/instance/Element_623588,D4-그라스울보온재24k,https://example.org/ontology/instance/Material_346720,#그라스울보온재24k
https://example.org/ontology/instance/Element_624092,D4-그라스울보온재24k,https://example.org/ontology/instance/Material_346720,#그라스울보온재24k
https://example.org/ontology/instance/Element_624173,D4-그라스울보온재24k,https://example.org/ontology/instance/Material_346720,#그라스울보온재24k
https://example.org/ontology/instance/Element_783926,D4-그라스울보온재24k,https://example.org/ontology/instance/Material_346720,#그라스울보온재24k
https://example.org/ontology/instance/Element_783933,D4-그라스울보온재24k,https://example.org/ontology/instance/Material_346720,#그라스울보온재24k
https://example.org/ontology/instance/Element_783934,D4-그라스울보온재24k,https://example.org/ontology/instance/Material_346720,#그라스울보온재24k
https://example.org/ontology/instance/Element_786386,D4-그라스울보온재24k,https://example.org/ontology/instance/Material_346720,#그라스울보온재24k
https://example.org/ontology/instance/Element_786387,D4-그라스울보온재24k,https://example.org/ontology/instance/Material_346720,#그라스울보온재24k
https://example.org/ontology/instance/Element_786938,D4-그라스울보온재24k,https://example.org/ontology/instance/Material_346720,#그라스울보온재24k
https://example.org/ontology/instance/Element_786945,D4-그라스울보온재24k,https://example.org/ontology/instance/Material_346720,#그라스울보온재24k
https://example.org/ontology/instance/Element_786946,D4-그라스울보온재24k,https://example.org/ontology/instance/Material_346720,#그라스울보온재24k
https://example.org/ontology/instance/Element_787513,D4-그라스울보온재24k,https://example.org/ontology/instance/Material_346720,#그라스울보온재24k
https://example.org/ontology/instance/Element_787520,D4-그라스울보온재24k,https://example.org/ontology/instance/Material_346720,#그라스울보온재24k
https://example.org/ontology/instance/Element_787521,D4-그라스울보온재24k,https://example.org/ontology/instance/Material_346720,#그라스울보온재24k
https://example.org/ontology/instance/Element_788046,D4-그라스울보온재24k,https://example.org/ontology/instance/Material_346720,#그라스울보온재24k
https://example.org/ontology/instance/Element_788053,D4-그라스울보온재24k,https://example.org/ontology/instance/Material_346720,#그라스울보온재24k
https://example.org/ontology/instance/Element_788054,D4-그라스울보온재24k,https://example.org/ontology/instance/Material_346720,#그라스울보온재24k
https://example.org/ontology/instance/Element_794048,D4-그라스울보온재24k,https://example.org/ontology/instance/Material_346720,#그라스울보온재24k
https://example.org/ontology/instance/Element_795002,D4-그라스울보온재24k,https://example.org/ontology/instance/Material_346720,#그라스울보온재24k
https://example.org/ontology/instance/Element_795021,D4-그라스울보온재24k,https://example.org/ontology/instance/Material_346720,#그라스울보온재24k
https://example.org/ontology/instance/Element_834325,D4-그라스울보온재24k,https://example.org/ontology/instance/Material_346720,#그라스울보온재24k
https://example.org/ontology/instance/Element_834332,D4-그라스울보온재24k,https://example.org/ontology/instance/Material_346720,#그라스울보온재24k
https://example.org/ontology/instance/Element_834333,D4-그라스울보온재24k,https://example.org/ontology/instance/Material_346720,#그라스울보온재24k
https://example.org/ontology/instance/Element_835543,D4-그라스울보온재24k,https://example.org/ontology/instance/Material_346720,#그라스울보온재24k
https://example.org/ontology/instance/Element_835550,D4-그라스울보온재24k,https://example.org/ontology/instance/Material_346720,#그라스울보온재24k
https://example.org/ontology/instance/Element_835551,D4-그라스울보온재24k,https://example.org/ontology/instance/Material_346720,#그라스울보온재24k
https://example.org/ontology/instance/Element_836137,D4-그라스울보온재24k,https://example.org/ontology/instance/Material_346720,#그라스울보온재24k
https://example.org/ontology/instance/Element_836144,D4-그라스울보온재24k,https://example.org/ontology/instance/Material_346720,#그라스울보온재24k
https://example.org/ontology/instance/Element_836145,D4-그라스울보온재24k,https://example.org/ontology/instance/Material_346720,#그라스울보온재24k
https://example.org/ontology/instance/Element_836751,D4-그라스울보온재24k,https://example.org/ontology/instance/Material_346720,#그라스울보온재24k
https://example.org/ontology/instance/Element_836758,D4-그라스울보온재24k,https://example.org/ontology/instance/Material_346720,#그라스울보온재24k
https://example.org/ontology/instance/Element_836759,D4-그라스울보온재24k,https://example.org/ontology/instance/Material_346720,#그라스울보온재24k
https://example.org/ontology/instance/Element_837301,D4-그라스울보온재24k,https://example.org/ontology/instance/Material_346720,#그라스울보온재24k
https://example.org/ontology/instance/Element_837308,D4-그라스울보온재24k,https://example.org/ontology/instance/Material_346720,#그라스울보온재24k
https://example.org/ontology/instance/Element_837309,D4-그라스울보온재24k,https://example.org/ontology/instance/Material_346720,#그라스울보온재24k
https://example.org/ontology/instance/Element_837842,D4-그라스울보온재24k,https://example.org/ontology/instance/Material_346720,#그라스울보온재24k
https://example.org/ontology/instance/Element_837849,D4-그라스울보온재24k,https://example.org/ontology/instance/Material_346720,#그라스울보온재24k
https://example.org/ontology/instance/Element_837850,D4-그라스울보온재24k,https://example.org/ontology/instance/Material_346720,#그라스울보온재24k
https://example.org/ontology/instance/Element_838424,D4-그라스울보온재24k,https://example.org/ontology/instance/Material_346720,#그라스울보온재24k
https://example.org/ontology/instance/Element_838431,D4-그라스울보온재24k,https://example.org/ontology/instance/Material_346720,#그라스울보온재24k
https://example.org/ontology/instance/Element_838432,D4-그라스울보온재24k,https://example.org/ontology/instance/Material_346720,#그라스울보온재24k
https://example.org/ontology/instance/Element_839007,D4-그라스울보온재24k,https://example.org/ontology/instance/Material_346720,#그라스울보온재24k
https://example.org/ontology/instance/Element_839014,D4-그라스울보온재24k,https://example.org/ontology/instance/Material_346720,#그라스울보온재24k
https://example.org/ontology/instance/Element_839015,D4-그라스울보온재24k,https://example.org/ontology/instance/Material_346720,#그라스울보온재24k
https://example.org/ontology/instance/Element_839538,D4-그라스울보온재24k,https://example.org/ontology/instance/Material_346720,#그라스울보온재24k
https://example.org/ontology/instance/Element_839545,D4-그라스울보온재24k,https://example.org/ontology/instance/Material_346720,#그라스울보온재24k
https://example.org/ontology/instance/Element_839546,D4-그라스울보온재24k,https://example.org/ontology/instance/Material_346720,#그라스울보온재24k
https://example.org/ontology/instance/Element_840136,D4-그라스울보온재24k,https://example.org/ontology/instance/Material_346720,#그라스울보온재24k
https://example.org/ontology/instance/Element_840143,D4-그라스울보온재24k,https://example.org/ontology/instance/Material_346720,#그라스울보온재24k
https://example.org/ontology/instance/Element_840144,D4-그라스울보온재24k,https://example.org/ontology/instance/Material_346720,#그라스울보온재24k
https://example.org/ontology/instance/Element_1228257,D4-그라스울보온재24k,https://example.org/ontology/instance/Material_346720,#그라스울보온재24k
https://example.org/ontology/instance/Element_1262996,D4-그라스울보온재24k,https://example.org/ontology/instance/Material_346720,#그라스울보온재24k
https://example.org/ontology/instance/Element_1734362,D4-그라스울보온재24k,https://example.org/ontology/instance/Material_346720,#그라스울보온재24k
https://example.org/ontology/instance/Element_2074418,D4-일반석고보드,https://example.org/ontology/instance/Material_346717,#일반석고보드
https://example.org/ontology/instance/Element_2074419,D4-일반석고보드,https://example.org/ontology/instance/Material_346717,#일반석고보드
https://example.org/ontology/instance/Element_2074420,D4-일반석고보드,https://example.org/ontology/instance/Material_346717,#일반석고보드
https://example.org/ontology/instance/Element_2074421,D4-일반석고보드,https://example.org/ontology/instance/Material_346717,#일반석고보드
https://example.org/ontology/instance/Element_2074422,D4-일반석고보드,https://example.org/ontology/instance/Material_346717,#일반석고보드
https://example.org/ontology/instance/Element_2074423,D4-일반석고보드,https://example.org/ontology/instance/Material_346717,#일반석고보드
https://example.org/ontology/instance/Element_2074424,D4-일반석고보드,https://example.org/ontology/instance/Material_346717,#일반석고보드
https://example.org/ontology/instance/Element_2074425,D4-일반석고보드,https://example.org/ontology/instance/Material_346717,#일반석고보드
https://example.org/ontology/instance/Element_2074688,D4-일반석고보드,https://example.org/ontology/instance/Material_346717,#일반석고보드
https://example.org/ontology/instance/Element_2074689,D4-일반석고보드,https://example.org/ontology/instance/Material_346717,#일반석고보드
https://example.org/ontology/instance/Element_2074690,D4-일반석고보드,https://example.org/ontology/instance/Material_346717,#일반석고보드
https://example.org/ontology/instance/Element_2074691,D4-일반석고보드,https://example.org/ontology/instance/Material_346717,#일반석고보드
https://example.org/ontology/instance/Element_2076819,D4-일반석고보드,https://example.org/ontology/instance/Material_346717,#일반석고보드
https://example.org/ontology/instance/Element_2076820,D4-일반석고보드,https://example.org/ontology/instance/Material_346717,#일반석고보드
https://example.org/ontology/instance/Element_2076821,D4-일반석고보드,https://example.org/ontology/instance/Material_346717,#일반석고보드
https://example.org/ontology/instance/Element_2076822,D4-일반석고보드,https://example.org/ontology/instance/Material_346717,#일반석고보드
https://example.org/ontology/instance/Element_2076838,D4-일반석고보드,https://example.org/ontology/instance/Material_346717,#일반석고보드
https://example.org/ontology/instance/Element_2076839,D4-일반석고보드,https://example.org/ontology/instance/Material_346717,#일반석고보드
https://example.org/ontology/instance/Element_2076840,D4-일반석고보드,https://example.org/ontology/instance/Material_346717,#일반석고보드
https://example.org/ontology/instance/Element_2076841,D4-일반석고보드,https://example.org/ontology/instance/Material_346717,#일반석고보드
https://example.org/ontology/instance/Element_2076842,D4-일반석고보드,https://example.org/ontology/instance/Material_346717,#일반석고보드
https://example.org/ontology/instance/Element_2076843,D4-일반석고보드,https://example.org/ontology/instance/Material_346717,#일반석고보드
https://example.org/ontology/instance/Element_2076844,D4-일반석고보드,https://example.org/ontology/instance/Material_346717,#일반석고보드
https://example.org/ontology/instance/Element_2076845,D4-일반석고보드,https://example.org/ontology/instance/Material_346717,#일반석고보드
https://example.org/ontology/instance/Element_2081261,D4-일반석고보드,https://example.org/ontology/instance/Material_346717,#일반석고보드
https://example.org/ontology/instance/Element_2081262,D4-일반석고보드,https://example.org/ontology/instance/Material_346717,#일반석고보드
https://example.org/ontology/instance/Element_2081263,D4-일반석고보드,https://example.org/ontology/instance/Material_346717,#일반석고보드
https://example.org/ontology/instance/Element_2081264,D4-일반석고보드,https://example.org/ontology/instance/Material_346717,#일반석고보드
https://example.org/ontology/instance/Element_2081278,D4-일반석고보드,https://example.org/ontology/instance/Material_346717,#일반석고보드
https://example.org/ontology/instance/Element_2081279,D4-일반석고보드,https://example.org/ontology/instance/Material_346717,#일반석고보드
https://example.org/ontology/instance/Element_2081280,D4-일반석고보드,https://example.org/ontology/instance/Material_346717,#일반석고보드
https://example.org/ontology/instance/Element_2081281,D4-일반석고보드,https://example.org/ontology/instance/Material_346717,#일반석고보드
https://example.org/ontology/instance/Element_2081282,D4-일반석고보드,https://example.org/ontology/instance/Material_346717,#일반석고보드
https://example.org/ontology/instance/Element_2081283,D4-일반석고보드,https://example.org/ontology/instance/Material_346717,#일반석고보드
https://example.org/ontology/instance/Element_2081284,D4-일반석고보드,https://example.org/ontology/instance/Material_346717,#일반석고보드
https://example.org/ontology/instance/Element_2081285,D4-일반석고보드,https://example.org/ontology/instance/Material_346717,#일반석고보드
https://example.org/ontology/instance/Element_2084805,D4-일반석고보드,https://example.org/ontology/instance/Material_346717,#일반석고보드
https://example.org/ontology/instance/Element_2084806,D4-일반석고보드,https://example.org/ontology/instance/Material_346717,#일반석고보드
https://example.org/ontology/instance/Element_2084807,D4-일반석고보드,https://example.org/ontology/instance/Material_346717,#일반석고보드
https://example.org/ontology/instance/Element_2084808,D4-일반석고보드,https://example.org/ontology/instance/Material_346717,#일반석고보드
https://example.org/ontology/instance/Element_2084825,D4-일반석고보드,https://example.org/ontology/instance/Material_346717,#일반석고보드
https://example.org/ontology/instance/Element_2084826,D4-일반석고보드,https://example.org/ontology/instance/Material_346717,#일반석고보드
https://example.org/ontology/instance/Element_2084827,D4-일반석고보드,https://example.org/ontology/instance/Material_346717,#일반석고보드
https://example.org/ontology/instance/Element_2084828,D4-일반석고보드,https://example.org/ontology/instance/Material_346717,#일반석고보드
https://example.org/ontology/instance/Element_2084829,D4-일반석고보드,https://example.org/ontology/instance/Material_346717,#일반석고보드
https://example.org/ontology/instance/Element_2084830,D4-일반석고보드,https://example.org/ontology/instance/Material_346717,#일반석고보드
https://example.org/ontology/instance/Element_2084831,D4-일반석고보드,https://example.org/ontology/instance/Material_346717,#일반석고보드
https://example.org/ontology/instance/Element_2084832,D4-일반석고보드,https://example.org/ontology/instance/Material_346717,#일반석고보드
https://example.org/ontology/instance/Element_2084908,D4-일반석고보드,https://example.org/ontology/instance/Material_346717,#일반석고보드
https://example.org/ontology/instance/Element_2084909,D4-일반석고보드,https://example.org/ontology/instance/Material_346717,#일반석고보드
https://example.org/ontology/instance/Element_2084910,D4-일반석고보드,https://example.org/ontology/instance/Material_346717,#일반석고보드
https://example.org/ontology/instance/Element_2084911,D4-일반석고보드,https://example.org/ontology/instance/Material_346717,#일반석고보드
https://example.org/ontology/instance/Element_2084928,D4-일반석고보드,https://example.org/ontology/instance/Material_346717,#일반석고보드
https://example.org/ontology/instance/Element_2084929,D4-일반석고보드,https://example.org/ontology/instance/Material_346717,#일반석고보드
https://example.org/ontology/instance/Element_2084930,D4-일반석고보드,https://example.org/ontology/instance/Material_346717,#일반석고보드
https://example.org/ontology/instance/Element_2084931,D4-일반석고보드,https://example.org/ontology/instance/Material_346717,#일반석고보드
https://example.org/ontology/instance/Element_2084932,D4-일반석고보드,https://example.org/ontology/instance/Material_346717,#일반석고보드
https://example.org/ontology/instance/Element_2084933,D4-일반석고보드,https://example.org/ontology/instance/Material_346717,#일반석고보드
https://example.org/ontology/instance/Element_2084934,D4-일반석고보드,https://example.org/ontology/instance/Material_346717,#일반석고보드
https://example.org/ontology/instance/Element_2084935,D4-일반석고보드,https://example.org/ontology/instance/Material_346717,#일반석고보드
https://example.org/ontology/instance/Element_2084996,D4-일반석고보드,https://example.org/ontology/instance/Material_346717,#일반석고보드
https://example.org/ontology/instance/Element_2084997,D4-일반석고보드,https://example.org/ontology/instance/Material_346717,#일반석고보드
https://example.org/ontology/instance/Element_2084998,D4-일반석고보드,https://example.org/ontology/instance/Material_346717,#일반석고보드
https://example.org/ontology/instance/Element_2084999,D4-일반석고보드,https://example.org/ontology/instance/Material_346717,#일반석고보드
https://example.org/ontology/instance/Element_2085013,D4-일반석고보드,https://example.org/ontology/instance/Material_346717,#일반석고보드
https://example.org/ontology/instance/Element_2085014,D4-일반석고보드,https://example.org/ontology/instance/Material_346717,#일반석고보드
https://example.org/ontology/instance/Element_2085015,D4-일반석고보드,https://example.org/ontology/instance/Material_346717,#일반석고보드
https://example.org/ontology/instance/Element_2085016,D4-일반석고보드,https://example.org/ontology/instance/Material_346717,#일반석고보드
https://example.org/ontology/instance/Element_2085017,D4-일반석고보드,https://example.org/ontology/instance/Material_346717,#일반석고보드
https://example.org/ontology/instance/Element_2085018,D4-일반석고보드,https://example.org/ontology/instance/Material_346717,#일반석고보드
https://example.org/ontology/instance/Element_2085019,D4-일반석고보드,https://example.org/ontology/instance/Material_346717,#일반석고보드
https://example.org/ontology/instance/Element_2085020,D4-일반석고보드,https://example.org/ontology/instance/Material_346717,#일반석고보드
https://example.org/ontology/instance/Element_2085062,D4-일반석고보드,https://example.org/ontology/instance/Material_346717,#일반석고보드
https://example.org/ontology/instance/Element_2085063,D4-일반석고보드,https://example.org/ontology/instance/Material_346717,#일반석고보드
https://example.org/ontology/instance/Element_2085064,D4-일반석고보드,https://example.org/ontology/instance/Material_346717,#일반석고보드
https://example.org/ontology/instance/Element_2085065,D4-일반석고보드,https://example.org/ontology/instance/Material_346717,#일반석고보드
https://example.org/ontology/instance/Element_2085079,D4-일반석고보드,https://example.org/ontology/instance/Material_346717,#일반석고보드
https://example.org/ontology/instance/Element_2085080,D4-일반석고보드,https://example.org/ontology/instance/Material_346717,#일반석고보드
https://example.org/ontology/instance/Element_2085081,D4-일반석고보드,https://example.org/ontology/instance/Material_346717,#일반석고보드
https://example.org/ontology/instance/Element_2085082,D4-일반석고보드,https://example.org/ontology/instance/Material_346717,#일반석고보드
https://example.org/ontology/instance/Element_2085083,D4-일반석고보드,https://example.org/ontology/instance/Material_346717,#일반석고보드
https://example.org/ontology/instance/Element_2085084,D4-일반석고보드,https://example.org/ontology/instance/Material_346717,#일반석고보드
https://example.org/ontology/instance/Element_2085085,D4-일반석고보드,https://example.org/ontology/instance/Material_346717,#일반석고보드
https://example.org/ontology/instance/Element_2085086,D4-일반석고보드,https://example.org/ontology/instance/Material_346717,#일반석고보드
https://example.org/ontology/instance/Element_2097744,D4-일반석고보드,https://example.org/ontology/instance/Material_346717,#일반석고보드
https://example.org/ontology/instance/Element_2097745,D4-일반석고보드,https://example.org/ontology/instance/Material_346717,#일반석고보드
https://example.org/ontology/instance/Element_2097746,D4-일반석고보드,https://example.org/ontology/instance/Material_346717,#일반석고보드
https://example.org/ontology/instance/Element_2097747,D4-일반석고보드,https://example.org/ontology/instance/Material_346717,#일반석고보드
https://example.org/ontology/instance/Element_2097752,D4-일반석고보드,https://example.org/ontology/instance/Material_346717,#일반석고보드
https://example.org/ontology/instance/Element_2097753,D4-일반석고보드,https://example.org/ontology/instance/Material_346717,#일반석고보드
https://example.org/ontology/instance/Element_2097754,D4-일반석고보드,https://example.org/ontology/instance/Material_346717,#일반석고보드
https://example.org/ontology/instance/Element_2097755,D4-일반석고보드,https://example.org/ontology/instance/Material_346717,#일반석고보드
https://example.org/ontology/instance/Element_2097803,D4-일반석고보드,https://example.org/ontology/instance/Material_346717,#일반석고보드
https://example.org/ontology/instance/Element_2097804,D4-일반석고보드,https://example.org/ontology/instance/Material_346717,#일반석고보드
https://example.org/ontology/instance/Element_2097805,D4-일반석고보드,https://example.org/ontology/instance/Material_346717,#일반석고보드
https://example.org/ontology/instance/Element_2097806,D4-일반석고보드,https://example.org/ontology/instance/Material_346717,#일반석고보드
https://example.org/ontology/instance/Element_2097820,D4-일반석고보드,https://example.org/ontology/instance/Material_346717,#일반석고보드
https://example.org/ontology/instance/Element_2097821,D4-일반석고보드,https://example.org/ontology/instance/Material_346717,#일반석고보드
https://example.org/ontology/instance/Element_2097822,D4-일반석고보드,https://example.org/ontology/instance/Material_346717,#일반석고보드
https://example.org/ontology/instance/Element_2097823,D4-일반석고보드,https://example.org/ontology/instance/Material_346717,#일반석고보드
https://example.org/ontology/instance/Element_2097824,D4-일반석고보드,https://example.org/ontology/instance/Material_346717,#일반석고보드
https://example.org/ontology/instance/Element_2097825,D4-일반석고보드,https://example.org/ontology/instance/Material_346717,#일반석고보드
https://example.org/ontology/instance/Element_2097826,D4-일반석고보드,https://example.org/ontology/instance/Material_346717,#일반석고보드
https://example.org/ontology/instance/Element_2097827,D4-일반석고보드,https://example.org/ontology/instance/Material_346717,#일반석고보드
https://example.org/ontology/instance/Element_2097889,D4-일반석고보드,https://example.org/ontology/instance/Material_346717,#일반석고보드
https://example.org/ontology/instance/Element_2097890,D4-일반석고보드,https://example.org/ontology/instance/Material_346717,#일반석고보드
https://example.org/ontology/instance/Element_2097891,D4-일반석고보드,https://example.org/ontology/instance/Material_346717,#일반석고보드
https://example.org/ontology/instance/Element_2097892,D4-일반석고보드,https://example.org/ontology/instance/Material_346717,#일반석고보드
https://example.org/ontology/instance/Element_2097906,D4-일반석고보드,https://example.org/ontology/instance/Material_346717,#일반석고보드
https://example.org/ontology/instance/Element_2097907,D4-일반석고보드,https://example.org/ontology/instance/Material_346717,#일반석고보드
https://example.org/ontology/instance/Element_2097908,D4-일반석고보드,https://example.org/ontology/instance/Material_346717,#일반석고보드
https://example.org/ontology/instance/Element_2097909,D4-일반석고보드,https://example.org/ontology/instance/Material_346717,#일반석고보드
https://example.org/ontology/instance/Element_2097910,D4-일반석고보드,https://example.org/ontology/instance/Material_346717,#일반석고보드
https://example.org/ontology/instance/Element_2097911,D4-일반석고보드,https://example.org/ontology/instance/Material_346717,#일반석고보드
https://example.org/ontology/instance/Element_2097912,D4-일반석고보드,https://example.org/ontology/instance/Material_346717,#일반석고보드
https://example.org/ontology/instance/Element_2097913,D4-일반석고보드,https://example.org/ontology/instance/Material_346717,#일반석고보드
https://example.org/ontology/instance/Element_2097955,D4-일반석고보드,https://example.org/ontology/instance/Material_346717,#일반석고보드
https://example.org/ontology/instance/Element_2097956,D4-일반석고보드,https://example.org/ontology/instance/Material_346717,#일반석고보드
https://example.org/ontology/instance/Element_2097957,D4-일반석고보드,https://example.org/ontology/instance/Material_346717,#일반석고보드
https://example.org/ontology/instance/Element_2097958,D4-일반석고보드,https://example.org/ontology/instance/Material_346717,#일반석고보드
https://example.org/ontology/instance/Element_2097972,D4-일반석고보드,https://example.org/ontology/instance/Material_346717,#일반석고보드
https://example.org/ontology/instance/Element_2097973,D4-일반석고보드,https://example.org/ontology/instance/Material_346717,#일반석고보드
https://example.org/ontology/instance/Element_2097974,D4-일반석고보드,https://example.org/ontology/instance/Material_346717,#일반석고보드
https://example.org/ontology/instance/Element_2097975,D4-일반석고보드,https://example.org/ontology/instance/Material_346717,#일반석고보드
https://example.org/ontology/instance/Element_2097976,D4-일반석고보드,https://example.org/ontology/instance/Material_346717,#일반석고보드
https://example.org/ontology/instance/Element_2097977,D4-일반석고보드,https://example.org/ontology/instance/Material_346717,#일반석고보드
https://example.org/ontology/instance/Element_2097978,D4-일반석고보드,https://example.org/ontology/instance/Material_346717,#일반석고보드
https://example.org/ontology/instance/Element_2097979,D4-일반석고보드,https://example.org/ontology/instance/Material_346717,#일반석고보드
https://example.org/ontology/instance/Element_2098021,D4-일반석고보드,https://example.org/ontology/instance/Material_346717,#일반석고보드
https://example.org/ontology/instance/Element_2098022,D4-일반석고보드,https://example.org/ontology/instance/Material_346717,#일반석고보드
https://example.org/ontology/instance/Element_2098023,D4-일반석고보드,https://example.org/ontology/instance/Material_346717,#일반석고보드
https://example.org/ontology/instance/Element_2098024,D4-일반석고보드,https://example.org/ontology/instance/Material_346717,#일반석고보드
https://example.org/ontology/instance/Element_2098038,D4-일반석고보드,https://example.org/ontology/instance/Material_346717,#일반석고보드
https://example.org/ontology/instance/Element_2098039,D4-일반석고보드,https://example.org/ontology/instance/Material_346717,#일반석고보드
https://example.org/ontology/instance/Element_2098040,D4-일반석고보드,https://example.org/ontology/instance/Material_346717,#일반석고보드
https://example.org/ontology/instance/Element_2098041,D4-일반석고보드,https://example.org/ontology/instance/Material_346717,#일반석고보드
https://example.org/ontology/instance/Element_2098042,D4-일반석고보드,https://example.org/ontology/instance/Material_346717,#일반석고보드
https://example.org/ontology/instance/Element_2098043,D4-일반석고보드,https://example.org/ontology/instance/Material_346717,#일반석고보드
https://example.org/ontology/instance/Element_2098044,D4-일반석고보드,https://example.org/ontology/instance/Material_346717,#일반석고보드
https://example.org/ontology/instance/Element_2098045,D4-일반석고보드,https://example.org/ontology/instance/Material_346717,#일반석고보드
https://example.org/ontology/instance/Element_2098125,D4-일반석고보드,https://example.org/ontology/instance/Material_346717,#일반석고보드
https://example.org/ontology/instance/Element_2098126,D4-일반석고보드,https://example.org/ontology/instance/Material_346717,#일반석고보드
https://example.org/ontology/instance/Element_2098127,D4-일반석고보드,https://example.org/ontology/instance/Material_346717,#일반석고보드
https://example.org/ontology/instance/Element_2098128,D4-일반석고보드,https://example.org/ontology/instance/Material_346717,#일반석고보드
https://example.org/ontology/instance/Element_2098142,D4-일반석고보드,https://example.org/ontology/instance/Material_346717,#일반석고보드
https://example.org/ontology/instance/Element_2098143,D4-일반석고보드,https://example.org/ontology/instance/Material_346717,#일반석고보드
https://example.org/ontology/instance/Element_2098144,D4-일반석고보드,https://example.org/ontology/instance/Material_346717,#일반석고보드
https://example.org/ontology/instance/Element_2098145,D4-일반석고보드,https://example.org/ontology/instance/Material_346717,#일반석고보드
https://example.org/ontology/instance/Element_2098146,D4-일반석고보드,https://example.org/ontology/instance/Material_346717,#일반석고보드
https://example.org/ontology/instance/Element_2098147,D4-일반석고보드,https://example.org/ontology/instance/Material_346717,#일반석고보드
https://example.org/ontology/instance/Element_2098148,D4-일반석고보드,https://example.org/ontology/instance/Material_346717,#일반석고보드
https://example.org/ontology/instance/Element_2098149,D4-일반석고보드,https://example.org/ontology/instance/Material_346717,#일반석고보드
https://example.org/ontology/instance/Element_2098193,D4-일반석고보드,https://example.org/ontology/instance/Material_346717,#일반석고보드
https://example.org/ontology/instance/Element_2098194,D4-일반석고보드,https://example.org/ontology/instance/Material_346717,#일반석고보드
https://example.org/ontology/instance/Element_2098195,D4-일반석고보드,https://example.org/ontology/instance/Material_346717,#일반석고보드
https://example.org/ontology/instance/Element_2098196,D4-일반석고보드,https://example.org/ontology/instance/Material_346717,#일반석고보드
https://example.org/ontology/instance/Element_2098210,D4-일반석고보드,https://example.org/ontology/instance/Material_346717,#일반석고보드
https://example.org/ontology/instance/Element_2098211,D4-일반석고보드,https://example.org/ontology/instance/Material_346717,#일반석고보드
https://example.org/ontology/instance/Element_2098212,D4-일반석고보드,https://example.org/ontology/instance/Material_346717,#일반석고보드
https://example.org/ontology/instance/Element_2098213,D4-일반석고보드,https://example.org/ontology/instance/Material_346717,#일반석고보드
https://example.org/ontology/instance/Element_2098214,D4-일반석고보드,https://example.org/ontology/instance/Material_346717,#일반석고보드
https://example.org/ontology/instance/Element_2098215,D4-일반석고보드,https://example.org/ontology/instance/Material_346717,#일반석고보드
https://example.org/ontology/instance/Element_2098216,D4-일반석고보드,https://example.org/ontology/instance/Material_346717,#일반석고보드
https://example.org/ontology/instance/Element_2098217,D4-일반석고보드,https://example.org/ontology/instance/Material_346717,#일반석고보드
https://example.org/ontology/instance/Element_2098257,D4-일반석고보드,https://example.org/ontology/instance/Material_346717,#일반석고보드
https://example.org/ontology/instance/Element_2098258,D4-일반석고보드,https://example.org/ontology/instance/Material_346717,#일반석고보드
https://example.org/ontology/instance/Element_2098259,D4-일반석고보드,https://example.org/ontology/instance/Material_346717,#일반석고보드
https://example.org/ontology/instance/Element_2098260,D4-일반석고보드,https://example.org/ontology/instance/Material_346717,#일반석고보드
https://example.org/ontology/instance/Element_2098274,D4-일반석고보드,https://example.org/ontology/instance/Material_346717,#일반석고보드
https://example.org/ontology/instance/Element_2098275,D4-일반석고보드,https://example.org/ontology/instance/Material_346717,#일반석고보드
https://example.org/ontology/instance/Element_2098276,D4-일반석고보드,https://example.org/ontology/instance/Material_346717,#일반석고보드
https://example.org/ontology/instance/Element_2098277,D4-일반석고보드,https://example.org/ontology/instance/Material_346717,#일반석고보드
https://example.org/ontology/instance/Element_2098278,D4-일반석고보드,https://example.org/ontology/instance/Material_346717,#일반석고보드
https://example.org/ontology/instance/Element_2098279,D4-일반석고보드,https://example.org/ontology/instance/Material_346717,#일반석고보드
https://example.org/ontology/instance/Element_2098280,D4-일반석고보드,https://example.org/ontology/instance/Material_346717,#일반석고보드
https://example.org/ontology/instance/Element_2098281,D4-일반석고보드,https://example.org/ontology/instance/Material_346717,#일반석고보드
https://example.org/ontology/instance/Element_2098325,D4-일반석고보드,https://example.org/ontology/instance/Material_346717,#일반석고보드
https://example.org/ontology/instance/Element_2098326,D4-일반석고보드,https://example.org/ontology/instance/Material_346717,#일반석고보드
https://example.org/ontology/instance/Element_2098327,D4-일반석고보드,https://example.org/ontology/instance/Material_346717,#일반석고보드
https://example.org/ontology/instance/Element_2098328,D4-일반석고보드,https://example.org/ontology/instance/Material_346717,#일반석고보드
https://example.org/ontology/instance/Element_2098342,D4-일반석고보드,https://example.org/ontology/instance/Material_346717,#일반석고보드
https://example.org/ontology/instance/Element_2098343,D4-일반석고보드,https://example.org/ontology/instance/Material_346717,#일반석고보드
https://example.org/ontology/instance/Element_2098344,D4-일반석고보드,https://example.org/ontology/instance/Material_346717,#일반석고보드
https://example.org/ontology/instance/Element_2098345,D4-일반석고보드,https://example.org/ontology/instance/Material_346717,#일반석고보드
https://example.org/ontology/instance/Element_2098346,D4-일반석고보드,https://example.org/ontology/instance/Material_346717,#일반석고보드
https://example.org/ontology/instance/Element_2098347,D4-일반석고보드,https://example.org/ontology/instance/Material_346717,#일반석고보드
https://example.org/ontology/instance/Element_2098348,D4-일반석고보드,https://example.org/ontology/instance/Material_346717,#일반석고보드
https://example.org/ontology/instance/Element_2098349,D4-일반석고보드,https://example.org/ontology/instance/Material_346717,#일반석고보드
https://example.org/ontology/instance/Element_2098392,D4-일반석고보드,https://example.org/ontology/instance/Material_346717,#일반석고보드
https://example.org/ontology/instance/Element_2098393,D4-일반석고보드,https://example.org/ontology/instance/Material_346717,#일반석고보드
https://example.org/ontology/instance/Element_2098394,D4-일반석고보드,https://example.org/ontology/instance/Material_346717,#일반석고보드
https://example.org/ontology/instance/Element_2098395,D4-일반석고보드,https://example.org/ontology/instance/Material_346717,#일반석고보드
https://example.org/ontology/instance/Element_2098409,D4-일반석고보드,https://example.org/ontology/instance/Material_346717,#일반석고보드
https://example.org/ontology/instance/Element_2098410,D4-일반석고보드,https://example.org/ontology/instance/Material_346717,#일반석고보드
https://example.org/ontology/instance/Element_2098411,D4-일반석고보드,https://example.org/ontology/instance/Material_346717,#일반석고보드
https://example.org/ontology/instance/Element_2098412,D4-일반석고보드,https://example.org/ontology/instance/Material_346717,#일반석고보드
https://example.org/ontology/instance/Element_2098413,D4-일반석고보드,https://example.org/ontology/instance/Material_346717,#일반석고보드
https://example.org/ontology/instance/Element_2098414,D4-일반석고보드,https://example.org/ontology/instance/Material_346717,#일반석고보드
https://example.org/ontology/instance/Element_2098415,D4-일반석고보드,https://example.org/ontology/instance/Material_346717,#일반석고보드
https://example.org/ontology/instance/Element_2098416,D4-일반석고보드,https://example.org/ontology/instance/Material_346717,#일반석고보드
https://example.org/ontology/instance/Element_2098459,D4-일반석고보드,https://example.org/ontology/instance/Material_346717,#일반석고보드
https://example.org/ontology/instance/Element_2098460,D4-일반석고보드,https://example.org/ontology/instance/Material_346717,#일반석고보드
https://example.org/ontology/instance/Element_2098461,D4-일반석고보드,https://example.org/ontology/instance/Material_346717,#일반석고보드
https://example.org/ontology/instance/Element_2098462,D4-일반석고보드,https://example.org/ontology/instance/Material_346717,#일반석고보드
https://example.org/ontology/instance/Element_2098476,D4-일반석고보드,https://example.org/ontology/instance/Material_346717,#일반석고보드
https://example.org/ontology/instance/Element_2098477,D4-일반석고보드,https://example.org/ontology/instance/Material_346717,#일반석고보드
https://example.org/ontology/instance/Element_2098478,D4-일반석고보드,https://example.org/ontology/instance/Material_346717,#일반석고보드
https://example.org/ontology/instance/Element_2098479,D4-일반석고보드,https://example.org/ontology/instance/Material_346717,#일반석고보드
https://example.org/ontology/instance/Element_2098480,D4-일반석고보드,https://example.org/ontology/instance/Material_346717,#일반석고보드
https://example.org/ontology/instance/Element_2098481,D4-일반석고보드,https://example.org/ontology/instance/Material_346717,#일반석고보드
https://example.org/ontology/instance/Element_2098482,D4-일반석고보드,https://example.org/ontology/instance/Material_346717,#일반석고보드
https://example.org/ontology/instance/Element_2098483,D4-일반석고보드,https://example.org/ontology/instance/Material_346717,#일반석고보드
https://example.org/ontology/instance/Element_1163492,D5-METAL C-STUD,https://example.org/ontology/instance/Material_346711,#METAL C-STUD
https://example.org/ontology/instance/Element_2084535,D5-일반석고보드,https://example.org/ontology/instance/Material_346717,#일반석고보드
https://example.org/ontology/instance/Element_2084536,D5-일반석고보드,https://example.org/ontology/instance/Material_346717,#일반석고보드
https://example.org/ontology/instance/Element_789404,D6-그라스울보온재24k,https://example.org/ontology/instance/Material_346720,#그라스울보온재24k
https://example.org/ontology/instance/Element_913030,D6-그라스울보온재24k,https://example.org/ontology/instance/Material_346720,#그라스울보온재24k
https://example.org/ontology/instance/Element_1256155,D6-그라스울보온재24k,https://example.org/ontology/instance/Material_346720,#그라스울보온재24k
https://example.org/ontology/instance/Element_1256197,D6-그라스울보온재24k,https://example.org/ontology/instance/Material_346720,#그라스울보온재24k
https://example.org/ontology/instance/Element_2097633,D6-일반석고보드,https://example.org/ontology/instance/Material_346717,#일반석고보드
https://example.org/ontology/instance/Element_2097634,D6-일반석고보드,https://example.org/ontology/instance/Material_346717,#일반석고보드
https://example.org/ontology/instance/Element_2097721,D6-일반석고보드,https://example.org/ontology/instance/Material_346717,#일반석고보드
https://example.org/ontology/instance/Element_2097722,D6-일반석고보드,https://example.org/ontology/instance/Material_346717,#일반석고보드
https://example.org/ontology/instance/Element_2097748,D6-일반석고보드,https://example.org/ontology/instance/Material_346717,#일반석고보드
https://example.org/ontology/instance/Element_2097749,D6-일반석고보드,https://example.org/ontology/instance/Material_346717,#일반석고보드
https://example.org/ontology/instance/Element_2097750,D6-일반석고보드,https://example.org/ontology/instance/Material_346717,#일반석고보드
https://example.org/ontology/instance/Element_2097751,D6-일반석고보드,https://example.org/ontology/instance/Material_346717,#일반석고보드
https://example.org/ontology/instance/Element_2098093,D6-일반석고보드,https://example.org/ontology/instance/Material_346717,#일반석고보드
https://example.org/ontology/instance/Element_2098094,D6-일반석고보드,https://example.org/ontology/instance/Material_346717,#일반석고보드
https://example.org/ontology/instance/Element_1740207,D7-그라스울보온재24k,https://example.org/ontology/instance/Material_346720,#그라스울보온재24k
https://example.org/ontology/instance/Element_2084727,D7-일반석고보드,https://example.org/ontology/instance/Material_346717,#일반석고보드
https://example.org/ontology/instance/Element_2084728,D7-일반석고보드,https://example.org/ontology/instance/Material_346717,#일반석고보드
https://example.org/ontology/instance/Element_623834,D8-METAL C-STUD,https://example.org/ontology/instance/Material_346711,#METAL C-STUD
https://example.org/ontology/instance/Element_783930,D8-METAL C-STUD,https://example.org/ontology/instance/Material_346711,#METAL C-STUD
https://example.org/ontology/instance/Element_786383,D8-METAL C-STUD,https://example.org/ontology/instance/Material_346711,#METAL C-STUD
https://example.org/ontology/instance/Element_786942,D8-METAL C-STUD,https://example.org/ontology/instance/Material_346711,#METAL C-STUD
https://example.org/ontology/instance/Element_787517,D8-METAL C-STUD,https://example.org/ontology/instance/Material_346711,#METAL C-STUD
https://example.org/ontology/instance/Element_788050,D8-METAL C-STUD,https://example.org/ontology/instance/Material_346711,#METAL C-STUD
https://example.org/ontology/instance/Element_834329,D8-METAL C-STUD,https://example.org/ontology/instance/Material_346711,#METAL C-STUD
https://example.org/ontology/instance/Element_835547,D8-METAL C-STUD,https://example.org/ontology/instance/Material_346711,#METAL C-STUD
https://example.org/ontology/instance/Element_836141,D8-METAL C-STUD,https://example.org/ontology/instance/Material_346711,#METAL C-STUD
https://example.org/ontology/instance/Element_836755,D8-METAL C-STUD,https://example.org/ontology/instance/Material_346711,#METAL C-STUD
https://example.org/ontology/instance/Element_837305,D8-METAL C-STUD,https://example.org/ontology/instance/Material_346711,#METAL C-STUD
https://example.org/ontology/instance/Element_837846,D8-METAL C-STUD,https://example.org/ontology/instance/Material_346711,#METAL C-STUD
https://example.org/ontology/instance/Element_838428,D8-METAL C-STUD,https://example.org/ontology/instance/Material_346711,#METAL C-STUD
https://example.org/ontology/instance/Element_839011,D8-METAL C-STUD,https://example.org/ontology/instance/Material_346711,#METAL C-STUD
https://example.org/ontology/instance/Element_839542,D8-METAL C-STUD,https://example.org/ontology/instance/Material_346711,#METAL C-STUD
https://example.org/ontology/instance/Element_840140,D8-METAL C-STUD,https://example.org/ontology/instance/Material_346711,#METAL C-STUD
https://example.org/ontology/instance/Element_2074380,D8-일반석고보드,https://example.org/ontology/instance/Material_346717,#일반석고보드
https://example.org/ontology/instance/Element_2076834,D8-일반석고보드,https://example.org/ontology/instance/Material_346717,#일반석고보드
https://example.org/ontology/instance/Element_2081274,D8-일반석고보드,https://example.org/ontology/instance/Material_346717,#일반석고보드
https://example.org/ontology/instance/Element_2084924,D8-일반석고보드,https://example.org/ontology/instance/Material_346717,#일반석고보드
https://example.org/ontology/instance/Element_2085009,D8-일반석고보드,https://example.org/ontology/instance/Material_346717,#일반석고보드
https://example.org/ontology/instance/Element_2085075,D8-일반석고보드,https://example.org/ontology/instance/Material_346717,#일반석고보드
https://example.org/ontology/instance/Element_2097816,D8-일반석고보드,https://example.org/ontology/instance/Material_346717,#일반석고보드
https://example.org/ontology/instance/Element_2097902,D8-일반석고보드,https://example.org/ontology/instance/Material_346717,#일반석고보드
https://example.org/ontology/instance/Element_2097968,D8-일반석고보드,https://example.org/ontology/instance/Material_346717,#일반석고보드
https://example.org/ontology/instance/Element_2098034,D8-일반석고보드,https://example.org/ontology/instance/Material_346717,#일반석고보드
https://example.org/ontology/instance/Element_2098138,D8-일반석고보드,https://example.org/ontology/instance/Material_346717,#일반석고보드
https://example.org/ontology/instance/Element_2098206,D8-일반석고보드,https://example.org/ontology/instance/Material_346717,#일반석고보드
https://example.org/ontology/instance/Element_2098270,D8-일반석고보드,https://example.org/ontology/instance/Material_346717,#일반석고보드
https://example.org/ontology/instance/Element_2098338,D8-일반석고보드,https://example.org/ontology/instance/Material_346717,#일반석고보드
https://example.org/ontology/instance/Element_2098405,D8-일반석고보드,https://example.org/ontology/instance/Material_346717,#일반석고보드
https://example.org/ontology/instance/Element_2098472,D8-일반석고보드,https://example.org/ontology/instance/Material_346717,#일반석고보드
https://example.org/ontology/instance/Element_2074383,D8-합판,https://example.org/ontology/instance/Material_345345,#합판
https://example.org/ontology/instance/Element_2076835,D8-합판,https://example.org/ontology/instance/Material_345345,#합판
https://example.org/ontology/instance/Element_2081275,D8-합판,https://example.org/ontology/instance/Material_345345,#합판
https://example.org/ontology/instance/Element_2084925,D8-합판,https://example.org/ontology/instance/Material_345345,#합판
https://example.org/ontology/instance/Element_2085010,D8-합판,https://example.org/ontology/instance/Material_345345,#합판
https://example.org/ontology/instance/Element_2085076,D8-합판,https://example.org/ontology/instance/Material_345345,#합판
https://example.org/ontology/instance/Element_2097817,D8-합판,https://example.org/ontology/instance/Material_345345,#합판
https://example.org/ontology/instance/Element_2097903,D8-합판,https://example.org/ontology/instance/Material_345345,#합판
https://example.org/ontology/instance/Element_2097969,D8-합판,https://example.org/ontology/instance/Material_345345,#합판
https://example.org/ontology/instance/Element_2098035,D8-합판,https://example.org/ontology/instance/Material_345345,#합판
https://example.org/ontology/instance/Element_2098139,D8-합판,https://example.org/ontology/instance/Material_345345,#합판
https://example.org/ontology/instance/Element_2098207,D8-합판,https://example.org/ontology/instance/Material_345345,#합판
https://example.org/ontology/instance/Element_2098271,D8-합판,https://example.org/ontology/instance/Material_345345,#합판
https://example.org/ontology/instance/Element_2098339,D8-합판,https://example.org/ontology/instance/Material_345345,#합판
https://example.org/ontology/instance/Element_2098406,D8-합판,https://example.org/ontology/instance/Material_345345,#합판
https://example.org/ontology/instance/Element_2098473,D8-합판,https://example.org/ontology/instance/Material_345345,#합판
https://example.org/ontology/instance/Element_783925,DF1-METAL C-STUD,https://example.org/ontology/instance/Material_346711,#METAL C-STUD
https://example.org/ontology/instance/Element_786374,DF1-METAL C-STUD,https://example.org/ontology/instance/Material_346711,#METAL C-STUD
https://example.org/ontology/instance/Element_786933,DF1-METAL C-STUD,https://example.org/ontology/instance/Material_346711,#METAL C-STUD
https://example.org/ontology/instance/Element_787508,DF1-METAL C-STUD,https://example.org/ontology/instance/Material_346711,#METAL C-STUD
https://example.org/ontology/instance/Element_788045,DF1-METAL C-STUD,https://example.org/ontology/instance/Material_346711,#METAL C-STUD
https://example.org/ontology/instance/Element_794388,DF1-METAL C-STUD,https://example.org/ontology/instance/Material_346711,#METAL C-STUD
https://example.org/ontology/instance/Element_804857,DF1-METAL C-STUD,https://example.org/ontology/instance/Material_346711,#METAL C-STUD
https://example.org/ontology/instance/Element_804894,DF1-METAL C-STUD,https://example.org/ontology/instance/Material_346711,#METAL C-STUD
https://example.org/ontology/instance/Element_804915,DF1-METAL C-STUD,https://example.org/ontology/instance/Material_346711,#METAL C-STUD
https://example.org/ontology/instance/Element_834320,DF1-METAL C-STUD,https://example.org/ontology/instance/Material_346711,#METAL C-STUD
https://example.org/ontology/instance/Element_835538,DF1-METAL C-STUD,https://example.org/ontology/instance/Material_346711,#METAL C-STUD
https://example.org/ontology/instance/Element_836136,DF1-METAL C-STUD,https://example.org/ontology/instance/Material_346711,#METAL C-STUD
https://example.org/ontology/instance/Element_836750,DF1-METAL C-STUD,https://example.org/ontology/instance/Material_346711,#METAL C-STUD
https://example.org/ontology/instance/Element_837296,DF1-METAL C-STUD,https://example.org/ontology/instance/Material_346711,#METAL C-STUD
https://example.org/ontology/instance/Element_838419,DF1-METAL C-STUD,https://example.org/ontology/instance/Material_346711,#METAL C-STUD
https://example.org/ontology/instance/Element_839006,DF1-METAL C-STUD,https://example.org/ontology/instance/Material_346711,#METAL C-STUD
https://example.org/ontology/instance/Element_839537,DF1-METAL C-STUD,https://example.org/ontology/instance/Material_346711,#METAL C-STUD
https://example.org/ontology/instance/Element_840135,DF1-METAL C-STUD,https://example.org/ontology/instance/Material_346711,#METAL C-STUD
https://example.org/ontology/instance/Element_845419,DF1-METAL C-STUD,https://example.org/ontology/instance/Material_346711,#METAL C-STUD
https://example.org/ontology/instance/Element_2074220,DF1-방화석고보드,https://example.org/ontology/instance/Material_346716,#방화석고보드
https://example.org/ontology/instance/Element_2074221,DF1-방화석고보드,https://example.org/ontology/instance/Material_346716,#방화석고보드
https://example.org/ontology/instance/Element_2076817,DF1-방화석고보드,https://example.org/ontology/instance/Material_346716,#방화석고보드
https://example.org/ontology/instance/Element_2076818,DF1-방화석고보드,https://example.org/ontology/instance/Material_346716,#방화석고보드
https://example.org/ontology/instance/Element_2084810,DF1-방화석고보드,https://example.org/ontology/instance/Material_346716,#방화석고보드
https://example.org/ontology/instance/Element_2084811,DF1-방화석고보드,https://example.org/ontology/instance/Material_346716,#방화석고보드
https://example.org/ontology/instance/Element_2084897,DF1-방화석고보드,https://example.org/ontology/instance/Material_346716,#방화석고보드
https://example.org/ontology/instance/Element_2084898,DF1-방화석고보드,https://example.org/ontology/instance/Material_346716,#방화석고보드
https://example.org/ontology/instance/Element_2084994,DF1-방화석고보드,https://example.org/ontology/instance/Material_346716,#방화석고보드
https://example.org/ontology/instance/Element_2084995,DF1-방화석고보드,https://example.org/ontology/instance/Material_346716,#방화석고보드
https://example.org/ontology/instance/Element_2085051,DF1-방화석고보드,https://example.org/ontology/instance/Material_346716,#방화석고보드
https://example.org/ontology/instance/Element_2085052,DF1-방화석고보드,https://example.org/ontology/instance/Material_346716,#방화석고보드
https://example.org/ontology/instance/Element_2097711,DF1-방화석고보드,https://example.org/ontology/instance/Material_346716,#방화석고보드
https://example.org/ontology/instance/Element_2097712,DF1-방화석고보드,https://example.org/ontology/instance/Material_346716,#방화석고보드
https://example.org/ontology/instance/Element_2097713,DF1-방화석고보드,https://example.org/ontology/instance/Material_346716,#방화석고보드
https://example.org/ontology/instance/Element_2097714,DF1-방화석고보드,https://example.org/ontology/instance/Material_346716,#방화석고보드
https://example.org/ontology/instance/Element_2097715,DF1-방화석고보드,https://example.org/ontology/instance/Material_346716,#방화석고보드
https://example.org/ontology/instance/Element_2097716,DF1-방화석고보드,https://example.org/ontology/instance/Material_346716,#방화석고보드
https://example.org/ontology/instance/Element_2097801,DF1-방화석고보드,https://example.org/ontology/instance/Material_346716,#방화석고보드
https://example.org/ontology/instance/Element_2097802,DF1-방화석고보드,https://example.org/ontology/instance/Material_346716,#방화석고보드
https://example.org/ontology/instance/Element_2097846,DF1-방화석고보드,https://example.org/ontology/instance/Material_346716,#방화석고보드
https://example.org/ontology/instance/Element_2097847,DF1-방화석고보드,https://example.org/ontology/instance/Material_346716,#방화석고보드
https://example.org/ontology/instance/Element_2097878,DF1-방화석고보드,https://example.org/ontology/instance/Material_346716,#방화석고보드
https://example.org/ontology/instance/Element_2097879,DF1-방화석고보드,https://example.org/ontology/instance/Material_346716,#방화석고보드
https://example.org/ontology/instance/Element_2097953,DF1-방화석고보드,https://example.org/ontology/instance/Material_346716,#방화석고보드
https://example.org/ontology/instance/Element_2097954,DF1-방화석고보드,https://example.org/ontology/instance/Material_346716,#방화석고보드
https://example.org/ontology/instance/Element_2098123,DF1-방화석고보드,https://example.org/ontology/instance/Material_346716,#방화석고보드
https://example.org/ontology/instance/Element_2098124,DF1-방화석고보드,https://example.org/ontology/instance/Material_346716,#방화석고보드
https://example.org/ontology/instance/Element_2098182,DF1-방화석고보드,https://example.org/ontology/instance/Material_346716,#방화석고보드
https://example.org/ontology/instance/Element_2098183,DF1-방화석고보드,https://example.org/ontology/instance/Material_346716,#방화석고보드
https://example.org/ontology/instance/Element_2098255,DF1-방화석고보드,https://example.org/ontology/instance/Material_346716,#방화석고보드
https://example.org/ontology/instance/Element_2098256,DF1-방화석고보드,https://example.org/ontology/instance/Material_346716,#방화석고보드
https://example.org/ontology/instance/Element_2098314,DF1-방화석고보드,https://example.org/ontology/instance/Material_346716,#방화석고보드
https://example.org/ontology/instance/Element_2098315,DF1-방화석고보드,https://example.org/ontology/instance/Material_346716,#방화석고보드
https://example.org/ontology/instance/Element_2098390,DF1-방화석고보드,https://example.org/ontology/instance/Material_346716,#방화석고보드
https://example.org/ontology/instance/Element_2098391,DF1-방화석고보드,https://example.org/ontology/instance/Material_346716,#방화석고보드
https://example.org/ontology/instance/Element_2098448,DF1-방화석고보드,https://example.org/ontology/instance/Material_346716,#방화석고보드
https://example.org/ontology/instance/Element_2098449,DF1-방화석고보드,https://example.org/ontology/instance/Material_346716,#방화석고보드
https://example.org/ontology/instance/Element_622810,DF2-그라스울보온재24k,https://example.org/ontology/instance/Material_346720,#그라스울보온재24k
https://example.org/ontology/instance/Element_623497,DF2-그라스울보온재24k,https://example.org/ontology/instance/Material_346720,#그라스울보온재24k
https://example.org/ontology/instance/Element_783921,DF2-그라스울보온재24k,https://example.org/ontology/instance/Material_346720,#그라스울보온재24k
https://example.org/ontology/instance/Element_786378,DF2-그라스울보온재24k,https://example.org/ontology/instance/Material_346720,#그라스울보온재24k
https://example.org/ontology/instance/Element_786937,DF2-그라스울보온재24k,https://example.org/ontology/instance/Material_346720,#그라스울보온재24k
https://example.org/ontology/instance/Element_787512,DF2-그라스울보온재24k,https://example.org/ontology/instance/Material_346720,#그라스울보온재24k
https://example.org/ontology/instance/Element_788041,DF2-그라스울보온재24k,https://example.org/ontology/instance/Material_346720,#그라스울보온재24k
https://example.org/ontology/instance/Element_834324,DF2-그라스울보온재24k,https://example.org/ontology/instance/Material_346720,#그라스울보온재24k
https://example.org/ontology/instance/Element_835542,DF2-그라스울보온재24k,https://example.org/ontology/instance/Material_346720,#그라스울보온재24k
https://example.org/ontology/instance/Element_836132,DF2-그라스울보온재24k,https://example.org/ontology/instance/Material_346720,#그라스울보온재24k
https://example.org/ontology/instance/Element_837300,DF2-그라스울보온재24k,https://example.org/ontology/instance/Material_346720,#그라스울보온재24k
https://example.org/ontology/instance/Element_837744,DF2-그라스울보온재24k,https://example.org/ontology/instance/Material_346720,#그라스울보온재24k
https://example.org/ontology/instance/Element_837837,DF2-그라스울보온재24k,https://example.org/ontology/instance/Material_346720,#그라스울보온재24k
https://example.org/ontology/instance/Element_837841,DF2-그라스울보온재24k,https://example.org/ontology/instance/Material_346720,#그라스울보온재24k
https://example.org/ontology/instance/Element_838423,DF2-그라스울보온재24k,https://example.org/ontology/instance/Material_346720,#그라스울보온재24k
https://example.org/ontology/instance/Element_838867,DF2-그라스울보온재24k,https://example.org/ontology/instance/Material_346720,#그라스울보온재24k
https://example.org/ontology/instance/Element_846930,DF2-그라스울보온재24k,https://example.org/ontology/instance/Material_346720,#그라스울보온재24k
https://example.org/ontology/instance/Element_1099334,DF2-그라스울보온재24k,https://example.org/ontology/instance/Material_346720,#그라스울보온재24k
https://example.org/ontology/instance/Element_1099731,DF2-그라스울보온재24k,https://example.org/ontology/instance/Material_346720,#그라스울보온재24k
https://example.org/ontology/instance/Element_2074278,DF2-방화석고보드,https://example.org/ontology/instance/Material_346716,#방화석고보드
https://example.org/ontology/instance/Element_2074279,DF2-방화석고보드,https://example.org/ontology/instance/Material_346716,#방화석고보드
https://example.org/ontology/instance/Element_2076807,DF2-방화석고보드,https://example.org/ontology/instance/Material_346716,#방화석고보드
https://example.org/ontology/instance/Element_2076808,DF2-방화석고보드,https://example.org/ontology/instance/Material_346716,#방화석고보드
https://example.org/ontology/instance/Element_2081250,DF2-방화석고보드,https://example.org/ontology/instance/Material_346716,#방화석고보드
https://example.org/ontology/instance/Element_2081251,DF2-방화석고보드,https://example.org/ontology/instance/Material_346716,#방화석고보드
https://example.org/ontology/instance/Element_2081259,DF2-방화석고보드,https://example.org/ontology/instance/Material_346716,#방화석고보드
https://example.org/ontology/instance/Element_2081260,DF2-방화석고보드,https://example.org/ontology/instance/Material_346716,#방화석고보드
https://example.org/ontology/instance/Element_2084906,DF2-방화석고보드,https://example.org/ontology/instance/Material_346716,#방화석고보드
https://example.org/ontology/instance/Element_2084907,DF2-방화석고보드,https://example.org/ontology/instance/Material_346716,#방화석고보드
https://example.org/ontology/instance/Element_2084985,DF2-방화석고보드,https://example.org/ontology/instance/Material_346716,#방화석고보드
https://example.org/ontology/instance/Element_2084986,DF2-방화석고보드,https://example.org/ontology/instance/Material_346716,#방화석고보드
https://example.org/ontology/instance/Element_2085060,DF2-방화석고보드,https://example.org/ontology/instance/Material_346716,#방화석고보드
https://example.org/ontology/instance/Element_2085061,DF2-방화석고보드,https://example.org/ontology/instance/Material_346716,#방화석고보드
https://example.org/ontology/instance/Element_2097737,DF2-방화석고보드,https://example.org/ontology/instance/Material_346716,#방화석고보드
https://example.org/ontology/instance/Element_2097738,DF2-방화석고보드,https://example.org/ontology/instance/Material_346716,#방화석고보드
https://example.org/ontology/instance/Element_2097739,DF2-방화석고보드,https://example.org/ontology/instance/Material_346716,#방화석고보드
https://example.org/ontology/instance/Element_2097740,DF2-방화석고보드,https://example.org/ontology/instance/Material_346716,#방화석고보드
https://example.org/ontology/instance/Element_2097887,DF2-방화석고보드,https://example.org/ontology/instance/Material_346716,#방화석고보드
https://example.org/ontology/instance/Element_2097888,DF2-방화석고보드,https://example.org/ontology/instance/Material_346716,#방화석고보드
https://example.org/ontology/instance/Element_2097944,DF2-방화석고보드,https://example.org/ontology/instance/Material_346716,#방화석고보드
https://example.org/ontology/instance/Element_2097945,DF2-방화석고보드,https://example.org/ontology/instance/Material_346716,#방화석고보드
https://example.org/ontology/instance/Element_2098010,DF2-방화석고보드,https://example.org/ontology/instance/Material_346716,#방화석고보드
https://example.org/ontology/instance/Element_2098011,DF2-방화석고보드,https://example.org/ontology/instance/Material_346716,#방화석고보드
https://example.org/ontology/instance/Element_2098019,DF2-방화석고보드,https://example.org/ontology/instance/Material_346716,#방화석고보드
https://example.org/ontology/instance/Element_2098020,DF2-방화석고보드,https://example.org/ontology/instance/Material_346716,#방화석고보드
https://example.org/ontology/instance/Element_2098162,DF2-방화석고보드,https://example.org/ontology/instance/Material_346716,#방화석고보드
https://example.org/ontology/instance/Element_2098163,DF2-방화석고보드,https://example.org/ontology/instance/Material_346716,#방화석고보드
https://example.org/ontology/instance/Element_2098191,DF2-방화석고보드,https://example.org/ontology/instance/Material_346716,#방화석고보드
https://example.org/ontology/instance/Element_2098192,DF2-방화석고보드,https://example.org/ontology/instance/Material_346716,#방화석고보드
https://example.org/ontology/instance/Element_2098294,DF2-방화석고보드,https://example.org/ontology/instance/Material_346716,#방화석고보드
https://example.org/ontology/instance/Element_2098295,DF2-방화석고보드,https://example.org/ontology/instance/Material_346716,#방화석고보드
https://example.org/ontology/instance/Element_2098323,DF2-방화석고보드,https://example.org/ontology/instance/Material_346716,#방화석고보드
https://example.org/ontology/instance/Element_2098324,DF2-방화석고보드,https://example.org/ontology/instance/Material_346716,#방화석고보드
https://example.org/ontology/instance/Element_2098381,DF2-방화석고보드,https://example.org/ontology/instance/Material_346716,#방화석고보드
https://example.org/ontology/instance/Element_2098382,DF2-방화석고보드,https://example.org/ontology/instance/Material_346716,#방화석고보드
https://example.org/ontology/instance/Element_2098457,DF2-방화석고보드,https://example.org/ontology/instance/Material_346716,#방화석고보드
https://example.org/ontology/instance/Element_2098458,DF2-방화석고보드,https://example.org/ontology/instance/Material_346716,#방화석고보드
https://example.org/ontology/instance/Element_800641,DF3-그라스울보온재24k,https://example.org/ontology/instance/Material_346720,#그라스울보온재24k
https://example.org/ontology/instance/Element_900142,DF3-그라스울보온재24k,https://example.org/ontology/instance/Material_346720,#그라스울보온재24k
https://example.org/ontology/instance/Element_2097675,DF3-방화석고보드,https://example.org/ontology/instance/Material_346716,#방화석고보드
https://example.org/ontology/instance/Element_2097676,DF3-방화석고보드,https://example.org/ontology/instance/Material_346716,#방화석고보드
https://example.org/ontology/instance/Element_2097719,DF3-방화석고보드,https://example.org/ontology/instance/Material_346716,#방화석고보드
https://example.org/ontology/instance/Element_2097720,DF3-방화석고보드,https://example.org/ontology/instance/Material_346716,#방화석고보드
https://example.org/ontology/instance/Element_793140,DW1-METAL C-STUD,https://example.org/ontology/instance/Material_346711,#METAL C-STUD
https://example.org/ontology/instance/Element_793183,DW1-METAL C-STUD,https://example.org/ontology/instance/Material_346711,#METAL C-STUD
https://example.org/ontology/instance/Element_805752,DW1-METAL C-STUD,https://example.org/ontology/instance/Material_346711,#METAL C-STUD
https://example.org/ontology/instance/Element_822272,DW1-METAL C-STUD,https://example.org/ontology/instance/Material_346711,#METAL C-STUD
https://example.org/ontology/instance/Element_2074641,DW1-방수석고보드,https://example.org/ontology/instance/Material_345412,#방수석고보드
https://example.org/ontology/instance/Element_2074642,DW1-방수석고보드,https://example.org/ontology/instance/Material_345412,#방수석고보드
https://example.org/ontology/instance/Element_2074665,DW1-방수석고보드,https://example.org/ontology/instance/Material_345412,#방수석고보드
https://example.org/ontology/instance/Element_2074666,DW1-방수석고보드,https://example.org/ontology/instance/Material_345412,#방수석고보드
https://example.org/ontology/instance/Element_2074669,DW1-방수석고보드,https://example.org/ontology/instance/Material_345412,#방수석고보드
https://example.org/ontology/instance/Element_2074670,DW1-방수석고보드,https://example.org/ontology/instance/Material_345412,#방수석고보드
https://example.org/ontology/instance/Element_2084640,DW1-방수석고보드,https://example.org/ontology/instance/Material_345412,#방수석고보드
https://example.org/ontology/instance/Element_2084641,DW1-방수석고보드,https://example.org/ontology/instance/Material_345412,#방수석고보드
https://example.org/ontology/instance/Element_2084643,DW1-방수석고보드,https://example.org/ontology/instance/Material_345412,#방수석고보드
https://example.org/ontology/instance/Element_2084644,DW1-방수석고보드,https://example.org/ontology/instance/Material_345412,#방수석고보드
https://example.org/ontology/instance/Element_805283,DW2-그라스울보온재24k,https://example.org/ontology/instance/Material_346720,#그라스울보온재24k
https://example.org/ontology/instance/Element_2074573,DW2-방수석고보드,https://example.org/ontology/instance/Material_345412,#방수석고보드
https://example.org/ontology/instance/Element_2074574,DW2-방수석고보드,https://example.org/ontology/instance/Material_345412,#방수석고보드
https://example.org/ontology/instance/Element_805579,DW3-METAL C-STUD,https://example.org/ontology/instance/Material_346711,#METAL C-STUD
https://example.org/ontology/instance/Element_944096,DW3-METAL C-STUD,https://example.org/ontology/instance/Material_346711,#METAL C-STUD
https://example.org/ontology/instance/Element_944129,DW3-METAL C-STUD,https://example.org/ontology/instance/Material_346711,#METAL C-STUD
https://example.org/ontology/instance/Element_2074599,DW3-방수석고보드,https://example.org/ontology/instance/Material_345412,#방수석고보드
https://example.org/ontology/instance/Element_2074600,DW3-방수석고보드,https://example.org/ontology/instance/Material_345412,#방수석고보드
https://example.org/ontology/instance/Element_2084716,DW3-방수석고보드,https://example.org/ontology/instance/Material_345412,#방수석고보드
https://example.org/ontology/instance/Element_2084717,DW3-방수석고보드,https://example.org/ontology/instance/Material_345412,#방수석고보드
https://example.org/ontology/instance/Element_2084720,DW3-방수석고보드,https://example.org/ontology/instance/Material_345412,#방수석고보드
https://example.org/ontology/instance/Element_2084721,DW3-방수석고보드,https://example.org/ontology/instance/Material_345412,#방수석고보드
https://example.org/ontology/instance/Element_2074605,DW3-일반석고보드,https://example.org/ontology/instance/Material_346717,#일반석고보드
https://example.org/ontology/instance/Element_2074606,DW3-일반석고보드,https://example.org/ontology/instance/Material_346717,#일반석고보드
https://example.org/ontology/instance/Element_2084718,DW3-일반석고보드,https://example.org/ontology/instance/Material_346717,#일반석고보드
https://example.org/ontology/instance/Element_2084719,DW3-일반석고보드,https://example.org/ontology/instance/Material_346717,#일반석고보드
https://example.org/ontology/instance/Element_2084722,DW3-일반석고보드,https://example.org/ontology/instance/Material_346717,#일반석고보드
https://example.org/ontology/instance/Element_2084723,DW3-일반석고보드,https://example.org/ontology/instance/Material_346717,#일반석고보드
https://example.org/ontology/instance/Element_786379,DW4-그라스울보온재24k,https://example.org/ontology/instance/Material_346720,#그라스울보온재24k
https://example.org/ontology/instance/Element_793447,DW4-그라스울보온재24k,https://example.org/ontology/instance/Material_346720,#그라스울보온재24k
https://example.org/ontology/instance/Element_944047,DW4-그라스울보온재24k,https://example.org/ontology/instance/Material_346720,#그라스울보온재24k
https://example.org/ontology/instance/Element_2074304,DW4-방수석고보드,https://example.org/ontology/instance/Material_345412,#방수석고보드
https://example.org/ontology/instance/Element_2074305,DW4-방수석고보드,https://example.org/ontology/instance/Material_345412,#방수석고보드
https://example.org/ontology/instance/Element_2084645,DW4-방수석고보드,https://example.org/ontology/instance/Material_345412,#방수석고보드
https://example.org/ontology/instance/Element_2084646,DW4-방수석고보드,https://example.org/ontology/instance/Material_345412,#방수석고보드
https://example.org/ontology/instance/Element_2084711,DW4-방수석고보드,https://example.org/ontology/instance/Material_345412,#방수석고보드
https://example.org/ontology/instance/Element_2084712,DW4-방수석고보드,https://example.org/ontology/instance/Material_345412,#방수석고보드
https://example.org/ontology/instance/Element_2074310,DW4-일반석고보드,https://example.org/ontology/instance/Material_346717,#일반석고보드
https://example.org/ontology/instance/Element_2074311,DW4-일반석고보드,https://example.org/ontology/instance/Material_346717,#일반석고보드
https://example.org/ontology/instance/Element_2084647,DW4-일반석고보드,https://example.org/ontology/instance/Material_346717,#일반석고보드
https://example.org/ontology/instance/Element_2084648,DW4-일반석고보드,https://example.org/ontology/instance/Material_346717,#일반석고보드
https://example.org/ontology/instance/Element_2084713,DW4-일반석고보드,https://example.org/ontology/instance/Material_346717,#일반석고보드
https://example.org/ontology/instance/Element_2084714,DW4-일반석고보드,https://example.org/ontology/instance/Material_346717,#일반석고보드
https://example.org/ontology/instance/Element_792469,DW5-그라스울보온재24k,https://example.org/ontology/instance/Material_346720,#그라스울보온재24k
https://example.org/ontology/instance/Element_2084606,DW5-방수석고보드,https://example.org/ontology/instance/Material_345412,#방수석고보드
https://example.org/ontology/instance/Element_2084607,DW5-방수석고보드,https://example.org/ontology/instance/Material_345412,#방수석고보드
https://example.org/ontology/instance/Element_2084670,DW6-MDF,https://example.org/ontology/instance/Material_1733250,#MDF
https://example.org/ontology/instance/Element_944011,DW6-그라스울보온재24k,https://example.org/ontology/instance/Material_346720,#그라스울보온재24k
https://example.org/ontology/instance/Element_2084661,DW6-방수석고보드,https://example.org/ontology/instance/Material_345412,#방수석고보드
https://example.org/ontology/instance/Element_2084662,DW6-방수석고보드,https://example.org/ontology/instance/Material_345412,#방수석고보드
https://example.org/ontology/instance/Element_2084667,DW6-합판,https://example.org/ontology/instance/Material_345345,#합판
https://example.org/ontology/instance/Element_623936,HiddenWall,https://example.org/ontology/instance/Material_345362,#Hidden
https://example.org/ontology/instance/Element_783931,HiddenWall,https://example.org/ontology/instance/Material_345362,#Hidden
https://example.org/ontology/instance/Element_786384,HiddenWall,https://example.org/ontology/instance/Material_345362,#Hidden
https://example.org/ontology/instance/Element_786943,HiddenWall,https://example.org/ontology/instance/Material_345362,#Hidden
https://example.org/ontology/instance/Element_787518,HiddenWall,https://example.org/ontology/instance/Material_345362,#Hidden
https://example.org/ontology/instance/Element_788051,HiddenWall,https://example.org/ontology/instance/Material_345362,#Hidden
https://example.org/ontology/instance/Element_834330,HiddenWall,https://example.org/ontology/instance/Material_345362,#Hidden
https://example.org/ontology/instance/Element_835548,HiddenWall,https://example.org/ontology/instance/Material_345362,#Hidden
https://example.org/ontology/instance/Element_836142,HiddenWall,https://example.org/ontology/instance/Material_345362,#Hidden
https://example.org/ontology/instance/Element_836756,HiddenWall,https://example.org/ontology/instance/Material_345362,#Hidden
https://example.org/ontology/instance/Element_837306,HiddenWall,https://example.org/ontology/instance/Material_345362,#Hidden
https://example.org/ontology/instance/Element_837847,HiddenWall,https://example.org/ontology/instance/Material_345362,#Hidden
https://example.org/ontology/instance/Element_838429,HiddenWall,https://example.org/ontology/instance/Material_345362,#Hidden
https://example.org/ontology/instance/Element_839012,HiddenWall,https://example.org/ontology/instance/Material_345362,#Hidden
https://example.org/ontology/instance/Element_839543,HiddenWall,https://example.org/ontology/instance/Material_345362,#Hidden
https://example.org/ontology/instance/Element_840141,HiddenWall,https://example.org/ontology/instance/Material_345362,#Hidden
https://example.org/ontology/instance/Element_944603,HiddenWall(T=150),https://example.org/ontology/instance/Material_345362,#Hidden
https://example.org/ontology/instance/Element_630905,PD1,https://example.org/ontology/instance/Material_505164,#SST
https://example.org/ontology/instance/Element_784088,PD1,https://example.org/ontology/instance/Material_505164,#SST
https://example.org/ontology/instance/Element_786541,PD1,https://example.org/ontology/instance/Material_505164,#SST
https://example.org/ontology/instance/Element_787100,PD1,https://example.org/ontology/instance/Material_505164,#SST
https://example.org/ontology/instance/Element_787675,PD1,https://example.org/ontology/instance/Material_505164,#SST
https://example.org/ontology/instance/Element_788208,PD1,https://example.org/ontology/instance/Material_505164,#SST
https://example.org/ontology/instance/Element_834487,PD1,https://example.org/ontology/instance/Material_505164,#SST
https://example.org/ontology/instance/Element_835705,PD1,https://example.org/ontology/instance/Material_505164,#SST
https://example.org/ontology/instance/Element_836299,PD1,https://example.org/ontology/instance/Material_505164,#SST
https://example.org/ontology/instance/Element_836913,PD1,https://example.org/ontology/instance/Material_505164,#SST
https://example.org/ontology/instance/Element_837463,PD1,https://example.org/ontology/instance/Material_505164,#SST
https://example.org/ontology/instance/Element_838004,PD1,https://example.org/ontology/instance/Material_505164,#SST
https://example.org/ontology/instance/Element_838586,PD1,https://example.org/ontology/instance/Material_505164,#SST
https://example.org/ontology/instance/Element_839169,PD1,https://example.org/ontology/instance/Material_505164,#SST
https://example.org/ontology/instance/Element_839700,PD1,https://example.org/ontology/instance/Material_505164,#SST
https://example.org/ontology/instance/Element_840298,PD1,https://example.org/ontology/instance/Material_505164,#SST
https://example.org/ontology/instance/Element_861498,PD1,https://example.org/ontology/instance/Material_505164,#SST
https://example.org/ontology/instance/Element_630905,PD1,https://example.org/ontology/instance/Material_345353,#철재
https://example.org/ontology/instance/Element_784088,PD1,https://example.org/ontology/instance/Material_345353,#철재
https://example.org/ontology/instance/Element_786541,PD1,https://example.org/ontology/instance/Material_345353,#철재
https://example.org/ontology/instance/Element_787100,PD1,https://example.org/ontology/instance/Material_345353,#철재
https://example.org/ontology/instance/Element_787675,PD1,https://example.org/ontology/instance/Material_345353,#철재
https://example.org/ontology/instance/Element_788208,PD1,https://example.org/ontology/instance/Material_345353,#철재
https://example.org/ontology/instance/Element_834487,PD1,https://example.org/ontology/instance/Material_345353,#철재
https://example.org/ontology/instance/Element_835705,PD1,https://example.org/ontology/instance/Material_345353,#철재
https://example.org/ontology/instance/Element_836299,PD1,https://example.org/ontology/instance/Material_345353,#철재
https://example.org/ontology/instance/Element_836913,PD1,https://example.org/ontology/instance/Material_345353,#철재
https://example.org/ontology/instance/Element_837463,PD1,https://example.org/ontology/instance/Material_345353,#철재
https://example.org/ontology/instance/Element_838004,PD1,https://example.org/ontology/instance/Material_345353,#철재
https://example.org/ontology/instance/Element_838586,PD1,https://example.org/ontology/instance/Material_345353,#철재
https://example.org/ontology/instance/Element_839169,PD1,https://example.org/ontology/instance/Material_345353,#철재
https://example.org/ontology/instance/Element_839700,PD1,https://example.org/ontology/instance/Material_345353,#철재
https://example.org/ontology/instance/Element_840298,PD1,https://example.org/ontology/instance/Material_345353,#철재
https://example.org/ontology/instance/Element_861498,PD1,https://example.org/ontology/instance/Material_345353,#철재
https://example.org/ontology/instance/Element_699609,PW1,https://example.org/ontology/instance/Material_1192217,#22mm 복층유리(5CL+12Air+5LE)
https://example.org/ontology/instance/Element_784243,PW1,https://example.org/ontology/instance/Material_1192217,#22mm 복층유리(5CL+12Air+5LE)
https://example.org/ontology/instance/Element_786696,PW1,https://example.org/ontology/instance/Material_1192217,#22mm 복층유리(5CL+12Air+5LE)
https://example.org/ontology/instance/Element_787255,PW1,https://example.org/ontology/instance/Material_1192217,#22mm 복층유리(5CL+12Air+5LE)
https://example.org/ontology/instance/Element_787829,PW1,https://example.org/ontology/instance/Material_1192217,#22mm 복층유리(5CL+12Air+5LE)
https://example.org/ontology/instance/Element_788362,PW1,https://example.org/ontology/instance/Material_1192217,#22mm 복층유리(5CL+12Air+5LE)
https://example.org/ontology/instance/Element_834614,PW1,https://example.org/ontology/instance/Material_1192217,#22mm 복층유리(5CL+12Air+5LE)
https://example.org/ontology/instance/Element_835832,PW1,https://example.org/ontology/instance/Material_1192217,#22mm 복층유리(5CL+12Air+5LE)
https://example.org/ontology/instance/Element_836426,PW1,https://example.org/ontology/instance/Material_1192217,#22mm 복층유리(5CL+12Air+5LE)
https://example.org/ontology/instance/Element_837040,PW1,https://example.org/ontology/instance/Material_1192217,#22mm 복층유리(5CL+12Air+5LE)
https://example.org/ontology/instance/Element_837590,PW1,https://example.org/ontology/instance/Material_1192217,#22mm 복층유리(5CL+12Air+5LE)
https://example.org/ontology/instance/Element_838131,PW1,https://example.org/ontology/instance/Material_1192217,#22mm 복층유리(5CL+12Air+5LE)
https://example.org/ontology/instance/Element_838713,PW1,https://example.org/ontology/instance/Material_1192217,#22mm 복층유리(5CL+12Air+5LE)
https://example.org/ontology/instance/Element_839296,PW1,https://example.org/ontology/instance/Material_1192217,#22mm 복층유리(5CL+12Air+5LE)
https://example.org/ontology/instance/Element_839827,PW1,https://example.org/ontology/instance/Material_1192217,#22mm 복층유리(5CL+12Air+5LE)
https://example.org/ontology/instance/Element_840425,PW1,https://example.org/ontology/instance/Material_1192217,#22mm 복층유리(5CL+12Air+5LE)
https://example.org/ontology/instance/Element_699609,PW1,https://example.org/ontology/instance/Material_1192219,#25.76mm 복층유리(5CL+0.76접합필름+3CL+12Air+5강화LE)
https://example.org/ontology/instance/Element_784243,PW1,https://example.org/ontology/instance/Material_1192219,#25.76mm 복층유리(5CL+0.76접합필름+3CL+12Air+5강화LE)
https://example.org/ontology/instance/Element_786696,PW1,https://example.org/ontology/instance/Material_1192219,#25.76mm 복층유리(5CL+0.76접합필름+3CL+12Air+5강화LE)
https://example.org/ontology/instance/Element_787255,PW1,https://example.org/ontology/instance/Material_1192219,#25.76mm 복층유리(5CL+0.76접합필름+3CL+12Air+5강화LE)
https://example.org/ontology/instance/Element_787829,PW1,https://example.org/ontology/instance/Material_1192219,#25.76mm 복층유리(5CL+0.76접합필름+3CL+12Air+5강화LE)
https://example.org/ontology/instance/Element_788362,PW1,https://example.org/ontology/instance/Material_1192219,#25.76mm 복층유리(5CL+0.76접합필름+3CL+12Air+5강화LE)
https://example.org/ontology/instance/Element_834614,PW1,https://example.org/ontology/instance/Material_1192219,#25.76mm 복층유리(5CL+0.76접합필름+3CL+12Air+5강화LE)
https://example.org/ontology/instance/Element_835832,PW1,https://example.org/ontology/instance/Material_1192219,#25.76mm 복층유리(5CL+0.76접합필름+3CL+12Air+5강화LE)
https://example.org/ontology/instance/Element_836426,PW1,https://example.org/ontology/instance/Material_1192219,#25.76mm 복층유리(5CL+0.76접합필름+3CL+12Air+5강화LE)
https://example.org/ontology/instance/Element_837040,PW1,https://example.org/ontology/instance/Material_1192219,#25.76mm 복층유리(5CL+0.76접합필름+3CL+12Air+5강화LE)
https://example.org/ontology/instance/Element_837590,PW1,https://example.org/ontology/instance/Material_1192219,#25.76mm 복층유리(5CL+0.76접합필름+3CL+12Air+5강화LE)
https://example.org/ontology/instance/Element_838131,PW1,https://example.org/ontology/instance/Material_1192219,#25.76mm 복층유리(5CL+0.76접합필름+3CL+12Air+5강화LE)
https://example.org/ontology/instance/Element_838713,PW1,https://example.org/ontology/instance/Material_1192219,#25.76mm 복층유리(5CL+0.76접합필름+3CL+12Air+5강화LE)
https://example.org/ontology/instance/Element_839296,PW1,https://example.org/ontology/instance/Material_1192219,#25.76mm 복층유리(5CL+0.76접합필름+3CL+12Air+5강화LE)
https://example.org/ontology/instance/Element_839827,PW1,https://example.org/ontology/instance/Material_1192219,#25.76mm 복층유리(5CL+0.76접합필름+3CL+12Air+5강화LE)
https://example.org/ontology/instance/Element_840425,PW1,https://example.org/ontology/instance/Material_1192219,#25.76mm 복층유리(5CL+0.76접합필름+3CL+12Air+5강화LE)
https://example.org/ontology/instance/Element_699609,PW1,https://example.org/ontology/instance/Material_345342,#AL 백색
https://example.org/ontology/instance/Element_784243,PW1,https://example.org/ontology/instance/Material_345342,#AL 백색
https://example.org/ontology/instance/Element_786696,PW1,https://example.org/ontology/instance/Material_345342,#AL 백색
https://example.org/ontology/instance/Element_787255,PW1,https://example.org/ontology/instance/Material_345342,#AL 백색
https://example.org/ontology/instance/Element_787829,PW1,https://example.org/ontology/instance/Material_345342,#AL 백색
https://example.org/ontology/instance/Element_788362,PW1,https://example.org/ontology/instance/Material_345342,#AL 백색
https://example.org/ontology/instance/Element_834614,PW1,https://example.org/ontology/instance/Material_345342,#AL 백색
https://example.org/ontology/instance/Element_835832,PW1,https://example.org/ontology/instance/Material_345342,#AL 백색
https://example.org/ontology/instance/Element_836426,PW1,https://example.org/ontology/instance/Material_345342,#AL 백색
https://example.org/ontology/instance/Element_837040,PW1,https://example.org/ontology/instance/Material_345342,#AL 백색
https://example.org/ontology/instance/Element_837590,PW1,https://example.org/ontology/instance/Material_345342,#AL 백색
https://example.org/ontology/instance/Element_838131,PW1,https://example.org/ontology/instance/Material_345342,#AL 백색
https://example.org/ontology/instance/Element_838713,PW1,https://example.org/ontology/instance/Material_345342,#AL 백색
https://example.org/ontology/instance/Element_839296,PW1,https://example.org/ontology/instance/Material_345342,#AL 백색
https://example.org/ontology/instance/Element_839827,PW1,https://example.org/ontology/instance/Material_345342,#AL 백색
https://example.org/ontology/instance/Element_840425,PW1,https://example.org/ontology/instance/Material_345342,#AL 백색
https://example.org/ontology/instance/Element_699609,PW1,https://example.org/ontology/instance/Material_1794157,#코킹
https://example.org/ontology/instance/Element_784243,PW1,https://example.org/ontology/instance/Material_1794157,#코킹
https://example.org/ontology/instance/Element_786696,PW1,https://example.org/ontology/instance/Material_1794157,#코킹
https://example.org/ontology/instance/Element_787255,PW1,https://example.org/ontology/instance/Material_1794157,#코킹
https://example.org/ontology/instance/Element_787829,PW1,https://example.org/ontology/instance/Material_1794157,#코킹
https://example.org/ontology/instance/Element_788362,PW1,https://example.org/ontology/instance/Material_1794157,#코킹
https://example.org/ontology/instance/Element_834614,PW1,https://example.org/ontology/instance/Material_1794157,#코킹
https://example.org/ontology/instance/Element_835832,PW1,https://example.org/ontology/instance/Material_1794157,#코킹
https://example.org/ontology/instance/Element_836426,PW1,https://example.org/ontology/instance/Material_1794157,#코킹
https://example.org/ontology/instance/Element_837040,PW1,https://example.org/ontology/instance/Material_1794157,#코킹
https://example.org/ontology/instance/Element_837590,PW1,https://example.org/ontology/instance/Material_1794157,#코킹
https://example.org/ontology/instance/Element_838131,PW1,https://example.org/ontology/instance/Material_1794157,#코킹
https://example.org/ontology/instance/Element_838713,PW1,https://example.org/ontology/instance/Material_1794157,#코킹
https://example.org/ontology/instance/Element_839296,PW1,https://example.org/ontology/instance/Material_1794157,#코킹
https://example.org/ontology/instance/Element_839827,PW1,https://example.org/ontology/instance/Material_1794157,#코킹
https://example.org/ontology/instance/Element_840425,PW1,https://example.org/ontology/instance/Material_1794157,#코킹
https://example.org/ontology/instance/Element_699609,PW1,https://example.org/ontology/instance/Material_346811,#합성수지(ABS)
https://example.org/ontology/instance/Element_784243,PW1,https://example.org/ontology/instance/Material_346811,#합성수지(ABS)
https://example.org/ontology/instance/Element_786696,PW1,https://example.org/ontology/instance/Material_346811,#합성수지(ABS)
https://example.org/ontology/instance/Element_787255,PW1,https://example.org/ontology/instance/Material_346811,#합성수지(ABS)
https://example.org/ontology/instance/Element_787829,PW1,https://example.org/ontology/instance/Material_346811,#합성수지(ABS)
https://example.org/ontology/instance/Element_788362,PW1,https://example.org/ontology/instance/Material_346811,#합성수지(ABS)
https://example.org/ontology/instance/Element_834614,PW1,https://example.org/ontology/instance/Material_346811,#합성수지(ABS)
https://example.org/ontology/instance/Element_835832,PW1,https://example.org/ontology/instance/Material_346811,#합성수지(ABS)
https://example.org/ontology/instance/Element_836426,PW1,https://example.org/ontology/instance/Material_346811,#합성수지(ABS)
https://example.org/ontology/instance/Element_837040,PW1,https://example.org/ontology/instance/Material_346811,#합성수지(ABS)
https://example.org/ontology/instance/Element_837590,PW1,https://example.org/ontology/instance/Material_346811,#합성수지(ABS)
https://example.org/ontology/instance/Element_838131,PW1,https://example.org/ontology/instance/Material_346811,#합성수지(ABS)
https://example.org/ontology/instance/Element_838713,PW1,https://example.org/ontology/instance/Material_346811,#합성수지(ABS)
https://example.org/ontology/instance/Element_839296,PW1,https://example.org/ontology/instance/Material_346811,#합성수지(ABS)
https://example.org/ontology/instance/Element_839827,PW1,https://example.org/ontology/instance/Material_346811,#합성수지(ABS)
https://example.org/ontology/instance/Element_840425,PW1,https://example.org/ontology/instance/Material_346811,#합성수지(ABS)
https://example.org/ontology/instance/Element_699921,PW2,https://example.org/ontology/instance/Material_345342,#AL 백색
https://example.org/ontology/instance/Element_784244,PW2,https://example.org/ontology/instance/Material_345342,#AL 백색
https://example.org/ontology/instance/Element_786697,PW2,https://example.org/ontology/instance/Material_345342,#AL 백색
https://example.org/ontology/instance/Element_787256,PW2,https://example.org/ontology/instance/Material_345342,#AL 백색
https://example.org/ontology/instance/Element_787830,PW2,https://example.org/ontology/instance/Material_345342,#AL 백색
https://example.org/ontology/instance/Element_788363,PW2,https://example.org/ontology/instance/Material_345342,#AL 백색
https://example.org/ontology/instance/Element_834615,PW2,https://example.org/ontology/instance/Material_345342,#AL 백색
https://example.org/ontology/instance/Element_835833,PW2,https://example.org/ontology/instance/Material_345342,#AL 백색
https://example.org/ontology/instance/Element_836427,PW2,https://example.org/ontology/instance/Material_345342,#AL 백색
https://example.org/ontology/instance/Element_837041,PW2,https://example.org/ontology/instance/Material_345342,#AL 백색
https://example.org/ontology/instance/Element_837591,PW2,https://example.org/ontology/instance/Material_345342,#AL 백색
https://example.org/ontology/instance/Element_838132,PW2,https://example.org/ontology/instance/Material_345342,#AL 백색
https://example.org/ontology/instance/Element_838714,PW2,https://example.org/ontology/instance/Material_345342,#AL 백색
https://example.org/ontology/instance/Element_839297,PW2,https://example.org/ontology/instance/Material_345342,#AL 백색
https://example.org/ontology/instance/Element_839828,PW2,https://example.org/ontology/instance/Material_345342,#AL 백색
https://example.org/ontology/instance/Element_840426,PW2,https://example.org/ontology/instance/Material_345342,#AL 백색
https://example.org/ontology/instance/Element_856846,PW2,https://example.org/ontology/instance/Material_345342,#AL 백색
https://example.org/ontology/instance/Element_699921,PW2,https://example.org/ontology/instance/Material_345365,#PVC
https://example.org/ontology/instance/Element_784244,PW2,https://example.org/ontology/instance/Material_345365,#PVC
https://example.org/ontology/instance/Element_786697,PW2,https://example.org/ontology/instance/Material_345365,#PVC
https://example.org/ontology/instance/Element_787256,PW2,https://example.org/ontology/instance/Material_345365,#PVC
https://example.org/ontology/instance/Element_787830,PW2,https://example.org/ontology/instance/Material_345365,#PVC
https://example.org/ontology/instance/Element_788363,PW2,https://example.org/ontology/instance/Material_345365,#PVC
https://example.org/ontology/instance/Element_834615,PW2,https://example.org/ontology/instance/Material_345365,#PVC
https://example.org/ontology/instance/Element_835833,PW2,https://example.org/ontology/instance/Material_345365,#PVC
https://example.org/ontology/instance/Element_836427,PW2,https://example.org/ontology/instance/Material_345365,#PVC
https://example.org/ontology/instance/Element_837041,PW2,https://example.org/ontology/instance/Material_345365,#PVC
https://example.org/ontology/instance/Element_837591,PW2,https://example.org/ontology/instance/Material_345365,#PVC
https://example.org/ontology/instance/Element_838132,PW2,https://example.org/ontology/instance/Material_345365,#PVC
https://example.org/ontology/instance/Element_838714,PW2,https://example.org/ontology/instance/Material_345365,#PVC
https://example.org/ontology/instance/Element_839297,PW2,https://example.org/ontology/instance/Material_345365,#PVC
https://example.org/ontology/instance/Element_839828,PW2,https://example.org/ontology/instance/Material_345365,#PVC
https://example.org/ontology/instance/Element_840426,PW2,https://example.org/ontology/instance/Material_345365,#PVC
https://example.org/ontology/instance/Element_856846,PW2,https://example.org/ontology/instance/Material_345365,#PVC
https://example.org/ontology/instance/Element_699921,PW2,https://example.org/ontology/instance/Material_1794157,#코킹
https://example.org/ontology/instance/Element_784244,PW2,https://example.org/ontology/instance/Material_1794157,#코킹
https://example.org/ontology/instance/Element_786697,PW2,https://example.org/ontology/instance/Material_1794157,#코킹
https://example.org/ontology/instance/Element_787256,PW2,https://example.org/ontology/instance/Material_1794157,#코킹
https://example.org/ontology/instance/Element_787830,PW2,https://example.org/ontology/instance/Material_1794157,#코킹
https://example.org/ontology/instance/Element_788363,PW2,https://example.org/ontology/instance/Material_1794157,#코킹
https://example.org/ontology/instance/Element_834615,PW2,https://example.org/ontology/instance/Material_1794157,#코킹
https://example.org/ontology/instance/Element_835833,PW2,https://example.org/ontology/instance/Material_1794157,#코킹
https://example.org/ontology/instance/Element_836427,PW2,https://example.org/ontology/instance/Material_1794157,#코킹
https://example.org/ontology/instance/Element_837041,PW2,https://example.org/ontology/instance/Material_1794157,#코킹
https://example.org/ontology/instance/Element_837591,PW2,https://example.org/ontology/instance/Material_1794157,#코킹
https://example.org/ontology/instance/Element_838132,PW2,https://example.org/ontology/instance/Material_1794157,#코킹
https://example.org/ontology/instance/Element_838714,PW2,https://example.org/ontology/instance/Material_1794157,#코킹
https://example.org/ontology/instance/Element_839297,PW2,https://example.org/ontology/instance/Material_1794157,#코킹
https://example.org/ontology/instance/Element_839828,PW2,https://example.org/ontology/instance/Material_1794157,#코킹
https://example.org/ontology/instance/Element_840426,PW2,https://example.org/ontology/instance/Material_1794157,#코킹
https://example.org/ontology/instance/Element_856846,PW2,https://example.org/ontology/instance/Material_1794157,#코킹
https://example.org/ontology/instance/Element_894073,PW3,https://example.org/ontology/instance/Material_1192217,#22mm 복층유리(5CL+12Air+5LE)
https://example.org/ontology/instance/Element_894073,PW3,https://example.org/ontology/instance/Material_345342,#AL 백색
https://example.org/ontology/instance/Element_894073,PW3,https://example.org/ontology/instance/Material_1794157,#코킹
https://example.org/ontology/instance/Element_894073,PW3,https://example.org/ontology/instance/Material_346811,#합성수지(ABS)
https://example.org/ontology/instance/Element_629994,SD1,https://example.org/ontology/instance/Material_505164,#SST
https://example.org/ontology/instance/Element_784086,SD1,https://example.org/ontology/instance/Material_505164,#SST
https://example.org/ontology/instance/Element_786539,SD1,https://example.org/ontology/instance/Material_505164,#SST
https://example.org/ontology/instance/Element_787098,SD1,https://example.org/ontology/instance/Material_505164,#SST
https://example.org/ontology/instance/Element_787673,SD1,https://example.org/ontology/instance/Material_505164,#SST
https://example.org/ontology/instance/Element_788206,SD1,https://example.org/ontology/instance/Material_505164,#SST
https://example.org/ontology/instance/Element_834485,SD1,https://example.org/ontology/instance/Material_505164,#SST
https://example.org/ontology/instance/Element_835703,SD1,https://example.org/ontology/instance/Material_505164,#SST
https://example.org/ontology/instance/Element_836297,SD1,https://example.org/ontology/instance/Material_505164,#SST
https://example.org/ontology/instance/Element_836911,SD1,https://example.org/ontology/instance/Material_505164,#SST
https://example.org/ontology/instance/Element_837461,SD1,https://example.org/ontology/instance/Material_505164,#SST
https://example.org/ontology/instance/Element_838002,SD1,https://example.org/ontology/instance/Material_505164,#SST
https://example.org/ontology/instance/Element_838584,SD1,https://example.org/ontology/instance/Material_505164,#SST
https://example.org/ontology/instance/Element_839167,SD1,https://example.org/ontology/instance/Material_505164,#SST
https://example.org/ontology/instance/Element_839698,SD1,https://example.org/ontology/instance/Material_505164,#SST
https://example.org/ontology/instance/Element_840296,SD1,https://example.org/ontology/instance/Material_505164,#SST
https://example.org/ontology/instance/Element_629994,SD1,https://example.org/ontology/instance/Material_345353,#철재
https://example.org/ontology/instance/Element_784086,SD1,https://example.org/ontology/instance/Material_345353,#철재
https://example.org/ontology/instance/Element_786539,SD1,https://example.org/ontology/instance/Material_345353,#철재
https://example.org/ontology/instance/Element_787098,SD1,https://example.org/ontology/instance/Material_345353,#철재
https://example.org/ontology/instance/Element_787673,SD1,https://example.org/ontology/instance/Material_345353,#철재
https://example.org/ontology/instance/Element_788206,SD1,https://example.org/ontology/instance/Material_345353,#철재
https://example.org/ontology/instance/Element_834485,SD1,https://example.org/ontology/instance/Material_345353,#철재
https://example.org/ontology/instance/Element_835703,SD1,https://example.org/ontology/instance/Material_345353,#철재
https://example.org/ontology/instance/Element_836297,SD1,https://example.org/ontology/instance/Material_345353,#철재
https://example.org/ontology/instance/Element_836911,SD1,https://example.org/ontology/instance/Material_345353,#철재
https://example.org/ontology/instance/Element_837461,SD1,https://example.org/ontology/instance/Material_345353,#철재
https://example.org/ontology/instance/Element_838002,SD1,https://example.org/ontology/instance/Material_345353,#철재
https://example.org/ontology/instance/Element_838584,SD1,https://example.org/ontology/instance/Material_345353,#철재
https://example.org/ontology/instance/Element_839167,SD1,https://example.org/ontology/instance/Material_345353,#철재
https://example.org/ontology/instance/Element_839698,SD1,https://example.org/ontology/instance/Material_345353,#철재
https://example.org/ontology/instance/Element_840296,SD1,https://example.org/ontology/instance/Material_345353,#철재
https://example.org/ontology/instance/Element_631265,SD2,https://example.org/ontology/instance/Material_505164,#SST
https://example.org/ontology/instance/Element_784089,SD2,https://example.org/ontology/instance/Material_505164,#SST
https://example.org/ontology/instance/Element_786542,SD2,https://example.org/ontology/instance/Material_505164,#SST
https://example.org/ontology/instance/Element_787101,SD2,https://example.org/ontology/instance/Material_505164,#SST
https://example.org/ontology/instance/Element_787676,SD2,https://example.org/ontology/instance/Material_505164,#SST
https://example.org/ontology/instance/Element_788209,SD2,https://example.org/ontology/instance/Material_505164,#SST
https://example.org/ontology/instance/Element_834488,SD2,https://example.org/ontology/instance/Material_505164,#SST
https://example.org/ontology/instance/Element_835706,SD2,https://example.org/ontology/instance/Material_505164,#SST
https://example.org/ontology/instance/Element_836300,SD2,https://example.org/ontology/instance/Material_505164,#SST
https://example.org/ontology/instance/Element_836914,SD2,https://example.org/ontology/instance/Material_505164,#SST
https://example.org/ontology/instance/Element_837464,SD2,https://example.org/ontology/instance/Material_505164,#SST
https://example.org/ontology/instance/Element_838005,SD2,https://example.org/ontology/instance/Material_505164,#SST
https://example.org/ontology/instance/Element_838587,SD2,https://example.org/ontology/instance/Material_505164,#SST
https://example.org/ontology/instance/Element_839170,SD2,https://example.org/ontology/instance/Material_505164,#SST
https://example.org/ontology/instance/Element_839701,SD2,https://example.org/ontology/instance/Material_505164,#SST
https://example.org/ontology/instance/Element_840299,SD2,https://example.org/ontology/instance/Material_505164,#SST
https://example.org/ontology/instance/Element_858869,SD2,https://example.org/ontology/instance/Material_505164,#SST
https://example.org/ontology/instance/Element_631265,SD2,https://example.org/ontology/instance/Material_345353,#철재
https://example.org/ontology/instance/Element_784089,SD2,https://example.org/ontology/instance/Material_345353,#철재
https://example.org/ontology/instance/Element_786542,SD2,https://example.org/ontology/instance/Material_345353,#철재
https://example.org/ontology/instance/Element_787101,SD2,https://example.org/ontology/instance/Material_345353,#철재
https://example.org/ontology/instance/Element_787676,SD2,https://example.org/ontology/instance/Material_345353,#철재
https://example.org/ontology/instance/Element_788209,SD2,https://example.org/ontology/instance/Material_345353,#철재
https://example.org/ontology/instance/Element_834488,SD2,https://example.org/ontology/instance/Material_345353,#철재
https://example.org/ontology/instance/Element_835706,SD2,https://example.org/ontology/instance/Material_345353,#철재
https://example.org/ontology/instance/Element_836300,SD2,https://example.org/ontology/instance/Material_345353,#철재
https://example.org/ontology/instance/Element_836914,SD2,https://example.org/ontology/instance/Material_345353,#철재
https://example.org/ontology/instance/Element_837464,SD2,https://example.org/ontology/instance/Material_345353,#철재
https://example.org/ontology/instance/Element_838005,SD2,https://example.org/ontology/instance/Material_345353,#철재
https://example.org/ontology/instance/Element_838587,SD2,https://example.org/ontology/instance/Material_345353,#철재
https://example.org/ontology/instance/Element_839170,SD2,https://example.org/ontology/instance/Material_345353,#철재
https://example.org/ontology/instance/Element_839701,SD2,https://example.org/ontology/instance/Material_345353,#철재
https://example.org/ontology/instance/Element_840299,SD2,https://example.org/ontology/instance/Material_345353,#철재
https://example.org/ontology/instance/Element_858869,SD2,https://example.org/ontology/instance/Material_345353,#철재
https://example.org/ontology/instance/Element_824984,SD4,https://example.org/ontology/instance/Material_505164,#SST
https://example.org/ontology/instance/Element_943841,SD4,https://example.org/ontology/instance/Material_505164,#SST
https://example.org/ontology/instance/Element_824984,SD4,https://example.org/ontology/instance/Material_345353,#철재
https://example.org/ontology/instance/Element_943841,SD4,https://example.org/ontology/instance/Material_345353,#철재
https://example.org/ontology/instance/Element_630470,SD5,https://example.org/ontology/instance/Material_505164,#SST
https://example.org/ontology/instance/Element_784087,SD5,https://example.org/ontology/instance/Material_505164,#SST
https://example.org/ontology/instance/Element_786540,SD5,https://example.org/ontology/instance/Material_505164,#SST
https://example.org/ontology/instance/Element_787099,SD5,https://example.org/ontology/instance/Material_505164,#SST
https://example.org/ontology/instance/Element_787674,SD5,https://example.org/ontology/instance/Material_505164,#SST
https://example.org/ontology/instance/Element_788207,SD5,https://example.org/ontology/instance/Material_505164,#SST
https://example.org/ontology/instance/Element_834486,SD5,https://example.org/ontology/instance/Material_505164,#SST
https://example.org/ontology/instance/Element_835704,SD5,https://example.org/ontology/instance/Material_505164,#SST
https://example.org/ontology/instance/Element_836298,SD5,https://example.org/ontology/instance/Material_505164,#SST
https://example.org/ontology/instance/Element_836912,SD5,https://example.org/ontology/instance/Material_505164,#SST
https://example.org/ontology/instance/Element_837462,SD5,https://example.org/ontology/instance/Material_505164,#SST
https://example.org/ontology/instance/Element_838003,SD5,https://example.org/ontology/instance/Material_505164,#SST
https://example.org/ontology/instance/Element_838585,SD5,https://example.org/ontology/instance/Material_505164,#SST
https://example.org/ontology/instance/Element_839168,SD5,https://example.org/ontology/instance/Material_505164,#SST
https://example.org/ontology/instance/Element_839699,SD5,https://example.org/ontology/instance/Material_505164,#SST
https://example.org/ontology/instance/Element_840297,SD5,https://example.org/ontology/instance/Material_505164,#SST
https://example.org/ontology/instance/Element_864191,SD5,https://example.org/ontology/instance/Material_505164,#SST
https://example.org/ontology/instance/Element_864283,SD5,https://example.org/ontology/instance/Material_505164,#SST
https://example.org/ontology/instance/Element_630470,SD5,https://example.org/ontology/instance/Material_345353,#철재
https://example.org/ontology/instance/Element_784087,SD5,https://example.org/ontology/instance/Material_345353,#철재
https://example.org/ontology/instance/Element_786540,SD5,https://example.org/ontology/instance/Material_345353,#철재
https://example.org/ontology/instance/Element_787099,SD5,https://example.org/ontology/instance/Material_345353,#철재
https://example.org/ontology/instance/Element_787674,SD5,https://example.org/ontology/instance/Material_345353,#철재
https://example.org/ontology/instance/Element_788207,SD5,https://example.org/ontology/instance/Material_345353,#철재
https://example.org/ontology/instance/Element_834486,SD5,https://example.org/ontology/instance/Material_345353,#철재
https://example.org/ontology/instance/Element_835704,SD5,https://example.org/ontology/instance/Material_345353,#철재
https://example.org/ontology/instance/Element_836298,SD5,https://example.org/ontology/instance/Material_345353,#철재
https://example.org/ontology/instance/Element_836912,SD5,https://example.org/ontology/instance/Material_345353,#철재
https://example.org/ontology/instance/Element_837462,SD5,https://example.org/ontology/instance/Material_345353,#철재
https://example.org/ontology/instance/Element_838003,SD5,https://example.org/ontology/instance/Material_345353,#철재
https://example.org/ontology/instance/Element_838585,SD5,https://example.org/ontology/instance/Material_345353,#철재
https://example.org/ontology/instance/Element_839168,SD5,https://example.org/ontology/instance/Material_345353,#철재
https://example.org/ontology/instance/Element_839699,SD5,https://example.org/ontology/instance/Material_345353,#철재
https://example.org/ontology/instance/Element_840297,SD5,https://example.org/ontology/instance/Material_345353,#철재
https://example.org/ontology/instance/Element_864191,SD5,https://example.org/ontology/instance/Material_345353,#철재
https://example.org/ontology/instance/Element_864283,SD5,https://example.org/ontology/instance/Material_345353,#철재
https://example.org/ontology/instance/Element_979478,SD6,https://example.org/ontology/instance/Material_505164,#SST
https://example.org/ontology/instance/Element_979478,SD6,https://example.org/ontology/instance/Material_345353,#철재
https://example.org/ontology/instance/Element_629128,SGP패널(T=13),https://example.org/ontology/instance/Material_346725,#SGP패널
https://example.org/ontology/instance/Element_629215,SGP패널(T=13),https://example.org/ontology/instance/Material_346725,#SGP패널
https://example.org/ontology/instance/Element_629275,SGP패널(T=13),https://example.org/ontology/instance/Material_346725,#SGP패널
https://example.org/ontology/instance/Element_629311,SGP패널(T=13),https://example.org/ontology/instance/Material_346725,#SGP패널
https://example.org/ontology/instance/Element_629352,SGP패널(T=13),https://example.org/ontology/instance/Material_346725,#SGP패널
https://example.org/ontology/instance/Element_629431,SGP패널(T=13),https://example.org/ontology/instance/Material_346725,#SGP패널
https://example.org/ontology/instance/Element_784053,SGP패널(T=13),https://example.org/ontology/instance/Material_346725,#SGP패널
https://example.org/ontology/instance/Element_784054,SGP패널(T=13),https://example.org/ontology/instance/Material_346725,#SGP패널
https://example.org/ontology/instance/Element_784055,SGP패널(T=13),https://example.org/ontology/instance/Material_346725,#SGP패널
https://example.org/ontology/instance/Element_784056,SGP패널(T=13),https://example.org/ontology/instance/Material_346725,#SGP패널
https://example.org/ontology/instance/Element_784057,SGP패널(T=13),https://example.org/ontology/instance/Material_346725,#SGP패널
https://example.org/ontology/instance/Element_784058,SGP패널(T=13),https://example.org/ontology/instance/Material_346725,#SGP패널
https://example.org/ontology/instance/Element_786506,SGP패널(T=13),https://example.org/ontology/instance/Material_346725,#SGP패널
https://example.org/ontology/instance/Element_786507,SGP패널(T=13),https://example.org/ontology/instance/Material_346725,#SGP패널
https://example.org/ontology/instance/Element_786508,SGP패널(T=13),https://example.org/ontology/instance/Material_346725,#SGP패널
https://example.org/ontology/instance/Element_786509,SGP패널(T=13),https://example.org/ontology/instance/Material_346725,#SGP패널
https://example.org/ontology/instance/Element_786510,SGP패널(T=13),https://example.org/ontology/instance/Material_346725,#SGP패널
https://example.org/ontology/instance/Element_786511,SGP패널(T=13),https://example.org/ontology/instance/Material_346725,#SGP패널
https://example.org/ontology/instance/Element_787065,SGP패널(T=13),https://example.org/ontology/instance/Material_346725,#SGP패널
https://example.org/ontology/instance/Element_787066,SGP패널(T=13),https://example.org/ontology/instance/Material_346725,#SGP패널
https://example.org/ontology/instance/Element_787067,SGP패널(T=13),https://example.org/ontology/instance/Material_346725,#SGP패널
https://example.org/ontology/instance/Element_787068,SGP패널(T=13),https://example.org/ontology/instance/Material_346725,#SGP패널
https://example.org/ontology/instance/Element_787069,SGP패널(T=13),https://example.org/ontology/instance/Material_346725,#SGP패널
https://example.org/ontology/instance/Element_787070,SGP패널(T=13),https://example.org/ontology/instance/Material_346725,#SGP패널
https://example.org/ontology/instance/Element_787640,SGP패널(T=13),https://example.org/ontology/instance/Material_346725,#SGP패널
https://example.org/ontology/instance/Element_787641,SGP패널(T=13),https://example.org/ontology/instance/Material_346725,#SGP패널
https://example.org/ontology/instance/Element_787642,SGP패널(T=13),https://example.org/ontology/instance/Material_346725,#SGP패널
https://example.org/ontology/instance/Element_787643,SGP패널(T=13),https://example.org/ontology/instance/Material_346725,#SGP패널
https://example.org/ontology/instance/Element_787644,SGP패널(T=13),https://example.org/ontology/instance/Material_346725,#SGP패널
https://example.org/ontology/instance/Element_787645,SGP패널(T=13),https://example.org/ontology/instance/Material_346725,#SGP패널
https://example.org/ontology/instance/Element_788173,SGP패널(T=13),https://example.org/ontology/instance/Material_346725,#SGP패널
https://example.org/ontology/instance/Element_788174,SGP패널(T=13),https://example.org/ontology/instance/Material_346725,#SGP패널
https://example.org/ontology/instance/Element_788175,SGP패널(T=13),https://example.org/ontology/instance/Material_346725,#SGP패널
https://example.org/ontology/instance/Element_788176,SGP패널(T=13),https://example.org/ontology/instance/Material_346725,#SGP패널
https://example.org/ontology/instance/Element_788177,SGP패널(T=13),https://example.org/ontology/instance/Material_346725,#SGP패널
https://example.org/ontology/instance/Element_788178,SGP패널(T=13),https://example.org/ontology/instance/Material_346725,#SGP패널
https://example.org/ontology/instance/Element_796249,SGP패널(T=13),https://example.org/ontology/instance/Material_346725,#SGP패널
https://example.org/ontology/instance/Element_796271,SGP패널(T=13),https://example.org/ontology/instance/Material_346725,#SGP패널
https://example.org/ontology/instance/Element_796306,SGP패널(T=13),https://example.org/ontology/instance/Material_346725,#SGP패널
https://example.org/ontology/instance/Element_796346,SGP패널(T=13),https://example.org/ontology/instance/Material_346725,#SGP패널
https://example.org/ontology/instance/Element_796381,SGP패널(T=13),https://example.org/ontology/instance/Material_346725,#SGP패널
https://example.org/ontology/instance/Element_796421,SGP패널(T=13),https://example.org/ontology/instance/Material_346725,#SGP패널
https://example.org/ontology/instance/Element_834452,SGP패널(T=13),https://example.org/ontology/instance/Material_346725,#SGP패널
https://example.org/ontology/instance/Element_834453,SGP패널(T=13),https://example.org/ontology/instance/Material_346725,#SGP패널
https://example.org/ontology/instance/Element_834454,SGP패널(T=13),https://example.org/ontology/instance/Material_346725,#SGP패널
https://example.org/ontology/instance/Element_834455,SGP패널(T=13),https://example.org/ontology/instance/Material_346725,#SGP패널
https://example.org/ontology/instance/Element_834456,SGP패널(T=13),https://example.org/ontology/instance/Material_346725,#SGP패널
https://example.org/ontology/instance/Element_834457,SGP패널(T=13),https://example.org/ontology/instance/Material_346725,#SGP패널
https://example.org/ontology/instance/Element_835670,SGP패널(T=13),https://example.org/ontology/instance/Material_346725,#SGP패널
https://example.org/ontology/instance/Element_835671,SGP패널(T=13),https://example.org/ontology/instance/Material_346725,#SGP패널
https://example.org/ontology/instance/Element_835672,SGP패널(T=13),https://example.org/ontology/instance/Material_346725,#SGP패널
https://example.org/ontology/instance/Element_835673,SGP패널(T=13),https://example.org/ontology/instance/Material_346725,#SGP패널
https://example.org/ontology/instance/Element_835674,SGP패널(T=13),https://example.org/ontology/instance/Material_346725,#SGP패널
https://example.org/ontology/instance/Element_835675,SGP패널(T=13),https://example.org/ontology/instance/Material_346725,#SGP패널
https://example.org/ontology/instance/Element_836264,SGP패널(T=13),https://example.org/ontology/instance/Material_346725,#SGP패널
https://example.org/ontology/instance/Element_836265,SGP패널(T=13),https://example.org/ontology/instance/Material_346725,#SGP패널
https://example.org/ontology/instance/Element_836266,SGP패널(T=13),https://example.org/ontology/instance/Material_346725,#SGP패널
https://example.org/ontology/instance/Element_836267,SGP패널(T=13),https://example.org/ontology/instance/Material_346725,#SGP패널
https://example.org/ontology/instance/Element_836268,SGP패널(T=13),https://example.org/ontology/instance/Material_346725,#SGP패널
https://example.org/ontology/instance/Element_836269,SGP패널(T=13),https://example.org/ontology/instance/Material_346725,#SGP패널
https://example.org/ontology/instance/Element_836878,SGP패널(T=13),https://example.org/ontology/instance/Material_346725,#SGP패널
https://example.org/ontology/instance/Element_836879,SGP패널(T=13),https://example.org/ontology/instance/Material_346725,#SGP패널
https://example.org/ontology/instance/Element_836880,SGP패널(T=13),https://example.org/ontology/instance/Material_346725,#SGP패널
https://example.org/ontology/instance/Element_836881,SGP패널(T=13),https://example.org/ontology/instance/Material_346725,#SGP패널
https://example.org/ontology/instance/Element_836882,SGP패널(T=13),https://example.org/ontology/instance/Material_346725,#SGP패널
https://example.org/ontology/instance/Element_836883,SGP패널(T=13),https://example.org/ontology/instance/Material_346725,#SGP패널
https://example.org/ontology/instance/Element_837428,SGP패널(T=13),https://example.org/ontology/instance/Material_346725,#SGP패널
https://example.org/ontology/instance/Element_837429,SGP패널(T=13),https://example.org/ontology/instance/Material_346725,#SGP패널
https://example.org/ontology/instance/Element_837430,SGP패널(T=13),https://example.org/ontology/instance/Material_346725,#SGP패널
https://example.org/ontology/instance/Element_837431,SGP패널(T=13),https://example.org/ontology/instance/Material_346725,#SGP패널
https://example.org/ontology/instance/Element_837432,SGP패널(T=13),https://example.org/ontology/instance/Material_346725,#SGP패널
https://example.org/ontology/instance/Element_837433,SGP패널(T=13),https://example.org/ontology/instance/Material_346725,#SGP패널
https://example.org/ontology/instance/Element_837969,SGP패널(T=13),https://example.org/ontology/instance/Material_346725,#SGP패널
https://example.org/ontology/instance/Element_837970,SGP패널(T=13),https://example.org/ontology/instance/Material_346725,#SGP패널
https://example.org/ontology/instance/Element_837971,SGP패널(T=13),https://example.org/ontology/instance/Material_346725,#SGP패널
https://example.org/ontology/instance/Element_837972,SGP패널(T=13),https://example.org/ontology/instance/Material_346725,#SGP패널
https://example.org/ontology/instance/Element_837973,SGP패널(T=13),https://example.org/ontology/instance/Material_346725,#SGP패널
https://example.org/ontology/instance/Element_837974,SGP패널(T=13),https://example.org/ontology/instance/Material_346725,#SGP패널
https://example.org/ontology/instance/Element_838551,SGP패널(T=13),https://example.org/ontology/instance/Material_346725,#SGP패널
https://example.org/ontology/instance/Element_838552,SGP패널(T=13),https://example.org/ontology/instance/Material_346725,#SGP패널
https://example.org/ontology/instance/Element_838553,SGP패널(T=13),https://example.org/ontology/instance/Material_346725,#SGP패널
https://example.org/ontology/instance/Element_838554,SGP패널(T=13),https://example.org/ontology/instance/Material_346725,#SGP패널
https://example.org/ontology/instance/Element_838555,SGP패널(T=13),https://example.org/ontology/instance/Material_346725,#SGP패널
https://example.org/ontology/instance/Element_838556,SGP패널(T=13),https://example.org/ontology/instance/Material_346725,#SGP패널
https://example.org/ontology/instance/Element_839134,SGP패널(T=13),https://example.org/ontology/instance/Material_346725,#SGP패널
https://example.org/ontology/instance/Element_839135,SGP패널(T=13),https://example.org/ontology/instance/Material_346725,#SGP패널
https://example.org/ontology/instance/Element_839136,SGP패널(T=13),https://example.org/ontology/instance/Material_346725,#SGP패널
https://example.org/ontology/instance/Element_839137,SGP패널(T=13),https://example.org/ontology/instance/Material_346725,#SGP패널
https://example.org/ontology/instance/Element_839138,SGP패널(T=13),https://example.org/ontology/instance/Material_346725,#SGP패널
https://example.org/ontology/instance/Element_839139,SGP패널(T=13),https://example.org/ontology/instance/Material_346725,#SGP패널
https://example.org/ontology/instance/Element_839665,SGP패널(T=13),https://example.org/ontology/instance/Material_346725,#SGP패널
https://example.org/ontology/instance/Element_839666,SGP패널(T=13),https://example.org/ontology/instance/Material_346725,#SGP패널
https://example.org/ontology/instance/Element_839667,SGP패널(T=13),https://example.org/ontology/instance/Material_346725,#SGP패널
https://example.org/ontology/instance/Element_839668,SGP패널(T=13),https://example.org/ontology/instance/Material_346725,#SGP패널
https://example.org/ontology/instance/Element_839669,SGP패널(T=13),https://example.org/ontology/instance/Material_346725,#SGP패널
https://example.org/ontology/instance/Element_839670,SGP패널(T=13),https://example.org/ontology/instance/Material_346725,#SGP패널
https://example.org/ontology/instance/Element_840263,SGP패널(T=13),https://example.org/ontology/instance/Material_346725,#SGP패널
https://example.org/ontology/instance/Element_840264,SGP패널(T=13),https://example.org/ontology/instance/Material_346725,#SGP패널
https://example.org/ontology/instance/Element_840265,SGP패널(T=13),https://example.org/ontology/instance/Material_346725,#SGP패널
https://example.org/ontology/instance/Element_840266,SGP패널(T=13),https://example.org/ontology/instance/Material_346725,#SGP패널
https://example.org/ontology/instance/Element_840267,SGP패널(T=13),https://example.org/ontology/instance/Material_346725,#SGP패널
https://example.org/ontology/instance/Element_840268,SGP패널(T=13),https://example.org/ontology/instance/Material_346725,#SGP패널
https://example.org/ontology/instance/Element_1259289,SSD1,https://example.org/ontology/instance/Material_1257638,#10mm 강화유리(투명)
https://example.org/ontology/instance/Element_1259289,SSD1,https://example.org/ontology/instance/Material_1257640,#12mm 강화유리(투명)
https://example.org/ontology/instance/Element_1259289,SSD1,https://example.org/ontology/instance/Material_346804,#스테인리스 스틸
https://example.org/ontology/instance/Element_1360181,SSD2,https://example.org/ontology/instance/Material_1257638,#10mm 강화유리(투명)
https://example.org/ontology/instance/Element_1360181,SSD2,https://example.org/ontology/instance/Material_346804,#스테인리스 스틸
https://example.org/ontology/instance/Element_1263308,SSD3,https://example.org/ontology/instance/Material_1257638,#10mm 강화유리(투명)
https://example.org/ontology/instance/Element_1263308,SSD3,https://example.org/ontology/instance/Material_1257640,#12mm 강화유리(투명)
https://example.org/ontology/instance/Element_1263308,SSD3,https://example.org/ontology/instance/Material_346804,#스테인리스 스틸
https://example.org/ontology/instance/Element_945936,SSD4,https://example.org/ontology/instance/Material_1257638,#10mm 강화유리(투명)
https://example.org/ontology/instance/Element_945936,SSD4,https://example.org/ontology/instance/Material_1257640,#12mm 강화유리(투명)
https://example.org/ontology/instance/Element_945936,SSD4,https://example.org/ontology/instance/Material_346804,#스테인리스 스틸
https://example.org/ontology/instance/Element_628492,강마루(T=7.5),https://example.org/ontology/instance/Material_346728,#강마루
https://example.org/ontology/instance/Element_784013,강마루(T=7.5),https://example.org/ontology/instance/Material_346728,#강마루
https://example.org/ontology/instance/Element_786466,강마루(T=7.5),https://example.org/ontology/instance/Material_346728,#강마루
https://example.org/ontology/instance/Element_787025,강마루(T=7.5),https://example.org/ontology/instance/Material_346728,#강마루
https://example.org/ontology/instance/Element_787600,강마루(T=7.5),https://example.org/ontology/instance/Material_346728,#강마루
https://example.org/ontology/instance/Element_788133,강마루(T=7.5),https://example.org/ontology/instance/Material_346728,#강마루
https://example.org/ontology/instance/Element_834412,강마루(T=7.5),https://example.org/ontology/instance/Material_346728,#강마루
https://example.org/ontology/instance/Element_835630,강마루(T=7.5),https://example.org/ontology/instance/Material_346728,#강마루
https://example.org/ontology/instance/Element_836224,강마루(T=7.5),https://example.org/ontology/instance/Material_346728,#강마루
https://example.org/ontology/instance/Element_836838,강마루(T=7.5),https://example.org/ontology/instance/Material_346728,#강마루
https://example.org/ontology/instance/Element_837388,강마루(T=7.5),https://example.org/ontology/instance/Material_346728,#강마루
https://example.org/ontology/instance/Element_837929,강마루(T=7.5),https://example.org/ontology/instance/Material_346728,#강마루
https://example.org/ontology/instance/Element_838511,강마루(T=7.5),https://example.org/ontology/instance/Material_346728,#강마루
https://example.org/ontology/instance/Element_839094,강마루(T=7.5),https://example.org/ontology/instance/Material_346728,#강마루
https://example.org/ontology/instance/Element_839625,강마루(T=7.5),https://example.org/ontology/instance/Material_346728,#강마루
https://example.org/ontology/instance/Element_1366978,강마루(T=7.5),https://example.org/ontology/instance/Material_346728,#강마루
https://example.org/ontology/instance/Element_628404,경량기포콘크리트(T=40),https://example.org/ontology/instance/Material_346708,#경량기포콘크리트
https://example.org/ontology/instance/Element_783983,경량기포콘크리트(T=40),https://example.org/ontology/instance/Material_346708,#경량기포콘크리트
https://example.org/ontology/instance/Element_786436,경량기포콘크리트(T=40),https://example.org/ontology/instance/Material_346708,#경량기포콘크리트
https://example.org/ontology/instance/Element_786995,경량기포콘크리트(T=40),https://example.org/ontology/instance/Material_346708,#경량기포콘크리트
https://example.org/ontology/instance/Element_787570,경량기포콘크리트(T=40),https://example.org/ontology/instance/Material_346708,#경량기포콘크리트
https://example.org/ontology/instance/Element_788103,경량기포콘크리트(T=40),https://example.org/ontology/instance/Material_346708,#경량기포콘크리트
https://example.org/ontology/instance/Element_834382,경량기포콘크리트(T=40),https://example.org/ontology/instance/Material_346708,#경량기포콘크리트
https://example.org/ontology/instance/Element_835600,경량기포콘크리트(T=40),https://example.org/ontology/instance/Material_346708,#경량기포콘크리트
https://example.org/ontology/instance/Element_836194,경량기포콘크리트(T=40),https://example.org/ontology/instance/Material_346708,#경량기포콘크리트
https://example.org/ontology/instance/Element_836808,경량기포콘크리트(T=40),https://example.org/ontology/instance/Material_346708,#경량기포콘크리트
https://example.org/ontology/instance/Element_837358,경량기포콘크리트(T=40),https://example.org/ontology/instance/Material_346708,#경량기포콘크리트
https://example.org/ontology/instance/Element_837899,경량기포콘크리트(T=40),https://example.org/ontology/instance/Material_346708,#경량기포콘크리트
https://example.org/ontology/instance/Element_838481,경량기포콘크리트(T=40),https://example.org/ontology/instance/Material_346708,#경량기포콘크리트
https://example.org/ontology/instance/Element_839064,경량기포콘크리트(T=40),https://example.org/ontology/instance/Material_346708,#경량기포콘크리트
https://example.org/ontology/instance/Element_839595,경량기포콘크리트(T=40),https://example.org/ontology/instance/Material_346708,#경량기포콘크리트
https://example.org/ontology/instance/Element_840193,경량기포콘크리트(T=40),https://example.org/ontology/instance/Material_346708,#경량기포콘크리트
https://example.org/ontology/instance/Element_1661456,경질우레탄보드(T=120),https://example.org/ontology/instance/Material_346731,#경질우레탄보드
https://example.org/ontology/instance/Element_624287,경질우레탄보드(T=120)(일면은박)-경질우레탄보드,https://example.org/ontology/instance/Material_346731,#경질우레탄보드
https://example.org/ontology/instance/Element_783935,경질우레탄보드(T=120)(일면은박)-경질우레탄보드,https://example.org/ontology/instance/Material_346731,#경질우레탄보드
https://example.org/ontology/instance/Element_786388,경질우레탄보드(T=120)(일면은박)-경질우레탄보드,https://example.org/ontology/instance/Material_346731,#경질우레탄보드
https://example.org/ontology/instance/Element_786947,경질우레탄보드(T=120)(일면은박)-경질우레탄보드,https://example.org/ontology/instance/Material_346731,#경질우레탄보드
https://example.org/ontology/instance/Element_787522,경질우레탄보드(T=120)(일면은박)-경질우레탄보드,https://example.org/ontology/instance/Material_346731,#경질우레탄보드
https://example.org/ontology/instance/Element_788055,경질우레탄보드(T=120)(일면은박)-경질우레탄보드,https://example.org/ontology/instance/Material_346731,#경질우레탄보드
https://example.org/ontology/instance/Element_790541,경질우레탄보드(T=120)(일면은박)-경질우레탄보드,https://example.org/ontology/instance/Material_346731,#경질우레탄보드
https://example.org/ontology/instance/Element_796487,경질우레탄보드(T=120)(일면은박)-경질우레탄보드,https://example.org/ontology/instance/Material_346731,#경질우레탄보드
https://example.org/ontology/instance/Element_799538,경질우레탄보드(T=120)(일면은박)-경질우레탄보드,https://example.org/ontology/instance/Material_346731,#경질우레탄보드
https://example.org/ontology/instance/Element_834334,경질우레탄보드(T=120)(일면은박)-경질우레탄보드,https://example.org/ontology/instance/Material_346731,#경질우레탄보드
https://example.org/ontology/instance/Element_834782,경질우레탄보드(T=120)(일면은박)-경질우레탄보드,https://example.org/ontology/instance/Material_346731,#경질우레탄보드
https://example.org/ontology/instance/Element_835552,경질우레탄보드(T=120)(일면은박)-경질우레탄보드,https://example.org/ontology/instance/Material_346731,#경질우레탄보드
https://example.org/ontology/instance/Element_836146,경질우레탄보드(T=120)(일면은박)-경질우레탄보드,https://example.org/ontology/instance/Material_346731,#경질우레탄보드
https://example.org/ontology/instance/Element_836760,경질우레탄보드(T=120)(일면은박)-경질우레탄보드,https://example.org/ontology/instance/Material_346731,#경질우레탄보드
https://example.org/ontology/instance/Element_837310,경질우레탄보드(T=120)(일면은박)-경질우레탄보드,https://example.org/ontology/instance/Material_346731,#경질우레탄보드
https://example.org/ontology/instance/Element_837851,경질우레탄보드(T=120)(일면은박)-경질우레탄보드,https://example.org/ontology/instance/Material_346731,#경질우레탄보드
https://example.org/ontology/instance/Element_838433,경질우레탄보드(T=120)(일면은박)-경질우레탄보드,https://example.org/ontology/instance/Material_346731,#경질우레탄보드
https://example.org/ontology/instance/Element_839016,경질우레탄보드(T=120)(일면은박)-경질우레탄보드,https://example.org/ontology/instance/Material_346731,#경질우레탄보드
https://example.org/ontology/instance/Element_839547,경질우레탄보드(T=120)(일면은박)-경질우레탄보드,https://example.org/ontology/instance/Material_346731,#경질우레탄보드
https://example.org/ontology/instance/Element_840145,경질우레탄보드(T=120)(일면은박)-경질우레탄보드,https://example.org/ontology/instance/Material_346731,#경질우레탄보드
https://example.org/ontology/instance/Element_845733,경질우레탄보드(T=120)(일면은박)-경질우레탄보드,https://example.org/ontology/instance/Material_346731,#경질우레탄보드
https://example.org/ontology/instance/Element_847335,경질우레탄보드(T=120)(일면은박)-경질우레탄보드,https://example.org/ontology/instance/Material_346731,#경질우레탄보드
https://example.org/ontology/instance/Element_935153,경질우레탄보드(T=120)(일면은박)-경질우레탄보드,https://example.org/ontology/instance/Material_346731,#경질우레탄보드
https://example.org/ontology/instance/Element_935347,경질우레탄보드(T=120)(일면은박)-경질우레탄보드,https://example.org/ontology/instance/Material_346731,#경질우레탄보드
https://example.org/ontology/instance/Element_938250,경질우레탄보드(T=120)(일면은박)-경질우레탄보드,https://example.org/ontology/instance/Material_346731,#경질우레탄보드
https://example.org/ontology/instance/Element_965435,경질우레탄보드(T=120)(일면은박)-경질우레탄보드,https://example.org/ontology/instance/Material_346731,#경질우레탄보드
https://example.org/ontology/instance/Element_979873,경질우레탄보드(T=120)(일면은박)-경질우레탄보드,https://example.org/ontology/instance/Material_346731,#경질우레탄보드
https://example.org/ontology/instance/Element_999995,경질우레탄보드(T=120)(일면은박)-경질우레탄보드,https://example.org/ontology/instance/Material_346731,#경질우레탄보드
https://example.org/ontology/instance/Element_1000587,경질우레탄보드(T=120)(일면은박)-경질우레탄보드,https://example.org/ontology/instance/Material_346731,#경질우레탄보드
https://example.org/ontology/instance/Element_1217505,경질우레탄보드(T=120)(일면은박)-경질우레탄보드,https://example.org/ontology/instance/Material_346731,#경질우레탄보드
https://example.org/ontology/instance/Element_1650877,경질우레탄보드(T=120)(일면은박)-경질우레탄보드,https://example.org/ontology/instance/Material_346731,#경질우레탄보드
https://example.org/ontology/instance/Element_786703,경질우레탄보드(T=30),https://example.org/ontology/instance/Material_346731,#경질우레탄보드
https://example.org/ontology/instance/Element_1021482,경질우레탄보드(T=30),https://example.org/ontology/instance/Material_346731,#경질우레탄보드
https://example.org/ontology/instance/Element_1059118,경질우레탄보드(T=30),https://example.org/ontology/instance/Material_346731,#경질우레탄보드
https://example.org/ontology/instance/Element_1059212,경질우레탄보드(T=30),https://example.org/ontology/instance/Material_346731,#경질우레탄보드
https://example.org/ontology/instance/Element_1059254,경질우레탄보드(T=30),https://example.org/ontology/instance/Material_346731,#경질우레탄보드
https://example.org/ontology/instance/Element_1059290,경질우레탄보드(T=30),https://example.org/ontology/instance/Material_346731,#경질우레탄보드
https://example.org/ontology/instance/Element_1059621,경질우레탄보드(T=30),https://example.org/ontology/instance/Material_346731,#경질우레탄보드
https://example.org/ontology/instance/Element_1059929,경질우레탄보드(T=30),https://example.org/ontology/instance/Material_346731,#경질우레탄보드
https://example.org/ontology/instance/Element_1059970,경질우레탄보드(T=30),https://example.org/ontology/instance/Material_346731,#경질우레탄보드
https://example.org/ontology/instance/Element_1369940,경질우레탄보드(T=30),https://example.org/ontology/instance/Material_346731,#경질우레탄보드
https://example.org/ontology/instance/Element_1001033,경질우레탄보드(T=50),https://example.org/ontology/instance/Material_346731,#경질우레탄보드
https://example.org/ontology/instance/Element_1004014,경질우레탄보드(T=50),https://example.org/ontology/instance/Material_346731,#경질우레탄보드
https://example.org/ontology/instance/Element_1008577,경질우레탄보드(T=50),https://example.org/ontology/instance/Material_346731,#경질우레탄보드
https://example.org/ontology/instance/Element_1020816,경질우레탄보드(T=50),https://example.org/ontology/instance/Material_346731,#경질우레탄보드
https://example.org/ontology/instance/Element_1021191,경질우레탄보드(T=50),https://example.org/ontology/instance/Material_346731,#경질우레탄보드
https://example.org/ontology/instance/Element_1021214,경질우레탄보드(T=50),https://example.org/ontology/instance/Material_346731,#경질우레탄보드
https://example.org/ontology/instance/Element_1021250,경질우레탄보드(T=50),https://example.org/ontology/instance/Material_346731,#경질우레탄보드
https://example.org/ontology/instance/Element_1251989,경질우레탄보드(T=50),https://example.org/ontology/instance/Material_346731,#경질우레탄보드
https://example.org/ontology/instance/Element_1281729,경질우레탄보드(T=50),https://example.org/ontology/instance/Material_346731,#경질우레탄보드
https://example.org/ontology/instance/Element_1281770,경질우레탄보드(T=50),https://example.org/ontology/instance/Material_346731,#경질우레탄보드
https://example.org/ontology/instance/Element_1883266,경질우레탄보드(T=50),https://example.org/ontology/instance/Material_346731,#경질우레탄보드
https://example.org/ontology/instance/Element_1883510,경질우레탄보드(T=50),https://example.org/ontology/instance/Material_346731,#경질우레탄보드
https://example.org/ontology/instance/Element_627336,경질우레탄보드(T=50),https://example.org/ontology/instance/Material_346731,#경질우레탄보드
https://example.org/ontology/instance/Element_783968,경질우레탄보드(T=50),https://example.org/ontology/instance/Material_346731,#경질우레탄보드
https://example.org/ontology/instance/Element_786421,경질우레탄보드(T=50),https://example.org/ontology/instance/Material_346731,#경질우레탄보드
https://example.org/ontology/instance/Element_786980,경질우레탄보드(T=50),https://example.org/ontology/instance/Material_346731,#경질우레탄보드
https://example.org/ontology/instance/Element_787555,경질우레탄보드(T=50),https://example.org/ontology/instance/Material_346731,#경질우레탄보드
https://example.org/ontology/instance/Element_788088,경질우레탄보드(T=50),https://example.org/ontology/instance/Material_346731,#경질우레탄보드
https://example.org/ontology/instance/Element_837343,경질우레탄보드(T=50),https://example.org/ontology/instance/Material_346731,#경질우레탄보드
https://example.org/ontology/instance/Element_839580,경질우레탄보드(T=50),https://example.org/ontology/instance/Material_346731,#경질우레탄보드
https://example.org/ontology/instance/Element_840178,경질우레탄보드(T=50),https://example.org/ontology/instance/Material_346731,#경질우레탄보드
https://example.org/ontology/instance/Element_1002971,경질우레탄보드(T=50),https://example.org/ontology/instance/Material_346731,#경질우레탄보드
https://example.org/ontology/instance/Element_1008572,경질우레탄보드(T=50),https://example.org/ontology/instance/Material_346731,#경질우레탄보드
https://example.org/ontology/instance/Element_924113,경질우레탄보드(T=70),https://example.org/ontology/instance/Material_346731,#경질우레탄보드
https://example.org/ontology/instance/Element_1059303,경질우레탄보드(T=70),https://example.org/ontology/instance/Material_346731,#경질우레탄보드
https://example.org/ontology/instance/Element_1059326,경질우레탄보드(T=70),https://example.org/ontology/instance/Material_346731,#경질우레탄보드
https://example.org/ontology/instance/Element_1059484,경질우레탄보드(T=70),https://example.org/ontology/instance/Material_346731,#경질우레탄보드
https://example.org/ontology/instance/Element_1059919,경질우레탄보드(T=70),https://example.org/ontology/instance/Material_346731,#경질우레탄보드
https://example.org/ontology/instance/Element_1059960,경질우레탄보드(T=70),https://example.org/ontology/instance/Material_346731,#경질우레탄보드
https://example.org/ontology/instance/Element_1369965,경질우레탄보드(T=70),https://example.org/ontology/instance/Material_346731,#경질우레탄보드
https://example.org/ontology/instance/Element_1369983,경질우레탄보드(T=70),https://example.org/ontology/instance/Material_346731,#경질우레탄보드
https://example.org/ontology/instance/Element_1370008,경질우레탄보드(T=70),https://example.org/ontology/instance/Material_346731,#경질우레탄보드
https://example.org/ontology/instance/Element_1370034,경질우레탄보드(T=70),https://example.org/ontology/instance/Material_346731,#경질우레탄보드
https://example.org/ontology/instance/Element_1370052,경질우레탄보드(T=70),https://example.org/ontology/instance/Material_346731,#경질우레탄보드
https://example.org/ontology/instance/Element_1628986,경질우레탄보드(T=70),https://example.org/ontology/instance/Material_346731,#경질우레탄보드
https://example.org/ontology/instance/Element_1629052,경질우레탄보드(T=70),https://example.org/ontology/instance/Material_346731,#경질우레탄보드
https://example.org/ontology/instance/Element_1629100,경질우레탄보드(T=70),https://example.org/ontology/instance/Material_346731,#경질우레탄보드
https://example.org/ontology/instance/Element_1629280,경질우레탄보드(T=70),https://example.org/ontology/instance/Material_346731,#경질우레탄보드
https://example.org/ontology/instance/Element_1629294,경질우레탄보드(T=70),https://example.org/ontology/instance/Material_346731,#경질우레탄보드
https://example.org/ontology/instance/Element_1629308,경질우레탄보드(T=70),https://example.org/ontology/instance/Material_346731,#경질우레탄보드
https://example.org/ontology/instance/Element_1629322,경질우레탄보드(T=70),https://example.org/ontology/instance/Material_346731,#경질우레탄보드
https://example.org/ontology/instance/Element_1629364,경질우레탄보드(T=70),https://example.org/ontology/instance/Material_346731,#경질우레탄보드
https://example.org/ontology/instance/Element_1629378,경질우레탄보드(T=70),https://example.org/ontology/instance/Material_346731,#경질우레탄보드
https://example.org/ontology/instance/Element_1629392,경질우레탄보드(T=70),https://example.org/ontology/instance/Material_346731,#경질우레탄보드
https://example.org/ontology/instance/Element_1629417,경질우레탄보드(T=70),https://example.org/ontology/instance/Material_346731,#경질우레탄보드
https://example.org/ontology/instance/Element_1629429,경질우레탄보드(T=70),https://example.org/ontology/instance/Material_346731,#경질우레탄보드
https://example.org/ontology/instance/Element_1629441,경질우레탄보드(T=70),https://example.org/ontology/instance/Material_346731,#경질우레탄보드
https://example.org/ontology/instance/Element_1629453,경질우레탄보드(T=70),https://example.org/ontology/instance/Material_346731,#경질우레탄보드
https://example.org/ontology/instance/Element_1629477,경질우레탄보드(T=70),https://example.org/ontology/instance/Material_346731,#경질우레탄보드
https://example.org/ontology/instance/Element_1629489,경질우레탄보드(T=70),https://example.org/ontology/instance/Material_346731,#경질우레탄보드
https://example.org/ontology/instance/Element_1629501,경질우레탄보드(T=70),https://example.org/ontology/instance/Material_346731,#경질우레탄보드
https://example.org/ontology/instance/Element_1629513,경질우레탄보드(T=70),https://example.org/ontology/instance/Material_346731,#경질우레탄보드
https://example.org/ontology/instance/Element_1441691,구배몰탈(T=60),https://example.org/ontology/instance/Material_345406,#구배몰탈
https://example.org/ontology/instance/Element_629499,구배몰탈(T=70),https://example.org/ontology/instance/Material_345406,#구배몰탈
https://example.org/ontology/instance/Element_784079,구배몰탈(T=70),https://example.org/ontology/instance/Material_345406,#구배몰탈
https://example.org/ontology/instance/Element_786532,구배몰탈(T=70),https://example.org/ontology/instance/Material_345406,#구배몰탈
https://example.org/ontology/instance/Element_787091,구배몰탈(T=70),https://example.org/ontology/instance/Material_345406,#구배몰탈
https://example.org/ontology/instance/Element_787666,구배몰탈(T=70),https://example.org/ontology/instance/Material_345406,#구배몰탈
https://example.org/ontology/instance/Element_788199,구배몰탈(T=70),https://example.org/ontology/instance/Material_345406,#구배몰탈
https://example.org/ontology/instance/Element_834478,구배몰탈(T=70),https://example.org/ontology/instance/Material_345406,#구배몰탈
https://example.org/ontology/instance/Element_835696,구배몰탈(T=70),https://example.org/ontology/instance/Material_345406,#구배몰탈
https://example.org/ontology/instance/Element_836290,구배몰탈(T=70),https://example.org/ontology/instance/Material_345406,#구배몰탈
https://example.org/ontology/instance/Element_836904,구배몰탈(T=70),https://example.org/ontology/instance/Material_345406,#구배몰탈
https://example.org/ontology/instance/Element_837454,구배몰탈(T=70),https://example.org/ontology/instance/Material_345406,#구배몰탈
https://example.org/ontology/instance/Element_837995,구배몰탈(T=70),https://example.org/ontology/instance/Material_345406,#구배몰탈
https://example.org/ontology/instance/Element_838577,구배몰탈(T=70),https://example.org/ontology/instance/Material_345406,#구배몰탈
https://example.org/ontology/instance/Element_839160,구배몰탈(T=70),https://example.org/ontology/instance/Material_345406,#구배몰탈
https://example.org/ontology/instance/Element_839691,구배몰탈(T=70),https://example.org/ontology/instance/Material_345406,#구배몰탈
https://example.org/ontology/instance/Element_840289,구배몰탈(T=70),https://example.org/ontology/instance/Material_345406,#구배몰탈
https://example.org/ontology/instance/Element_1218983,구배몰탈(T=70),https://example.org/ontology/instance/Material_345406,#구배몰탈
https://example.org/ontology/instance/Element_1283616,그라스울패널(T=50),https://example.org/ontology/instance/Material_346720,#그라스울보온재24k
https://example.org/ontology/instance/Element_1287914,그라스울패널(T=50),https://example.org/ontology/instance/Material_346720,#그라스울보온재24k
https://example.org/ontology/instance/Element_1288006,그라스울패널(T=50),https://example.org/ontology/instance/Material_346720,#그라스울보온재24k
https://example.org/ontology/instance/Element_1289037,그라스울패널(T=50),https://example.org/ontology/instance/Material_346720,#그라스울보온재24k
https://example.org/ontology/instance/Element_1289965,그라스울패널(T=50),https://example.org/ontology/instance/Material_346720,#그라스울보온재24k
https://example.org/ontology/instance/Element_1292883,그라스울패널(T=50),https://example.org/ontology/instance/Material_346720,#그라스울보온재24k
https://example.org/ontology/instance/Element_1293115,그라스울패널(T=50),https://example.org/ontology/instance/Material_346720,#그라스울보온재24k
https://example.org/ontology/instance/Element_1293548,그라스울패널(T=50),https://example.org/ontology/instance/Material_346720,#그라스울보온재24k
https://example.org/ontology/instance/Element_1293575,그라스울패널(T=50),https://example.org/ontology/instance/Material_346720,#그라스울보온재24k
https://example.org/ontology/instance/Element_1289086,그라스울패널(T=50),https://example.org/ontology/instance/Material_346720,#그라스울보온재24k
https://example.org/ontology/instance/Element_1100827,단연흡음뿜칠(T=10),https://example.org/ontology/instance/Material_1099930,#단열흡음뿜칠
https://example.org/ontology/instance/Element_1101285,단연흡음뿜칠(T=10),https://example.org/ontology/instance/Material_1099930,#단열흡음뿜칠
https://example.org/ontology/instance/Element_1101321,단연흡음뿜칠(T=10),https://example.org/ontology/instance/Material_1099930,#단열흡음뿜칠
https://example.org/ontology/instance/Element_1661761,단연흡음뿜칠(T=10),https://example.org/ontology/instance/Material_1099930,#단열흡음뿜칠
https://example.org/ontology/instance/Element_1099874,단열흡음뿜칠(T=10),https://example.org/ontology/instance/Material_1099930,#단열흡음뿜칠
https://example.org/ontology/instance/Element_1099964,단열흡음뿜칠(T=10),https://example.org/ontology/instance/Material_1099930,#단열흡음뿜칠
https://example.org/ontology/instance/Element_628601,도막방수(T=3),https://example.org/ontology/instance/Material_346762,#도막방수
https://example.org/ontology/instance/Element_784046,도막방수(T=3),https://example.org/ontology/instance/Material_346762,#도막방수
https://example.org/ontology/instance/Element_786499,도막방수(T=3),https://example.org/ontology/instance/Material_346762,#도막방수
https://example.org/ontology/instance/Element_787058,도막방수(T=3),https://example.org/ontology/instance/Material_346762,#도막방수
https://example.org/ontology/instance/Element_787633,도막방수(T=3),https://example.org/ontology/instance/Material_346762,#도막방수
https://example.org/ontology/instance/Element_788166,도막방수(T=3),https://example.org/ontology/instance/Material_346762,#도막방수
https://example.org/ontology/instance/Element_837421,도막방수(T=3),https://example.org/ontology/instance/Material_346762,#도막방수
https://example.org/ontology/instance/Element_837962,도막방수(T=3),https://example.org/ontology/instance/Material_346762,#도막방수
https://example.org/ontology/instance/Element_838544,도막방수(T=3),https://example.org/ontology/instance/Material_346762,#도막방수
https://example.org/ontology/instance/Element_839127,도막방수(T=3),https://example.org/ontology/instance/Material_346762,#도막방수
https://example.org/ontology/instance/Element_839658,도막방수(T=3),https://example.org/ontology/instance/Material_346762,#도막방수
https://example.org/ontology/instance/Element_840256,도막방수(T=3),https://example.org/ontology/instance/Material_346762,#도막방수
https://example.org/ontology/instance/Element_915109,도막방수(T=3),https://example.org/ontology/instance/Material_346762,#도막방수
https://example.org/ontology/instance/Element_921820,도막방수(T=3),https://example.org/ontology/instance/Material_346762,#도막방수
https://example.org/ontology/instance/Element_922309,도막방수(T=3),https://example.org/ontology/instance/Material_346762,#도막방수
https://example.org/ontology/instance/Element_922882,도막방수(T=3),https://example.org/ontology/instance/Material_346762,#도막방수
https://example.org/ontology/instance/Element_923849,도막방수(T=3),https://example.org/ontology/instance/Material_346762,#도막방수
https://example.org/ontology/instance/Element_1471835,도막방수(T=3),https://example.org/ontology/instance/Material_346762,#도막방수
https://example.org/ontology/instance/Element_1472012,도막방수(T=3)-Hidden,https://example.org/ontology/instance/Material_345362,#Hidden
https://example.org/ontology/instance/Element_1472046,도막방수(T=3)-Hidden,https://example.org/ontology/instance/Material_345362,#Hidden
https://example.org/ontology/instance/Element_1472077,도막방수(T=3)-Hidden,https://example.org/ontology/instance/Material_345362,#Hidden
https://example.org/ontology/instance/Element_1472119,도막방수(T=3)-Hidden,https://example.org/ontology/instance/Material_345362,#Hidden
https://example.org/ontology/instance/Element_1472171,도막방수(T=3)-Hidden,https://example.org/ontology/instance/Material_345362,#Hidden
https://example.org/ontology/instance/Element_1472222,도막방수(T=3)-Hidden,https://example.org/ontology/instance/Material_345362,#Hidden
https://example.org/ontology/instance/Element_1472255,도막방수(T=3)-Hidden,https://example.org/ontology/instance/Material_345362,#Hidden
https://example.org/ontology/instance/Element_1472293,도막방수(T=3)-Hidden,https://example.org/ontology/instance/Material_345362,#Hidden
https://example.org/ontology/instance/Element_1472506,도막방수(T=3)-Hidden,https://example.org/ontology/instance/Material_345362,#Hidden
https://example.org/ontology/instance/Element_1472563,도막방수(T=3)-Hidden,https://example.org/ontology/instance/Material_345362,#Hidden
https://example.org/ontology/instance/Element_1472597,도막방수(T=3)-Hidden,https://example.org/ontology/instance/Material_345362,#Hidden
https://example.org/ontology/instance/Element_1472630,도막방수(T=3)-Hidden,https://example.org/ontology/instance/Material_345362,#Hidden
https://example.org/ontology/instance/Element_1472644,도막방수(T=3)-Hidden,https://example.org/ontology/instance/Material_345362,#Hidden
https://example.org/ontology/instance/Element_1472684,도막방수(T=3)-Hidden,https://example.org/ontology/instance/Material_345362,#Hidden
https://example.org/ontology/instance/Element_1473993,도막방수(T=3)-Hidden,https://example.org/ontology/instance/Material_345362,#Hidden
https://example.org/ontology/instance/Element_1473994,도막방수(T=3)-Hidden,https://example.org/ontology/instance/Material_345362,#Hidden
https://example.org/ontology/instance/Element_1473995,도막방수(T=3)-Hidden,https://example.org/ontology/instance/Material_345362,#Hidden
https://example.org/ontology/instance/Element_1473996,도막방수(T=3)-Hidden,https://example.org/ontology/instance/Material_345362,#Hidden
https://example.org/ontology/instance/Element_1473997,도막방수(T=3)-Hidden,https://example.org/ontology/instance/Material_345362,#Hidden
https://example.org/ontology/instance/Element_1473998,도막방수(T=3)-Hidden,https://example.org/ontology/instance/Material_345362,#Hidden
https://example.org/ontology/instance/Element_1474012,도막방수(T=3)-Hidden,https://example.org/ontology/instance/Material_345362,#Hidden
https://example.org/ontology/instance/Element_1474013,도막방수(T=3)-Hidden,https://example.org/ontology/instance/Material_345362,#Hidden
https://example.org/ontology/instance/Element_1474014,도막방수(T=3)-Hidden,https://example.org/ontology/instance/Material_345362,#Hidden
https://example.org/ontology/instance/Element_1474015,도막방수(T=3)-Hidden,https://example.org/ontology/instance/Material_345362,#Hidden
https://example.org/ontology/instance/Element_1474016,도막방수(T=3)-Hidden,https://example.org/ontology/instance/Material_345362,#Hidden
https://example.org/ontology/instance/Element_1474017,도막방수(T=3)-Hidden,https://example.org/ontology/instance/Material_345362,#Hidden
https://example.org/ontology/instance/Element_1474085,도막방수(T=3)-Hidden,https://example.org/ontology/instance/Material_345362,#Hidden
https://example.org/ontology/instance/Element_1474086,도막방수(T=3)-Hidden,https://example.org/ontology/instance/Material_345362,#Hidden
https://example.org/ontology/instance/Element_1474087,도막방수(T=3)-Hidden,https://example.org/ontology/instance/Material_345362,#Hidden
https://example.org/ontology/instance/Element_1474088,도막방수(T=3)-Hidden,https://example.org/ontology/instance/Material_345362,#Hidden
https://example.org/ontology/instance/Element_1474089,도막방수(T=3)-Hidden,https://example.org/ontology/instance/Material_345362,#Hidden
https://example.org/ontology/instance/Element_1474090,도막방수(T=3)-Hidden,https://example.org/ontology/instance/Material_345362,#Hidden
https://example.org/ontology/instance/Element_1474112,도막방수(T=3)-Hidden,https://example.org/ontology/instance/Material_345362,#Hidden
https://example.org/ontology/instance/Element_1474113,도막방수(T=3)-Hidden,https://example.org/ontology/instance/Material_345362,#Hidden
https://example.org/ontology/instance/Element_1474114,도막방수(T=3)-Hidden,https://example.org/ontology/instance/Material_345362,#Hidden
https://example.org/ontology/instance/Element_1474115,도막방수(T=3)-Hidden,https://example.org/ontology/instance/Material_345362,#Hidden
https://example.org/ontology/instance/Element_1474116,도막방수(T=3)-Hidden,https://example.org/ontology/instance/Material_345362,#Hidden
https://example.org/ontology/instance/Element_1474117,도막방수(T=3)-Hidden,https://example.org/ontology/instance/Material_345362,#Hidden
https://example.org/ontology/instance/Element_1474131,도막방수(T=3)-Hidden,https://example.org/ontology/instance/Material_345362,#Hidden
https://example.org/ontology/instance/Element_1474132,도막방수(T=3)-Hidden,https://example.org/ontology/instance/Material_345362,#Hidden
https://example.org/ontology/instance/Element_1474133,도막방수(T=3)-Hidden,https://example.org/ontology/instance/Material_345362,#Hidden
https://example.org/ontology/instance/Element_1474134,도막방수(T=3)-Hidden,https://example.org/ontology/instance/Material_345362,#Hidden
https://example.org/ontology/instance/Element_1474135,도막방수(T=3)-Hidden,https://example.org/ontology/instance/Material_345362,#Hidden
https://example.org/ontology/instance/Element_1474136,도막방수(T=3)-Hidden,https://example.org/ontology/instance/Material_345362,#Hidden
https://example.org/ontology/instance/Element_1474150,도막방수(T=3)-Hidden,https://example.org/ontology/instance/Material_345362,#Hidden
https://example.org/ontology/instance/Element_1474151,도막방수(T=3)-Hidden,https://example.org/ontology/instance/Material_345362,#Hidden
https://example.org/ontology/instance/Element_1474152,도막방수(T=3)-Hidden,https://example.org/ontology/instance/Material_345362,#Hidden
https://example.org/ontology/instance/Element_1474153,도막방수(T=3)-Hidden,https://example.org/ontology/instance/Material_345362,#Hidden
https://example.org/ontology/instance/Element_1474154,도막방수(T=3)-Hidden,https://example.org/ontology/instance/Material_345362,#Hidden
https://example.org/ontology/instance/Element_1474155,도막방수(T=3)-Hidden,https://example.org/ontology/instance/Material_345362,#Hidden
https://example.org/ontology/instance/Element_1474437,도막방수(T=3)-Hidden,https://example.org/ontology/instance/Material_345362,#Hidden
https://example.org/ontology/instance/Element_1474438,도막방수(T=3)-Hidden,https://example.org/ontology/instance/Material_345362,#Hidden
https://example.org/ontology/instance/Element_1474439,도막방수(T=3)-Hidden,https://example.org/ontology/instance/Material_345362,#Hidden
https://example.org/ontology/instance/Element_1474440,도막방수(T=3)-Hidden,https://example.org/ontology/instance/Material_345362,#Hidden
https://example.org/ontology/instance/Element_1474441,도막방수(T=3)-Hidden,https://example.org/ontology/instance/Material_345362,#Hidden
https://example.org/ontology/instance/Element_1474442,도막방수(T=3)-Hidden,https://example.org/ontology/instance/Material_345362,#Hidden
https://example.org/ontology/instance/Element_1474533,도막방수(T=3)-Hidden,https://example.org/ontology/instance/Material_345362,#Hidden
https://example.org/ontology/instance/Element_1474534,도막방수(T=3)-Hidden,https://example.org/ontology/instance/Material_345362,#Hidden
https://example.org/ontology/instance/Element_1474535,도막방수(T=3)-Hidden,https://example.org/ontology/instance/Material_345362,#Hidden
https://example.org/ontology/instance/Element_1474536,도막방수(T=3)-Hidden,https://example.org/ontology/instance/Material_345362,#Hidden
https://example.org/ontology/instance/Element_1474537,도막방수(T=3)-Hidden,https://example.org/ontology/instance/Material_345362,#Hidden
https://example.org/ontology/instance/Element_1474538,도막방수(T=3)-Hidden,https://example.org/ontology/instance/Material_345362,#Hidden
https://example.org/ontology/instance/Element_1474558,도막방수(T=3)-Hidden,https://example.org/ontology/instance/Material_345362,#Hidden
https://example.org/ontology/instance/Element_1474559,도막방수(T=3)-Hidden,https://example.org/ontology/instance/Material_345362,#Hidden
https://example.org/ontology/instance/Element_1474560,도막방수(T=3)-Hidden,https://example.org/ontology/instance/Material_345362,#Hidden
https://example.org/ontology/instance/Element_1474561,도막방수(T=3)-Hidden,https://example.org/ontology/instance/Material_345362,#Hidden
https://example.org/ontology/instance/Element_1474562,도막방수(T=3)-Hidden,https://example.org/ontology/instance/Material_345362,#Hidden
https://example.org/ontology/instance/Element_1474563,도막방수(T=3)-Hidden,https://example.org/ontology/instance/Material_345362,#Hidden
https://example.org/ontology/instance/Element_1474577,도막방수(T=3)-Hidden,https://example.org/ontology/instance/Material_345362,#Hidden
https://example.org/ontology/instance/Element_1474578,도막방수(T=3)-Hidden,https://example.org/ontology/instance/Material_345362,#Hidden
https://example.org/ontology/instance/Element_1474579,도막방수(T=3)-Hidden,https://example.org/ontology/instance/Material_345362,#Hidden
https://example.org/ontology/instance/Element_1474580,도막방수(T=3)-Hidden,https://example.org/ontology/instance/Material_345362,#Hidden
https://example.org/ontology/instance/Element_1474581,도막방수(T=3)-Hidden,https://example.org/ontology/instance/Material_345362,#Hidden
https://example.org/ontology/instance/Element_1474582,도막방수(T=3)-Hidden,https://example.org/ontology/instance/Material_345362,#Hidden
https://example.org/ontology/instance/Element_1474614,도막방수(T=3)-Hidden,https://example.org/ontology/instance/Material_345362,#Hidden
https://example.org/ontology/instance/Element_1474615,도막방수(T=3)-Hidden,https://example.org/ontology/instance/Material_345362,#Hidden
https://example.org/ontology/instance/Element_1474616,도막방수(T=3)-Hidden,https://example.org/ontology/instance/Material_345362,#Hidden
https://example.org/ontology/instance/Element_1474617,도막방수(T=3)-Hidden,https://example.org/ontology/instance/Material_345362,#Hidden
https://example.org/ontology/instance/Element_1474618,도막방수(T=3)-Hidden,https://example.org/ontology/instance/Material_345362,#Hidden
https://example.org/ontology/instance/Element_1474619,도막방수(T=3)-Hidden,https://example.org/ontology/instance/Material_345362,#Hidden
https://example.org/ontology/instance/Element_1474641,도막방수(T=3)-Hidden,https://example.org/ontology/instance/Material_345362,#Hidden
https://example.org/ontology/instance/Element_1474642,도막방수(T=3)-Hidden,https://example.org/ontology/instance/Material_345362,#Hidden
https://example.org/ontology/instance/Element_1474643,도막방수(T=3)-Hidden,https://example.org/ontology/instance/Material_345362,#Hidden
https://example.org/ontology/instance/Element_1474644,도막방수(T=3)-Hidden,https://example.org/ontology/instance/Material_345362,#Hidden
https://example.org/ontology/instance/Element_1474645,도막방수(T=3)-Hidden,https://example.org/ontology/instance/Material_345362,#Hidden
https://example.org/ontology/instance/Element_1474646,도막방수(T=3)-Hidden,https://example.org/ontology/instance/Material_345362,#Hidden
https://example.org/ontology/instance/Element_1474660,도막방수(T=3)-Hidden,https://example.org/ontology/instance/Material_345362,#Hidden
https://example.org/ontology/instance/Element_1474661,도막방수(T=3)-Hidden,https://example.org/ontology/instance/Material_345362,#Hidden
https://example.org/ontology/instance/Element_1474662,도막방수(T=3)-Hidden,https://example.org/ontology/instance/Material_345362,#Hidden
https://example.org/ontology/instance/Element_1474663,도막방수(T=3)-Hidden,https://example.org/ontology/instance/Material_345362,#Hidden
https://example.org/ontology/instance/Element_1474664,도막방수(T=3)-Hidden,https://example.org/ontology/instance/Material_345362,#Hidden
https://example.org/ontology/instance/Element_1474665,도막방수(T=3)-Hidden,https://example.org/ontology/instance/Material_345362,#Hidden
https://example.org/ontology/instance/Element_1474679,도막방수(T=3)-Hidden,https://example.org/ontology/instance/Material_345362,#Hidden
https://example.org/ontology/instance/Element_1474680,도막방수(T=3)-Hidden,https://example.org/ontology/instance/Material_345362,#Hidden
https://example.org/ontology/instance/Element_1474681,도막방수(T=3)-Hidden,https://example.org/ontology/instance/Material_345362,#Hidden
https://example.org/ontology/instance/Element_1474682,도막방수(T=3)-Hidden,https://example.org/ontology/instance/Material_345362,#Hidden
https://example.org/ontology/instance/Element_1474683,도막방수(T=3)-Hidden,https://example.org/ontology/instance/Material_345362,#Hidden
https://example.org/ontology/instance/Element_1474684,도막방수(T=3)-Hidden,https://example.org/ontology/instance/Material_345362,#Hidden
https://example.org/ontology/instance/Element_1474698,도막방수(T=3)-Hidden,https://example.org/ontology/instance/Material_345362,#Hidden
https://example.org/ontology/instance/Element_1474699,도막방수(T=3)-Hidden,https://example.org/ontology/instance/Material_345362,#Hidden
https://example.org/ontology/instance/Element_1474700,도막방수(T=3)-Hidden,https://example.org/ontology/instance/Material_345362,#Hidden
https://example.org/ontology/instance/Element_1474701,도막방수(T=3)-Hidden,https://example.org/ontology/instance/Material_345362,#Hidden
https://example.org/ontology/instance/Element_1474702,도막방수(T=3)-Hidden,https://example.org/ontology/instance/Material_345362,#Hidden
https://example.org/ontology/instance/Element_1474703,도막방수(T=3)-Hidden,https://example.org/ontology/instance/Material_345362,#Hidden
https://example.org/ontology/instance/Element_1474717,도막방수(T=3)-Hidden,https://example.org/ontology/instance/Material_345362,#Hidden
https://example.org/ontology/instance/Element_1474718,도막방수(T=3)-Hidden,https://example.org/ontology/instance/Material_345362,#Hidden
https://example.org/ontology/instance/Element_1474719,도막방수(T=3)-Hidden,https://example.org/ontology/instance/Material_345362,#Hidden
https://example.org/ontology/instance/Element_1474720,도막방수(T=3)-Hidden,https://example.org/ontology/instance/Material_345362,#Hidden
https://example.org/ontology/instance/Element_1474721,도막방수(T=3)-Hidden,https://example.org/ontology/instance/Material_345362,#Hidden
https://example.org/ontology/instance/Element_1474722,도막방수(T=3)-Hidden,https://example.org/ontology/instance/Material_345362,#Hidden
https://example.org/ontology/instance/Element_942746,무근콘크리트(T=100),https://example.org/ontology/instance/Material_1019971,#무근콘크리트
https://example.org/ontology/instance/Element_1020268,무근콘크리트(T=100)(에폭시 마감),https://example.org/ontology/instance/Material_1019971,#무근콘크리트
https://example.org/ontology/instance/Element_1020268,무근콘크리트(T=100)(에폭시 마감),https://example.org/ontology/instance/Material_1088301,#에폭시
https://example.org/ontology/instance/Element_1019946,무근콘크리트(T=100)(콘크리트 쇠흙손마감),https://example.org/ontology/instance/Material_1019971,#무근콘크리트
https://example.org/ontology/instance/Element_1019946,무근콘크리트(T=100)(콘크리트 쇠흙손마감),https://example.org/ontology/instance/Material_1088378,#콘크리트 쇠흙손마감
https://example.org/ontology/instance/Element_1022277,무수축모르타르(T=35),https://example.org/ontology/instance/Material_1022302,#무수축모르타르
https://example.org/ontology/instance/Element_1022723,무수축모르타르(T=35),https://example.org/ontology/instance/Material_1022302,#무수축모르타르
https://example.org/ontology/instance/Element_1022737,무수축모르타르(T=35),https://example.org/ontology/instance/Material_1022302,#무수축모르타르
https://example.org/ontology/instance/Element_1022751,무수축모르타르(T=35),https://example.org/ontology/instance/Material_1022302,#무수축모르타르
https://example.org/ontology/instance/Element_1022765,무수축모르타르(T=35),https://example.org/ontology/instance/Material_1022302,#무수축모르타르
https://example.org/ontology/instance/Element_1022779,무수축모르타르(T=35),https://example.org/ontology/instance/Material_1022302,#무수축모르타르
https://example.org/ontology/instance/Element_1022793,무수축모르타르(T=35),https://example.org/ontology/instance/Material_1022302,#무수축모르타르
https://example.org/ontology/instance/Element_1022807,무수축모르타르(T=35),https://example.org/ontology/instance/Material_1022302,#무수축모르타르
https://example.org/ontology/instance/Element_1022821,무수축모르타르(T=35),https://example.org/ontology/instance/Material_1022302,#무수축모르타르
https://example.org/ontology/instance/Element_1022835,무수축모르타르(T=35),https://example.org/ontology/instance/Material_1022302,#무수축모르타르
https://example.org/ontology/instance/Element_1022869,무수축모르타르(T=35),https://example.org/ontology/instance/Material_1022302,#무수축모르타르
https://example.org/ontology/instance/Element_1022977,무수축모르타르(T=35),https://example.org/ontology/instance/Material_1022302,#무수축모르타르
https://example.org/ontology/instance/Element_1023054,무수축모르타르(T=35),https://example.org/ontology/instance/Material_1022302,#무수축모르타르
https://example.org/ontology/instance/Element_1023336,무수축모르타르(T=35),https://example.org/ontology/instance/Material_1022302,#무수축모르타르
https://example.org/ontology/instance/Element_1023350,무수축모르타르(T=35),https://example.org/ontology/instance/Material_1022302,#무수축모르타르
https://example.org/ontology/instance/Element_1023364,무수축모르타르(T=35),https://example.org/ontology/instance/Material_1022302,#무수축모르타르
https://example.org/ontology/instance/Element_1023378,무수축모르타르(T=35),https://example.org/ontology/instance/Material_1022302,#무수축모르타르
https://example.org/ontology/instance/Element_1023392,무수축모르타르(T=35),https://example.org/ontology/instance/Material_1022302,#무수축모르타르
https://example.org/ontology/instance/Element_1023406,무수축모르타르(T=35),https://example.org/ontology/instance/Material_1022302,#무수축모르타르
https://example.org/ontology/instance/Element_1023420,무수축모르타르(T=35),https://example.org/ontology/instance/Material_1022302,#무수축모르타르
https://example.org/ontology/instance/Element_1023434,무수축모르타르(T=35),https://example.org/ontology/instance/Material_1022302,#무수축모르타르
https://example.org/ontology/instance/Element_1023448,무수축모르타르(T=35),https://example.org/ontology/instance/Material_1022302,#무수축모르타르
https://example.org/ontology/instance/Element_1023462,무수축모르타르(T=35),https://example.org/ontology/instance/Material_1022302,#무수축모르타르
https://example.org/ontology/instance/Element_1023531,무수축모르타르(T=35),https://example.org/ontology/instance/Material_1022302,#무수축모르타르
https://example.org/ontology/instance/Element_1023592,무수축모르타르(T=35),https://example.org/ontology/instance/Material_1022302,#무수축모르타르
https://example.org/ontology/instance/Element_1023620,무수축모르타르(T=35),https://example.org/ontology/instance/Material_1022302,#무수축모르타르
https://example.org/ontology/instance/Element_1023776,무수축모르타르(T=35),https://example.org/ontology/instance/Material_1022302,#무수축모르타르
https://example.org/ontology/instance/Element_1023790,무수축모르타르(T=35),https://example.org/ontology/instance/Material_1022302,#무수축모르타르
https://example.org/ontology/instance/Element_1023804,무수축모르타르(T=35),https://example.org/ontology/instance/Material_1022302,#무수축모르타르
https://example.org/ontology/instance/Element_1023818,무수축모르타르(T=35),https://example.org/ontology/instance/Material_1022302,#무수축모르타르
https://example.org/ontology/instance/Element_1023832,무수축모르타르(T=35),https://example.org/ontology/instance/Material_1022302,#무수축모르타르
https://example.org/ontology/instance/Element_1023846,무수축모르타르(T=35),https://example.org/ontology/instance/Material_1022302,#무수축모르타르
https://example.org/ontology/instance/Element_1023860,무수축모르타르(T=35),https://example.org/ontology/instance/Material_1022302,#무수축모르타르
https://example.org/ontology/instance/Element_1023874,무수축모르타르(T=35),https://example.org/ontology/instance/Material_1022302,#무수축모르타르
https://example.org/ontology/instance/Element_1023888,무수축모르타르(T=35),https://example.org/ontology/instance/Material_1022302,#무수축모르타르
https://example.org/ontology/instance/Element_1023902,무수축모르타르(T=35),https://example.org/ontology/instance/Material_1022302,#무수축모르타르
https://example.org/ontology/instance/Element_834367,비드법보온판(2종1호)(T=50),https://example.org/ontology/instance/Material_1059818,#비드법보온판(2종1호)
https://example.org/ontology/instance/Element_835585,비드법보온판(2종1호)(T=50),https://example.org/ontology/instance/Material_1059818,#비드법보온판(2종1호)
https://example.org/ontology/instance/Element_836179,비드법보온판(2종1호)(T=50),https://example.org/ontology/instance/Material_1059818,#비드법보온판(2종1호)
https://example.org/ontology/instance/Element_836793,비드법보온판(2종1호)(T=50),https://example.org/ontology/instance/Material_1059818,#비드법보온판(2종1호)
https://example.org/ontology/instance/Element_837884,비드법보온판(2종1호)(T=50),https://example.org/ontology/instance/Material_1059818,#비드법보온판(2종1호)
https://example.org/ontology/instance/Element_838466,비드법보온판(2종1호)(T=50),https://example.org/ontology/instance/Material_1059818,#비드법보온판(2종1호)
https://example.org/ontology/instance/Element_839049,비드법보온판(2종1호)(T=50),https://example.org/ontology/instance/Material_1059818,#비드법보온판(2종1호)
https://example.org/ontology/instance/Element_711277,석재단열패널(연한회색)(T=35),https://example.org/ontology/instance/Material_346731,#경질우레탄보드
https://example.org/ontology/instance/Element_784266,석재단열패널(연한회색)(T=35),https://example.org/ontology/instance/Material_346731,#경질우레탄보드
https://example.org/ontology/instance/Element_786716,석재단열패널(연한회색)(T=35),https://example.org/ontology/instance/Material_346731,#경질우레탄보드
https://example.org/ontology/instance/Element_788382,석재단열패널(연한회색)(T=35),https://example.org/ontology/instance/Material_346731,#경질우레탄보드
https://example.org/ontology/instance/Element_788385,석재단열패널(연한회색)(T=35),https://example.org/ontology/instance/Material_346731,#경질우레탄보드
https://example.org/ontology/instance/Element_790672,석재단열패널(연한회색)(T=35),https://example.org/ontology/instance/Material_346731,#경질우레탄보드
https://example.org/ontology/instance/Element_790781,석재단열패널(연한회색)(T=35),https://example.org/ontology/instance/Material_346731,#경질우레탄보드
https://example.org/ontology/instance/Element_797328,석재단열패널(연한회색)(T=35),https://example.org/ontology/instance/Material_346731,#경질우레탄보드
https://example.org/ontology/instance/Element_797894,석재단열패널(연한회색)(T=35),https://example.org/ontology/instance/Material_346731,#경질우레탄보드
https://example.org/ontology/instance/Element_798767,석재단열패널(연한회색)(T=35),https://example.org/ontology/instance/Material_346731,#경질우레탄보드
https://example.org/ontology/instance/Element_802729,석재단열패널(연한회색)(T=35),https://example.org/ontology/instance/Material_346731,#경질우레탄보드
https://example.org/ontology/instance/Element_834773,석재단열패널(연한회색)(T=35),https://example.org/ontology/instance/Material_346731,#경질우레탄보드
https://example.org/ontology/instance/Element_834777,석재단열패널(연한회색)(T=35),https://example.org/ontology/instance/Material_346731,#경질우레탄보드
https://example.org/ontology/instance/Element_838795,석재단열패널(연한회색)(T=35),https://example.org/ontology/instance/Material_346731,#경질우레탄보드
https://example.org/ontology/instance/Element_841780,석재단열패널(연한회색)(T=35),https://example.org/ontology/instance/Material_346731,#경질우레탄보드
https://example.org/ontology/instance/Element_929202,석재단열패널(연한회색)(T=35),https://example.org/ontology/instance/Material_346731,#경질우레탄보드
https://example.org/ontology/instance/Element_929351,석재단열패널(연한회색)(T=35),https://example.org/ontology/instance/Material_346731,#경질우레탄보드
https://example.org/ontology/instance/Element_936878,석재단열패널(연한회색)(T=35),https://example.org/ontology/instance/Material_346731,#경질우레탄보드
https://example.org/ontology/instance/Element_1002332,석재단열패널(연한회색)(T=35),https://example.org/ontology/instance/Material_346731,#경질우레탄보드
https://example.org/ontology/instance/Element_1045987,석재단열패널(연한회색)(T=35),https://example.org/ontology/instance/Material_346731,#경질우레탄보드
https://example.org/ontology/instance/Element_1051584,석재단열패널(연한회색)(T=35),https://example.org/ontology/instance/Material_346731,#경질우레탄보드
https://example.org/ontology/instance/Element_1052392,석재단열패널(연한회색)(T=35),https://example.org/ontology/instance/Material_346731,#경질우레탄보드
https://example.org/ontology/instance/Element_1052428,석재단열패널(연한회색)(T=35),https://example.org/ontology/instance/Material_346731,#경질우레탄보드
https://example.org/ontology/instance/Element_1052466,석재단열패널(연한회색)(T=35),https://example.org/ontology/instance/Material_346731,#경질우레탄보드
https://example.org/ontology/instance/Element_1052503,석재단열패널(연한회색)(T=35),https://example.org/ontology/instance/Material_346731,#경질우레탄보드
https://example.org/ontology/instance/Element_1052540,석재단열패널(연한회색)(T=35),https://example.org/ontology/instance/Material_346731,#경질우레탄보드
https://example.org/ontology/instance/Element_1052577,석재단열패널(연한회색)(T=35),https://example.org/ontology/instance/Material_346731,#경질우레탄보드
https://example.org/ontology/instance/Element_1052614,석재단열패널(연한회색)(T=35),https://example.org/ontology/instance/Material_346731,#경질우레탄보드
https://example.org/ontology/instance/Element_1052651,석재단열패널(연한회색)(T=35),https://example.org/ontology/instance/Material_346731,#경질우레탄보드
https://example.org/ontology/instance/Element_1057297,석재단열패널(연한회색)(T=35),https://example.org/ontology/instance/Material_346731,#경질우레탄보드
https://example.org/ontology/instance/Element_1227048,석재단열패널(연한회색)(T=35),https://example.org/ontology/instance/Material_346731,#경질우레탄보드
https://example.org/ontology/instance/Element_1227335,석재단열패널(연한회색)(T=35),https://example.org/ontology/instance/Material_346731,#경질우레탄보드
https://example.org/ontology/instance/Element_1227344,석재단열패널(연한회색)(T=35),https://example.org/ontology/instance/Material_346731,#경질우레탄보드
https://example.org/ontology/instance/Element_1227353,석재단열패널(연한회색)(T=35),https://example.org/ontology/instance/Material_346731,#경질우레탄보드
https://example.org/ontology/instance/Element_1227364,석재단열패널(연한회색)(T=35),https://example.org/ontology/instance/Material_346731,#경질우레탄보드
https://example.org/ontology/instance/Element_1227373,석재단열패널(연한회색)(T=35),https://example.org/ontology/instance/Material_346731,#경질우레탄보드
https://example.org/ontology/instance/Element_1227382,석재단열패널(연한회색)(T=35),https://example.org/ontology/instance/Material_346731,#경질우레탄보드
https://example.org/ontology/instance/Element_1227391,석재단열패널(연한회색)(T=35),https://example.org/ontology/instance/Material_346731,#경질우레탄보드
https://example.org/ontology/instance/Element_1227400,석재단열패널(연한회색)(T=35),https://example.org/ontology/instance/Material_346731,#경질우레탄보드
https://example.org/ontology/instance/Element_1227823,석재단열패널(연한회색)(T=35),https://example.org/ontology/instance/Material_346731,#경질우레탄보드
https://example.org/ontology/instance/Element_1227991,석재단열패널(연한회색)(T=35),https://example.org/ontology/instance/Material_346731,#경질우레탄보드
https://example.org/ontology/instance/Element_1227998,석재단열패널(연한회색)(T=35),https://example.org/ontology/instance/Material_346731,#경질우레탄보드
https://example.org/ontology/instance/Element_1228007,석재단열패널(연한회색)(T=35),https://example.org/ontology/instance/Material_346731,#경질우레탄보드
https://example.org/ontology/instance/Element_1228016,석재단열패널(연한회색)(T=35),https://example.org/ontology/instance/Material_346731,#경질우레탄보드
https://example.org/ontology/instance/Element_1228025,석재단열패널(연한회색)(T=35),https://example.org/ontology/instance/Material_346731,#경질우레탄보드
https://example.org/ontology/instance/Element_1228034,석재단열패널(연한회색)(T=35),https://example.org/ontology/instance/Material_346731,#경질우레탄보드
https://example.org/ontology/instance/Element_1228043,석재단열패널(연한회색)(T=35),https://example.org/ontology/instance/Material_346731,#경질우레탄보드
https://example.org/ontology/instance/Element_1228052,석재단열패널(연한회색)(T=35),https://example.org/ontology/instance/Material_346731,#경질우레탄보드
https://example.org/ontology/instance/Element_1228061,석재단열패널(연한회색)(T=35),https://example.org/ontology/instance/Material_346731,#경질우레탄보드
https://example.org/ontology/instance/Element_1238789,석재단열패널(연한회색)(T=35),https://example.org/ontology/instance/Material_346731,#경질우레탄보드
https://example.org/ontology/instance/Element_1239137,석재단열패널(연한회색)(T=35),https://example.org/ontology/instance/Material_346731,#경질우레탄보드
https://example.org/ontology/instance/Element_1247848,석재단열패널(연한회색)(T=35),https://example.org/ontology/instance/Material_346731,#경질우레탄보드
https://example.org/ontology/instance/Element_1248214,석재단열패널(연한회색)(T=35),https://example.org/ontology/instance/Material_346731,#경질우레탄보드
https://example.org/ontology/instance/Element_2085117,석재단열패널(연한회색)(T=35),https://example.org/ontology/instance/Material_346731,#경질우레탄보드
https://example.org/ontology/instance/Element_2297783,석재단열패널(연한회색)(T=35),https://example.org/ontology/instance/Material_346731,#경질우레탄보드
https://example.org/ontology/instance/Element_2725527,석재단열패널(연한회색)(T=35),https://example.org/ontology/instance/Material_346731,#경질우레탄보드
https://example.org/ontology/instance/Element_2726396,석재단열패널(연한회색)(T=35),https://example.org/ontology/instance/Material_346731,#경질우레탄보드
https://example.org/ontology/instance/Element_2726594,석재단열패널(연한회색)(T=35),https://example.org/ontology/instance/Material_346731,#경질우레탄보드
https://example.org/ontology/instance/Element_2727363,석재단열패널(연한회색)(T=35),https://example.org/ontology/instance/Material_346731,#경질우레탄보드
https://example.org/ontology/instance/Element_2728045,석재단열패널(연한회색)(T=35),https://example.org/ontology/instance/Material_346731,#경질우레탄보드
https://example.org/ontology/instance/Element_2728398,석재단열패널(연한회색)(T=35),https://example.org/ontology/instance/Material_346731,#경질우레탄보드
https://example.org/ontology/instance/Element_2728524,석재단열패널(연한회색)(T=35),https://example.org/ontology/instance/Material_346731,#경질우레탄보드
https://example.org/ontology/instance/Element_2728656,석재단열패널(연한회색)(T=35),https://example.org/ontology/instance/Material_346731,#경질우레탄보드
https://example.org/ontology/instance/Element_2728771,석재단열패널(연한회색)(T=35),https://example.org/ontology/instance/Material_346731,#경질우레탄보드
https://example.org/ontology/instance/Element_2728915,석재단열패널(연한회색)(T=35),https://example.org/ontology/instance/Material_346731,#경질우레탄보드
https://example.org/ontology/instance/Element_2729070,석재단열패널(연한회색)(T=35),https://example.org/ontology/instance/Material_346731,#경질우레탄보드
https://example.org/ontology/instance/Element_2729140,석재단열패널(연한회색)(T=35),https://example.org/ontology/instance/Material_346731,#경질우레탄보드
https://example.org/ontology/instance/Element_2729573,석재단열패널(연한회색)(T=35),https://example.org/ontology/instance/Material_346731,#경질우레탄보드
https://example.org/ontology/instance/Element_2729721,석재단열패널(연한회색)(T=35),https://example.org/ontology/instance/Material_346731,#경질우레탄보드
https://example.org/ontology/instance/Element_2729851,석재단열패널(연한회색)(T=35),https://example.org/ontology/instance/Material_346731,#경질우레탄보드
https://example.org/ontology/instance/Element_2729933,석재단열패널(연한회색)(T=35),https://example.org/ontology/instance/Material_346731,#경질우레탄보드
https://example.org/ontology/instance/Element_2730084,석재단열패널(연한회색)(T=35),https://example.org/ontology/instance/Material_346731,#경질우레탄보드
https://example.org/ontology/instance/Element_2730166,석재단열패널(연한회색)(T=35),https://example.org/ontology/instance/Material_346731,#경질우레탄보드
https://example.org/ontology/instance/Element_2730232,석재단열패널(연한회색)(T=35),https://example.org/ontology/instance/Material_346731,#경질우레탄보드
https://example.org/ontology/instance/Element_2730302,석재단열패널(연한회색)(T=35),https://example.org/ontology/instance/Material_346731,#경질우레탄보드
https://example.org/ontology/instance/Element_711277,석재단열패널(연한회색)(T=35),https://example.org/ontology/instance/Material_1232994,#석재패널(연한회색)
https://example.org/ontology/instance/Element_784266,석재단열패널(연한회색)(T=35),https://example.org/ontology/instance/Material_1232994,#석재패널(연한회색)
https://example.org/ontology/instance/Element_786716,석재단열패널(연한회색)(T=35),https://example.org/ontology/instance/Material_1232994,#석재패널(연한회색)
https://example.org/ontology/instance/Element_788382,석재단열패널(연한회색)(T=35),https://example.org/ontology/instance/Material_1232994,#석재패널(연한회색)
https://example.org/ontology/instance/Element_788385,석재단열패널(연한회색)(T=35),https://example.org/ontology/instance/Material_1232994,#석재패널(연한회색)
https://example.org/ontology/instance/Element_790672,석재단열패널(연한회색)(T=35),https://example.org/ontology/instance/Material_1232994,#석재패널(연한회색)
https://example.org/ontology/instance/Element_790781,석재단열패널(연한회색)(T=35),https://example.org/ontology/instance/Material_1232994,#석재패널(연한회색)
https://example.org/ontology/instance/Element_797328,석재단열패널(연한회색)(T=35),https://example.org/ontology/instance/Material_1232994,#석재패널(연한회색)
https://example.org/ontology/instance/Element_797894,석재단열패널(연한회색)(T=35),https://example.org/ontology/instance/Material_1232994,#석재패널(연한회색)
https://example.org/ontology/instance/Element_798767,석재단열패널(연한회색)(T=35),https://example.org/ontology/instance/Material_1232994,#석재패널(연한회색)
https://example.org/ontology/instance/Element_802729,석재단열패널(연한회색)(T=35),https://example.org/ontology/instance/Material_1232994,#석재패널(연한회색)
https://example.org/ontology/instance/Element_834773,석재단열패널(연한회색)(T=35),https://example.org/ontology/instance/Material_1232994,#석재패널(연한회색)
https://example.org/ontology/instance/Element_834777,석재단열패널(연한회색)(T=35),https://example.org/ontology/instance/Material_1232994,#석재패널(연한회색)
https://example.org/ontology/instance/Element_838795,석재단열패널(연한회색)(T=35),https://example.org/ontology/instance/Material_1232994,#석재패널(연한회색)
https://example.org/ontology/instance/Element_841780,석재단열패널(연한회색)(T=35),https://example.org/ontology/instance/Material_1232994,#석재패널(연한회색)
https://example.org/ontology/instance/Element_929202,석재단열패널(연한회색)(T=35),https://example.org/ontology/instance/Material_1232994,#석재패널(연한회색)
https://example.org/ontology/instance/Element_929351,석재단열패널(연한회색)(T=35),https://example.org/ontology/instance/Material_1232994,#석재패널(연한회색)
https://example.org/ontology/instance/Element_936878,석재단열패널(연한회색)(T=35),https://example.org/ontology/instance/Material_1232994,#석재패널(연한회색)
https://example.org/ontology/instance/Element_1002332,석재단열패널(연한회색)(T=35),https://example.org/ontology/instance/Material_1232994,#석재패널(연한회색)
https://example.org/ontology/instance/Element_1045987,석재단열패널(연한회색)(T=35),https://example.org/ontology/instance/Material_1232994,#석재패널(연한회색)
https://example.org/ontology/instance/Element_1051584,석재단열패널(연한회색)(T=35),https://example.org/ontology/instance/Material_1232994,#석재패널(연한회색)
https://example.org/ontology/instance/Element_1052392,석재단열패널(연한회색)(T=35),https://example.org/ontology/instance/Material_1232994,#석재패널(연한회색)
https://example.org/ontology/instance/Element_1052428,석재단열패널(연한회색)(T=35),https://example.org/ontology/instance/Material_1232994,#석재패널(연한회색)
https://example.org/ontology/instance/Element_1052466,석재단열패널(연한회색)(T=35),https://example.org/ontology/instance/Material_1232994,#석재패널(연한회색)
https://example.org/ontology/instance/Element_1052503,석재단열패널(연한회색)(T=35),https://example.org/ontology/instance/Material_1232994,#석재패널(연한회색)
https://example.org/ontology/instance/Element_1052540,석재단열패널(연한회색)(T=35),https://example.org/ontology/instance/Material_1232994,#석재패널(연한회색)
https://example.org/ontology/instance/Element_1052577,석재단열패널(연한회색)(T=35),https://example.org/ontology/instance/Material_1232994,#석재패널(연한회색)
https://example.org/ontology/instance/Element_1052614,석재단열패널(연한회색)(T=35),https://example.org/ontology/instance/Material_1232994,#석재패널(연한회색)
https://example.org/ontology/instance/Element_1052651,석재단열패널(연한회색)(T=35),https://example.org/ontology/instance/Material_1232994,#석재패널(연한회색)
https://example.org/ontology/instance/Element_1057297,석재단열패널(연한회색)(T=35),https://example.org/ontology/instance/Material_1232994,#석재패널(연한회색)
https://example.org/ontology/instance/Element_1227048,석재단열패널(연한회색)(T=35),https://example.org/ontology/instance/Material_1232994,#석재패널(연한회색)
https://example.org/ontology/instance/Element_1227335,석재단열패널(연한회색)(T=35),https://example.org/ontology/instance/Material_1232994,#석재패널(연한회색)
https://example.org/ontology/instance/Element_1227344,석재단열패널(연한회색)(T=35),https://example.org/ontology/instance/Material_1232994,#석재패널(연한회색)
https://example.org/ontology/instance/Element_1227353,석재단열패널(연한회색)(T=35),https://example.org/ontology/instance/Material_1232994,#석재패널(연한회색)
https://example.org/ontology/instance/Element_1227364,석재단열패널(연한회색)(T=35),https://example.org/ontology/instance/Material_1232994,#석재패널(연한회색)
https://example.org/ontology/instance/Element_1227373,석재단열패널(연한회색)(T=35),https://example.org/ontology/instance/Material_1232994,#석재패널(연한회색)
https://example.org/ontology/instance/Element_1227382,석재단열패널(연한회색)(T=35),https://example.org/ontology/instance/Material_1232994,#석재패널(연한회색)
https://example.org/ontology/instance/Element_1227391,석재단열패널(연한회색)(T=35),https://example.org/ontology/instance/Material_1232994,#석재패널(연한회색)
https://example.org/ontology/instance/Element_1227400,석재단열패널(연한회색)(T=35),https://example.org/ontology/instance/Material_1232994,#석재패널(연한회색)
https://example.org/ontology/instance/Element_1227823,석재단열패널(연한회색)(T=35),https://example.org/ontology/instance/Material_1232994,#석재패널(연한회색)
https://example.org/ontology/instance/Element_1227991,석재단열패널(연한회색)(T=35),https://example.org/ontology/instance/Material_1232994,#석재패널(연한회색)
https://example.org/ontology/instance/Element_1227998,석재단열패널(연한회색)(T=35),https://example.org/ontology/instance/Material_1232994,#석재패널(연한회색)
https://example.org/ontology/instance/Element_1228007,석재단열패널(연한회색)(T=35),https://example.org/ontology/instance/Material_1232994,#석재패널(연한회색)
https://example.org/ontology/instance/Element_1228016,석재단열패널(연한회색)(T=35),https://example.org/ontology/instance/Material_1232994,#석재패널(연한회색)
https://example.org/ontology/instance/Element_1228025,석재단열패널(연한회색)(T=35),https://example.org/ontology/instance/Material_1232994,#석재패널(연한회색)
https://example.org/ontology/instance/Element_1228034,석재단열패널(연한회색)(T=35),https://example.org/ontology/instance/Material_1232994,#석재패널(연한회색)
https://example.org/ontology/instance/Element_1228043,석재단열패널(연한회색)(T=35),https://example.org/ontology/instance/Material_1232994,#석재패널(연한회색)
https://example.org/ontology/instance/Element_1228052,석재단열패널(연한회색)(T=35),https://example.org/ontology/instance/Material_1232994,#석재패널(연한회색)
https://example.org/ontology/instance/Element_1228061,석재단열패널(연한회색)(T=35),https://example.org/ontology/instance/Material_1232994,#석재패널(연한회색)
https://example.org/ontology/instance/Element_1238789,석재단열패널(연한회색)(T=35),https://example.org/ontology/instance/Material_1232994,#석재패널(연한회색)
https://example.org/ontology/instance/Element_1239137,석재단열패널(연한회색)(T=35),https://example.org/ontology/instance/Material_1232994,#석재패널(연한회색)
https://example.org/ontology/instance/Element_1247848,석재단열패널(연한회색)(T=35),https://example.org/ontology/instance/Material_1232994,#석재패널(연한회색)
https://example.org/ontology/instance/Element_1248214,석재단열패널(연한회색)(T=35),https://example.org/ontology/instance/Material_1232994,#석재패널(연한회색)
https://example.org/ontology/instance/Element_2085117,석재단열패널(연한회색)(T=35),https://example.org/ontology/instance/Material_1232994,#석재패널(연한회색)
https://example.org/ontology/instance/Element_2297783,석재단열패널(연한회색)(T=35),https://example.org/ontology/instance/Material_1232994,#석재패널(연한회색)
https://example.org/ontology/instance/Element_2725527,석재단열패널(연한회색)(T=35),https://example.org/ontology/instance/Material_1232994,#석재패널(연한회색)
https://example.org/ontology/instance/Element_2726396,석재단열패널(연한회색)(T=35),https://example.org/ontology/instance/Material_1232994,#석재패널(연한회색)
https://example.org/ontology/instance/Element_2726594,석재단열패널(연한회색)(T=35),https://example.org/ontology/instance/Material_1232994,#석재패널(연한회색)
https://example.org/ontology/instance/Element_2727363,석재단열패널(연한회색)(T=35),https://example.org/ontology/instance/Material_1232994,#석재패널(연한회색)
https://example.org/ontology/instance/Element_2728045,석재단열패널(연한회색)(T=35),https://example.org/ontology/instance/Material_1232994,#석재패널(연한회색)
https://example.org/ontology/instance/Element_2728398,석재단열패널(연한회색)(T=35),https://example.org/ontology/instance/Material_1232994,#석재패널(연한회색)
https://example.org/ontology/instance/Element_2728524,석재단열패널(연한회색)(T=35),https://example.org/ontology/instance/Material_1232994,#석재패널(연한회색)
https://example.org/ontology/instance/Element_2728656,석재단열패널(연한회색)(T=35),https://example.org/ontology/instance/Material_1232994,#석재패널(연한회색)
https://example.org/ontology/instance/Element_2728771,석재단열패널(연한회색)(T=35),https://example.org/ontology/instance/Material_1232994,#석재패널(연한회색)
https://example.org/ontology/instance/Element_2728915,석재단열패널(연한회색)(T=35),https://example.org/ontology/instance/Material_1232994,#석재패널(연한회색)
https://example.org/ontology/instance/Element_2729070,석재단열패널(연한회색)(T=35),https://example.org/ontology/instance/Material_1232994,#석재패널(연한회색)
https://example.org/ontology/instance/Element_2729140,석재단열패널(연한회색)(T=35),https://example.org/ontology/instance/Material_1232994,#석재패널(연한회색)
https://example.org/ontology/instance/Element_2729573,석재단열패널(연한회색)(T=35),https://example.org/ontology/instance/Material_1232994,#석재패널(연한회색)
https://example.org/ontology/instance/Element_2729721,석재단열패널(연한회색)(T=35),https://example.org/ontology/instance/Material_1232994,#석재패널(연한회색)
https://example.org/ontology/instance/Element_2729851,석재단열패널(연한회색)(T=35),https://example.org/ontology/instance/Material_1232994,#석재패널(연한회색)
https://example.org/ontology/instance/Element_2729933,석재단열패널(연한회색)(T=35),https://example.org/ontology/instance/Material_1232994,#석재패널(연한회색)
https://example.org/ontology/instance/Element_2730084,석재단열패널(연한회색)(T=35),https://example.org/ontology/instance/Material_1232994,#석재패널(연한회색)
https://example.org/ontology/instance/Element_2730166,석재단열패널(연한회색)(T=35),https://example.org/ontology/instance/Material_1232994,#석재패널(연한회색)
https://example.org/ontology/instance/Element_2730232,석재단열패널(연한회색)(T=35),https://example.org/ontology/instance/Material_1232994,#석재패널(연한회색)
https://example.org/ontology/instance/Element_2730302,석재단열패널(연한회색)(T=35),https://example.org/ontology/instance/Material_1232994,#석재패널(연한회색)
https://example.org/ontology/instance/Element_711517,석재단열패널(회색)(T=35),https://example.org/ontology/instance/Material_346731,#경질우레탄보드
https://example.org/ontology/instance/Element_784265,석재단열패널(회색)(T=35),https://example.org/ontology/instance/Material_346731,#경질우레탄보드
https://example.org/ontology/instance/Element_786718,석재단열패널(회색)(T=35),https://example.org/ontology/instance/Material_346731,#경질우레탄보드
https://example.org/ontology/instance/Element_787277,석재단열패널(회색)(T=35),https://example.org/ontology/instance/Material_346731,#경질우레탄보드
https://example.org/ontology/instance/Element_787851,석재단열패널(회색)(T=35),https://example.org/ontology/instance/Material_346731,#경질우레탄보드
https://example.org/ontology/instance/Element_788384,석재단열패널(회색)(T=35),https://example.org/ontology/instance/Material_346731,#경질우레탄보드
https://example.org/ontology/instance/Element_797392,석재단열패널(회색)(T=35),https://example.org/ontology/instance/Material_346731,#경질우레탄보드
https://example.org/ontology/instance/Element_797893,석재단열패널(회색)(T=35),https://example.org/ontology/instance/Material_346731,#경질우레탄보드
https://example.org/ontology/instance/Element_798317,석재단열패널(회색)(T=35),https://example.org/ontology/instance/Material_346731,#경질우레탄보드
https://example.org/ontology/instance/Element_802477,석재단열패널(회색)(T=35),https://example.org/ontology/instance/Material_346731,#경질우레탄보드
https://example.org/ontology/instance/Element_802851,석재단열패널(회색)(T=35),https://example.org/ontology/instance/Material_346731,#경질우레탄보드
https://example.org/ontology/instance/Element_807614,석재단열패널(회색)(T=35),https://example.org/ontology/instance/Material_346731,#경질우레탄보드
https://example.org/ontology/instance/Element_824343,석재단열패널(회색)(T=35),https://example.org/ontology/instance/Material_346731,#경질우레탄보드
https://example.org/ontology/instance/Element_827671,석재단열패널(회색)(T=35),https://example.org/ontology/instance/Material_346731,#경질우레탄보드
https://example.org/ontology/instance/Element_828917,석재단열패널(회색)(T=35),https://example.org/ontology/instance/Material_346731,#경질우레탄보드
https://example.org/ontology/instance/Element_828987,석재단열패널(회색)(T=35),https://example.org/ontology/instance/Material_346731,#경질우레탄보드
https://example.org/ontology/instance/Element_829104,석재단열패널(회색)(T=35),https://example.org/ontology/instance/Material_346731,#경질우레탄보드
https://example.org/ontology/instance/Element_829136,석재단열패널(회색)(T=35),https://example.org/ontology/instance/Material_346731,#경질우레탄보드
https://example.org/ontology/instance/Element_829159,석재단열패널(회색)(T=35),https://example.org/ontology/instance/Material_346731,#경질우레탄보드
https://example.org/ontology/instance/Element_829182,석재단열패널(회색)(T=35),https://example.org/ontology/instance/Material_346731,#경질우레탄보드
https://example.org/ontology/instance/Element_834623,석재단열패널(회색)(T=35),https://example.org/ontology/instance/Material_346731,#경질우레탄보드
https://example.org/ontology/instance/Element_834814,석재단열패널(회색)(T=35),https://example.org/ontology/instance/Material_346731,#경질우레탄보드
https://example.org/ontology/instance/Element_835841,석재단열패널(회색)(T=35),https://example.org/ontology/instance/Material_346731,#경질우레탄보드
https://example.org/ontology/instance/Element_835974,석재단열패널(회색)(T=35),https://example.org/ontology/instance/Material_346731,#경질우레탄보드
https://example.org/ontology/instance/Element_836435,석재단열패널(회색)(T=35),https://example.org/ontology/instance/Material_346731,#경질우레탄보드
https://example.org/ontology/instance/Element_836571,석재단열패널(회색)(T=35),https://example.org/ontology/instance/Material_346731,#경질우레탄보드
https://example.org/ontology/instance/Element_837049,석재단열패널(회색)(T=35),https://example.org/ontology/instance/Material_346731,#경질우레탄보드
https://example.org/ontology/instance/Element_837123,석재단열패널(회색)(T=35),https://example.org/ontology/instance/Material_346731,#경질우레탄보드
https://example.org/ontology/instance/Element_837599,석재단열패널(회색)(T=35),https://example.org/ontology/instance/Material_346731,#경질우레탄보드
https://example.org/ontology/instance/Element_837672,석재단열패널(회색)(T=35),https://example.org/ontology/instance/Material_346731,#경질우레탄보드
https://example.org/ontology/instance/Element_838140,석재단열패널(회색)(T=35),https://example.org/ontology/instance/Material_346731,#경질우레탄보드
https://example.org/ontology/instance/Element_838213,석재단열패널(회색)(T=35),https://example.org/ontology/instance/Material_346731,#경질우레탄보드
https://example.org/ontology/instance/Element_838722,석재단열패널(회색)(T=35),https://example.org/ontology/instance/Material_346731,#경질우레탄보드
https://example.org/ontology/instance/Element_839305,석재단열패널(회색)(T=35),https://example.org/ontology/instance/Material_346731,#경질우레탄보드
https://example.org/ontology/instance/Element_839379,석재단열패널(회색)(T=35),https://example.org/ontology/instance/Material_346731,#경질우레탄보드
https://example.org/ontology/instance/Element_839836,석재단열패널(회색)(T=35),https://example.org/ontology/instance/Material_346731,#경질우레탄보드
https://example.org/ontology/instance/Element_839910,석재단열패널(회색)(T=35),https://example.org/ontology/instance/Material_346731,#경질우레탄보드
https://example.org/ontology/instance/Element_840508,석재단열패널(회색)(T=35),https://example.org/ontology/instance/Material_346731,#경질우레탄보드
https://example.org/ontology/instance/Element_841188,석재단열패널(회색)(T=35),https://example.org/ontology/instance/Material_346731,#경질우레탄보드
https://example.org/ontology/instance/Element_844144,석재단열패널(회색)(T=35),https://example.org/ontology/instance/Material_346731,#경질우레탄보드
https://example.org/ontology/instance/Element_847341,석재단열패널(회색)(T=35),https://example.org/ontology/instance/Material_346731,#경질우레탄보드
https://example.org/ontology/instance/Element_847370,석재단열패널(회색)(T=35),https://example.org/ontology/instance/Material_346731,#경질우레탄보드
https://example.org/ontology/instance/Element_928163,석재단열패널(회색)(T=35),https://example.org/ontology/instance/Material_346731,#경질우레탄보드
https://example.org/ontology/instance/Element_929037,석재단열패널(회색)(T=35),https://example.org/ontology/instance/Material_346731,#경질우레탄보드
https://example.org/ontology/instance/Element_929348,석재단열패널(회색)(T=35),https://example.org/ontology/instance/Material_346731,#경질우레탄보드
https://example.org/ontology/instance/Element_930853,석재단열패널(회색)(T=35),https://example.org/ontology/instance/Material_346731,#경질우레탄보드
https://example.org/ontology/instance/Element_931022,석재단열패널(회색)(T=35),https://example.org/ontology/instance/Material_346731,#경질우레탄보드
https://example.org/ontology/instance/Element_931206,석재단열패널(회색)(T=35),https://example.org/ontology/instance/Material_346731,#경질우레탄보드
https://example.org/ontology/instance/Element_931356,석재단열패널(회색)(T=35),https://example.org/ontology/instance/Material_346731,#경질우레탄보드
https://example.org/ontology/instance/Element_931520,석재단열패널(회색)(T=35),https://example.org/ontology/instance/Material_346731,#경질우레탄보드
https://example.org/ontology/instance/Element_931866,석재단열패널(회색)(T=35),https://example.org/ontology/instance/Material_346731,#경질우레탄보드
https://example.org/ontology/instance/Element_932018,석재단열패널(회색)(T=35),https://example.org/ontology/instance/Material_346731,#경질우레탄보드
https://example.org/ontology/instance/Element_932175,석재단열패널(회색)(T=35),https://example.org/ontology/instance/Material_346731,#경질우레탄보드
https://example.org/ontology/instance/Element_932329,석재단열패널(회색)(T=35),https://example.org/ontology/instance/Material_346731,#경질우레탄보드
https://example.org/ontology/instance/Element_936850,석재단열패널(회색)(T=35),https://example.org/ontology/instance/Material_346731,#경질우레탄보드
https://example.org/ontology/instance/Element_1238444,석재단열패널(회색)(T=35),https://example.org/ontology/instance/Material_346731,#경질우레탄보드
https://example.org/ontology/instance/Element_1239210,석재단열패널(회색)(T=35),https://example.org/ontology/instance/Material_346731,#경질우레탄보드
https://example.org/ontology/instance/Element_1242617,석재단열패널(회색)(T=35),https://example.org/ontology/instance/Material_346731,#경질우레탄보드
https://example.org/ontology/instance/Element_1242725,석재단열패널(회색)(T=35),https://example.org/ontology/instance/Material_346731,#경질우레탄보드
https://example.org/ontology/instance/Element_1242978,석재단열패널(회색)(T=35),https://example.org/ontology/instance/Material_346731,#경질우레탄보드
https://example.org/ontology/instance/Element_2085130,석재단열패널(회색)(T=35),https://example.org/ontology/instance/Material_346731,#경질우레탄보드
https://example.org/ontology/instance/Element_2609520,석재단열패널(회색)(T=35),https://example.org/ontology/instance/Material_346731,#경질우레탄보드
https://example.org/ontology/instance/Element_2726203,석재단열패널(회색)(T=35),https://example.org/ontology/instance/Material_346731,#경질우레탄보드
https://example.org/ontology/instance/Element_2726577,석재단열패널(회색)(T=35),https://example.org/ontology/instance/Material_346731,#경질우레탄보드
https://example.org/ontology/instance/Element_2727675,석재단열패널(회색)(T=35),https://example.org/ontology/instance/Material_346731,#경질우레탄보드
https://example.org/ontology/instance/Element_2727995,석재단열패널(회색)(T=35),https://example.org/ontology/instance/Material_346731,#경질우레탄보드
https://example.org/ontology/instance/Element_2728429,석재단열패널(회색)(T=35),https://example.org/ontology/instance/Material_346731,#경질우레탄보드
https://example.org/ontology/instance/Element_2728567,석재단열패널(회색)(T=35),https://example.org/ontology/instance/Material_346731,#경질우레탄보드
https://example.org/ontology/instance/Element_2728691,석재단열패널(회색)(T=35),https://example.org/ontology/instance/Material_346731,#경질우레탄보드
https://example.org/ontology/instance/Element_2728797,석재단열패널(회색)(T=35),https://example.org/ontology/instance/Material_346731,#경질우레탄보드
https://example.org/ontology/instance/Element_2728957,석재단열패널(회색)(T=35),https://example.org/ontology/instance/Material_346731,#경질우레탄보드
https://example.org/ontology/instance/Element_2729096,석재단열패널(회색)(T=35),https://example.org/ontology/instance/Material_346731,#경질우레탄보드
https://example.org/ontology/instance/Element_2729175,석재단열패널(회색)(T=35),https://example.org/ontology/instance/Material_346731,#경질우레탄보드
https://example.org/ontology/instance/Element_711517,석재단열패널(회색)(T=35),https://example.org/ontology/instance/Material_1233239,#석재패널(회색)
https://example.org/ontology/instance/Element_784265,석재단열패널(회색)(T=35),https://example.org/ontology/instance/Material_1233239,#석재패널(회색)
https://example.org/ontology/instance/Element_786718,석재단열패널(회색)(T=35),https://example.org/ontology/instance/Material_1233239,#석재패널(회색)
https://example.org/ontology/instance/Element_787277,석재단열패널(회색)(T=35),https://example.org/ontology/instance/Material_1233239,#석재패널(회색)
https://example.org/ontology/instance/Element_787851,석재단열패널(회색)(T=35),https://example.org/ontology/instance/Material_1233239,#석재패널(회색)
https://example.org/ontology/instance/Element_788384,석재단열패널(회색)(T=35),https://example.org/ontology/instance/Material_1233239,#석재패널(회색)
https://example.org/ontology/instance/Element_797392,석재단열패널(회색)(T=35),https://example.org/ontology/instance/Material_1233239,#석재패널(회색)
https://example.org/ontology/instance/Element_797893,석재단열패널(회색)(T=35),https://example.org/ontology/instance/Material_1233239,#석재패널(회색)
https://example.org/ontology/instance/Element_798317,석재단열패널(회색)(T=35),https://example.org/ontology/instance/Material_1233239,#석재패널(회색)
https://example.org/ontology/instance/Element_802477,석재단열패널(회색)(T=35),https://example.org/ontology/instance/Material_1233239,#석재패널(회색)
https://example.org/ontology/instance/Element_802851,석재단열패널(회색)(T=35),https://example.org/ontology/instance/Material_1233239,#석재패널(회색)
https://example.org/ontology/instance/Element_807614,석재단열패널(회색)(T=35),https://example.org/ontology/instance/Material_1233239,#석재패널(회색)
https://example.org/ontology/instance/Element_824343,석재단열패널(회색)(T=35),https://example.org/ontology/instance/Material_1233239,#석재패널(회색)
https://example.org/ontology/instance/Element_827671,석재단열패널(회색)(T=35),https://example.org/ontology/instance/Material_1233239,#석재패널(회색)
https://example.org/ontology/instance/Element_828917,석재단열패널(회색)(T=35),https://example.org/ontology/instance/Material_1233239,#석재패널(회색)
https://example.org/ontology/instance/Element_828987,석재단열패널(회색)(T=35),https://example.org/ontology/instance/Material_1233239,#석재패널(회색)
https://example.org/ontology/instance/Element_829104,석재단열패널(회색)(T=35),https://example.org/ontology/instance/Material_1233239,#석재패널(회색)
https://example.org/ontology/instance/Element_829136,석재단열패널(회색)(T=35),https://example.org/ontology/instance/Material_1233239,#석재패널(회색)
https://example.org/ontology/instance/Element_829159,석재단열패널(회색)(T=35),https://example.org/ontology/instance/Material_1233239,#석재패널(회색)
https://example.org/ontology/instance/Element_829182,석재단열패널(회색)(T=35),https://example.org/ontology/instance/Material_1233239,#석재패널(회색)
https://example.org/ontology/instance/Element_834623,석재단열패널(회색)(T=35),https://example.org/ontology/instance/Material_1233239,#석재패널(회색)
https://example.org/ontology/instance/Element_834814,석재단열패널(회색)(T=35),https://example.org/ontology/instance/Material_1233239,#석재패널(회색)
https://example.org/ontology/instance/Element_835841,석재단열패널(회색)(T=35),https://example.org/ontology/instance/Material_1233239,#석재패널(회색)
https://example.org/ontology/instance/Element_835974,석재단열패널(회색)(T=35),https://example.org/ontology/instance/Material_1233239,#석재패널(회색)
https://example.org/ontology/instance/Element_836435,석재단열패널(회색)(T=35),https://example.org/ontology/instance/Material_1233239,#석재패널(회색)
https://example.org/ontology/instance/Element_836571,석재단열패널(회색)(T=35),https://example.org/ontology/instance/Material_1233239,#석재패널(회색)
https://example.org/ontology/instance/Element_837049,석재단열패널(회색)(T=35),https://example.org/ontology/instance/Material_1233239,#석재패널(회색)
https://example.org/ontology/instance/Element_837123,석재단열패널(회색)(T=35),https://example.org/ontology/instance/Material_1233239,#석재패널(회색)
https://example.org/ontology/instance/Element_837599,석재단열패널(회색)(T=35),https://example.org/ontology/instance/Material_1233239,#석재패널(회색)
https://example.org/ontology/instance/Element_837672,석재단열패널(회색)(T=35),https://example.org/ontology/instance/Material_1233239,#석재패널(회색)
https://example.org/ontology/instance/Element_838140,석재단열패널(회색)(T=35),https://example.org/ontology/instance/Material_1233239,#석재패널(회색)
https://example.org/ontology/instance/Element_838213,석재단열패널(회색)(T=35),https://example.org/ontology/instance/Material_1233239,#석재패널(회색)
https://example.org/ontology/instance/Element_838722,석재단열패널(회색)(T=35),https://example.org/ontology/instance/Material_1233239,#석재패널(회색)
https://example.org/ontology/instance/Element_839305,석재단열패널(회색)(T=35),https://example.org/ontology/instance/Material_1233239,#석재패널(회색)
https://example.org/ontology/instance/Element_839379,석재단열패널(회색)(T=35),https://example.org/ontology/instance/Material_1233239,#석재패널(회색)
https://example.org/ontology/instance/Element_839836,석재단열패널(회색)(T=35),https://example.org/ontology/instance/Material_1233239,#석재패널(회색)
https://example.org/ontology/instance/Element_839910,석재단열패널(회색)(T=35),https://example.org/ontology/instance/Material_1233239,#석재패널(회색)
https://example.org/ontology/instance/Element_840508,석재단열패널(회색)(T=35),https://example.org/ontology/instance/Material_1233239,#석재패널(회색)
https://example.org/ontology/instance/Element_841188,석재단열패널(회색)(T=35),https://example.org/ontology/instance/Material_1233239,#석재패널(회색)
https://example.org/ontology/instance/Element_844144,석재단열패널(회색)(T=35),https://example.org/ontology/instance/Material_1233239,#석재패널(회색)
https://example.org/ontology/instance/Element_847341,석재단열패널(회색)(T=35),https://example.org/ontology/instance/Material_1233239,#석재패널(회색)
https://example.org/ontology/instance/Element_847370,석재단열패널(회색)(T=35),https://example.org/ontology/instance/Material_1233239,#석재패널(회색)
https://example.org/ontology/instance/Element_928163,석재단열패널(회색)(T=35),https://example.org/ontology/instance/Material_1233239,#석재패널(회색)
https://example.org/ontology/instance/Element_929037,석재단열패널(회색)(T=35),https://example.org/ontology/instance/Material_1233239,#석재패널(회색)
https://example.org/ontology/instance/Element_929348,석재단열패널(회색)(T=35),https://example.org/ontology/instance/Material_1233239,#석재패널(회색)
https://example.org/ontology/instance/Element_930853,석재단열패널(회색)(T=35),https://example.org/ontology/instance/Material_1233239,#석재패널(회색)
https://example.org/ontology/instance/Element_931022,석재단열패널(회색)(T=35),https://example.org/ontology/instance/Material_1233239,#석재패널(회색)
https://example.org/ontology/instance/Element_931206,석재단열패널(회색)(T=35),https://example.org/ontology/instance/Material_1233239,#석재패널(회색)
https://example.org/ontology/instance/Element_931356,석재단열패널(회색)(T=35),https://example.org/ontology/instance/Material_1233239,#석재패널(회색)
https://example.org/ontology/instance/Element_931520,석재단열패널(회색)(T=35),https://example.org/ontology/instance/Material_1233239,#석재패널(회색)
https://example.org/ontology/instance/Element_931866,석재단열패널(회색)(T=35),https://example.org/ontology/instance/Material_1233239,#석재패널(회색)
https://example.org/ontology/instance/Element_932018,석재단열패널(회색)(T=35),https://example.org/ontology/instance/Material_1233239,#석재패널(회색)
https://example.org/ontology/instance/Element_932175,석재단열패널(회색)(T=35),https://example.org/ontology/instance/Material_1233239,#석재패널(회색)
https://example.org/ontology/instance/Element_932329,석재단열패널(회색)(T=35),https://example.org/ontology/instance/Material_1233239,#석재패널(회색)
https://example.org/ontology/instance/Element_936850,석재단열패널(회색)(T=35),https://example.org/ontology/instance/Material_1233239,#석재패널(회색)
https://example.org/ontology/instance/Element_1238444,석재단열패널(회색)(T=35),https://example.org/ontology/instance/Material_1233239,#석재패널(회색)
https://example.org/ontology/instance/Element_1239210,석재단열패널(회색)(T=35),https://example.org/ontology/instance/Material_1233239,#석재패널(회색)
https://example.org/ontology/instance/Element_1242617,석재단열패널(회색)(T=35),https://example.org/ontology/instance/Material_1233239,#석재패널(회색)
https://example.org/ontology/instance/Element_1242725,석재단열패널(회색)(T=35),https://example.org/ontology/instance/Material_1233239,#석재패널(회색)
https://example.org/ontology/instance/Element_1242978,석재단열패널(회색)(T=35),https://example.org/ontology/instance/Material_1233239,#석재패널(회색)
https://example.org/ontology/instance/Element_2085130,석재단열패널(회색)(T=35),https://example.org/ontology/instance/Material_1233239,#석재패널(회색)
https://example.org/ontology/instance/Element_2609520,석재단열패널(회색)(T=35),https://example.org/ontology/instance/Material_1233239,#석재패널(회색)
https://example.org/ontology/instance/Element_2726203,석재단열패널(회색)(T=35),https://example.org/ontology/instance/Material_1233239,#석재패널(회색)
https://example.org/ontology/instance/Element_2726577,석재단열패널(회색)(T=35),https://example.org/ontology/instance/Material_1233239,#석재패널(회색)
https://example.org/ontology/instance/Element_2727675,석재단열패널(회색)(T=35),https://example.org/ontology/instance/Material_1233239,#석재패널(회색)
https://example.org/ontology/instance/Element_2727995,석재단열패널(회색)(T=35),https://example.org/ontology/instance/Material_1233239,#석재패널(회색)
https://example.org/ontology/instance/Element_2728429,석재단열패널(회색)(T=35),https://example.org/ontology/instance/Material_1233239,#석재패널(회색)
https://example.org/ontology/instance/Element_2728567,석재단열패널(회색)(T=35),https://example.org/ontology/instance/Material_1233239,#석재패널(회색)
https://example.org/ontology/instance/Element_2728691,석재단열패널(회색)(T=35),https://example.org/ontology/instance/Material_1233239,#석재패널(회색)
https://example.org/ontology/instance/Element_2728797,석재단열패널(회색)(T=35),https://example.org/ontology/instance/Material_1233239,#석재패널(회색)
https://example.org/ontology/instance/Element_2728957,석재단열패널(회색)(T=35),https://example.org/ontology/instance/Material_1233239,#석재패널(회색)
https://example.org/ontology/instance/Element_2729096,석재단열패널(회색)(T=35),https://example.org/ontology/instance/Material_1233239,#석재패널(회색)
https://example.org/ontology/instance/Element_2729175,석재단열패널(회색)(T=35),https://example.org/ontology/instance/Material_1233239,#석재패널(회색)
https://example.org/ontology/instance/Element_940898,시멘트몰탈(T=35),https://example.org/ontology/instance/Material_346759,#시멘트몰탈
https://example.org/ontology/instance/Element_940937,시멘트몰탈(T=35),https://example.org/ontology/instance/Material_346759,#시멘트몰탈
https://example.org/ontology/instance/Element_948124,시멘트몰탈(T=35),https://example.org/ontology/instance/Material_346759,#시멘트몰탈
https://example.org/ontology/instance/Element_949793,시멘트몰탈(T=35),https://example.org/ontology/instance/Material_346759,#시멘트몰탈
https://example.org/ontology/instance/Element_961562,시멘트몰탈(T=35),https://example.org/ontology/instance/Material_346759,#시멘트몰탈
https://example.org/ontology/instance/Element_1642024,시멘트몰탈(T=35),https://example.org/ontology/instance/Material_346759,#시멘트몰탈
https://example.org/ontology/instance/Element_628455,시멘트몰탈(T=42.5),https://example.org/ontology/instance/Material_346759,#시멘트몰탈
https://example.org/ontology/instance/Element_783998,시멘트몰탈(T=42.5),https://example.org/ontology/instance/Material_346759,#시멘트몰탈
https://example.org/ontology/instance/Element_786451,시멘트몰탈(T=42.5),https://example.org/ontology/instance/Material_346759,#시멘트몰탈
https://example.org/ontology/instance/Element_787010,시멘트몰탈(T=42.5),https://example.org/ontology/instance/Material_346759,#시멘트몰탈
https://example.org/ontology/instance/Element_787585,시멘트몰탈(T=42.5),https://example.org/ontology/instance/Material_346759,#시멘트몰탈
https://example.org/ontology/instance/Element_834397,시멘트몰탈(T=42.5),https://example.org/ontology/instance/Material_346759,#시멘트몰탈
https://example.org/ontology/instance/Element_835615,시멘트몰탈(T=42.5),https://example.org/ontology/instance/Material_346759,#시멘트몰탈
https://example.org/ontology/instance/Element_836209,시멘트몰탈(T=42.5),https://example.org/ontology/instance/Material_346759,#시멘트몰탈
https://example.org/ontology/instance/Element_836823,시멘트몰탈(T=42.5),https://example.org/ontology/instance/Material_346759,#시멘트몰탈
https://example.org/ontology/instance/Element_837373,시멘트몰탈(T=42.5),https://example.org/ontology/instance/Material_346759,#시멘트몰탈
https://example.org/ontology/instance/Element_837914,시멘트몰탈(T=42.5),https://example.org/ontology/instance/Material_346759,#시멘트몰탈
https://example.org/ontology/instance/Element_838496,시멘트몰탈(T=42.5),https://example.org/ontology/instance/Material_346759,#시멘트몰탈
https://example.org/ontology/instance/Element_839079,시멘트몰탈(T=42.5),https://example.org/ontology/instance/Material_346759,#시멘트몰탈
https://example.org/ontology/instance/Element_839610,시멘트몰탈(T=42.5),https://example.org/ontology/instance/Material_346759,#시멘트몰탈
https://example.org/ontology/instance/Element_840208,시멘트몰탈(T=42.5),https://example.org/ontology/instance/Material_346759,#시멘트몰탈
https://example.org/ontology/instance/Element_1369890,시멘트몰탈(T=42.5),https://example.org/ontology/instance/Material_346759,#시멘트몰탈
https://example.org/ontology/instance/Element_892768,시멘트몰탈(T=50),https://example.org/ontology/instance/Material_346759,#시멘트몰탈
https://example.org/ontology/instance/Element_894544,시멘트몰탈(T=50),https://example.org/ontology/instance/Material_346759,#시멘트몰탈
https://example.org/ontology/instance/Element_1352157,시멘트몰탈(T=60),https://example.org/ontology/instance/Material_346759,#시멘트몰탈
https://example.org/ontology/instance/Element_629461,시멘트몰탈(T=67),https://example.org/ontology/instance/Material_346759,#시멘트몰탈
https://example.org/ontology/instance/Element_784061,시멘트몰탈(T=67),https://example.org/ontology/instance/Material_346759,#시멘트몰탈
https://example.org/ontology/instance/Element_786514,시멘트몰탈(T=67),https://example.org/ontology/instance/Material_346759,#시멘트몰탈
https://example.org/ontology/instance/Element_787073,시멘트몰탈(T=67),https://example.org/ontology/instance/Material_346759,#시멘트몰탈
https://example.org/ontology/instance/Element_787648,시멘트몰탈(T=67),https://example.org/ontology/instance/Material_346759,#시멘트몰탈
https://example.org/ontology/instance/Element_788181,시멘트몰탈(T=67),https://example.org/ontology/instance/Material_346759,#시멘트몰탈
https://example.org/ontology/instance/Element_837436,시멘트몰탈(T=67),https://example.org/ontology/instance/Material_346759,#시멘트몰탈
https://example.org/ontology/instance/Element_837977,시멘트몰탈(T=67),https://example.org/ontology/instance/Material_346759,#시멘트몰탈
https://example.org/ontology/instance/Element_838559,시멘트몰탈(T=67),https://example.org/ontology/instance/Material_346759,#시멘트몰탈
https://example.org/ontology/instance/Element_839142,시멘트몰탈(T=67),https://example.org/ontology/instance/Material_346759,#시멘트몰탈
https://example.org/ontology/instance/Element_839673,시멘트몰탈(T=67),https://example.org/ontology/instance/Material_346759,#시멘트몰탈
https://example.org/ontology/instance/Element_840271,시멘트몰탈(T=67),https://example.org/ontology/instance/Material_346759,#시멘트몰탈
https://example.org/ontology/instance/Element_915099,시멘트몰탈(T=67),https://example.org/ontology/instance/Material_346759,#시멘트몰탈
https://example.org/ontology/instance/Element_921804,시멘트몰탈(T=67),https://example.org/ontology/instance/Material_346759,#시멘트몰탈
https://example.org/ontology/instance/Element_922293,시멘트몰탈(T=67),https://example.org/ontology/instance/Material_346759,#시멘트몰탈
https://example.org/ontology/instance/Element_922866,시멘트몰탈(T=67),https://example.org/ontology/instance/Material_346759,#시멘트몰탈
https://example.org/ontology/instance/Element_923833,시멘트몰탈(T=67),https://example.org/ontology/instance/Material_346759,#시멘트몰탈
https://example.org/ontology/instance/Element_628529,시멘트몰탈(T=70),https://example.org/ontology/instance/Material_346759,#시멘트몰탈
https://example.org/ontology/instance/Element_784028,시멘트몰탈(T=70),https://example.org/ontology/instance/Material_346759,#시멘트몰탈
https://example.org/ontology/instance/Element_786481,시멘트몰탈(T=70),https://example.org/ontology/instance/Material_346759,#시멘트몰탈
https://example.org/ontology/instance/Element_787040,시멘트몰탈(T=70),https://example.org/ontology/instance/Material_346759,#시멘트몰탈
https://example.org/ontology/instance/Element_787615,시멘트몰탈(T=70),https://example.org/ontology/instance/Material_346759,#시멘트몰탈
https://example.org/ontology/instance/Element_788148,시멘트몰탈(T=70),https://example.org/ontology/instance/Material_346759,#시멘트몰탈
https://example.org/ontology/instance/Element_834427,시멘트몰탈(T=70),https://example.org/ontology/instance/Material_346759,#시멘트몰탈
https://example.org/ontology/instance/Element_835645,시멘트몰탈(T=70),https://example.org/ontology/instance/Material_346759,#시멘트몰탈
https://example.org/ontology/instance/Element_836239,시멘트몰탈(T=70),https://example.org/ontology/instance/Material_346759,#시멘트몰탈
https://example.org/ontology/instance/Element_836853,시멘트몰탈(T=70),https://example.org/ontology/instance/Material_346759,#시멘트몰탈
https://example.org/ontology/instance/Element_837403,시멘트몰탈(T=70),https://example.org/ontology/instance/Material_346759,#시멘트몰탈
https://example.org/ontology/instance/Element_837944,시멘트몰탈(T=70),https://example.org/ontology/instance/Material_346759,#시멘트몰탈
https://example.org/ontology/instance/Element_838526,시멘트몰탈(T=70),https://example.org/ontology/instance/Material_346759,#시멘트몰탈
https://example.org/ontology/instance/Element_839109,시멘트몰탈(T=70),https://example.org/ontology/instance/Material_346759,#시멘트몰탈
https://example.org/ontology/instance/Element_839640,시멘트몰탈(T=70),https://example.org/ontology/instance/Material_346759,#시멘트몰탈
https://example.org/ontology/instance/Element_840238,시멘트몰탈(T=70),https://example.org/ontology/instance/Material_346759,#시멘트몰탈
https://example.org/ontology/instance/Element_1084990,시멘트액체방수(T=15),https://example.org/ontology/instance/Material_1084786,#시멘트액체방수
https://example.org/ontology/instance/Element_1085021,시멘트액체방수(T=15),https://example.org/ontology/instance/Material_1084786,#시멘트액체방수
https://example.org/ontology/instance/Element_1085099,시멘트액체방수(T=15),https://example.org/ontology/instance/Material_1084786,#시멘트액체방수
https://example.org/ontology/instance/Element_1085342,시멘트액체방수(T=15),https://example.org/ontology/instance/Material_1084786,#시멘트액체방수
https://example.org/ontology/instance/Element_1085509,시멘트액체방수(T=15),https://example.org/ontology/instance/Material_1084786,#시멘트액체방수
https://example.org/ontology/instance/Element_1085609,시멘트액체방수(T=15),https://example.org/ontology/instance/Material_1084786,#시멘트액체방수
https://example.org/ontology/instance/Element_1085980,시멘트액체방수(T=15),https://example.org/ontology/instance/Material_1084786,#시멘트액체방수
https://example.org/ontology/instance/Element_1086115,시멘트액체방수(T=15),https://example.org/ontology/instance/Material_1084786,#시멘트액체방수
https://example.org/ontology/instance/Element_1086222,시멘트액체방수(T=15),https://example.org/ontology/instance/Material_1084786,#시멘트액체방수
https://example.org/ontology/instance/Element_1086254,시멘트액체방수(T=15),https://example.org/ontology/instance/Material_1084786,#시멘트액체방수
https://example.org/ontology/instance/Element_1086277,시멘트액체방수(T=15),https://example.org/ontology/instance/Material_1084786,#시멘트액체방수
https://example.org/ontology/instance/Element_1086307,시멘트액체방수(T=15),https://example.org/ontology/instance/Material_1084786,#시멘트액체방수
https://example.org/ontology/instance/Element_1086383,시멘트액체방수(T=15),https://example.org/ontology/instance/Material_1084786,#시멘트액체방수
https://example.org/ontology/instance/Element_1086680,시멘트액체방수(T=15),https://example.org/ontology/instance/Material_1084786,#시멘트액체방수
https://example.org/ontology/instance/Element_1086764,시멘트액체방수(T=15),https://example.org/ontology/instance/Material_1084786,#시멘트액체방수
https://example.org/ontology/instance/Element_1086942,시멘트액체방수(T=15),https://example.org/ontology/instance/Material_1084786,#시멘트액체방수
https://example.org/ontology/instance/Element_2654297,외벽 코킹,https://example.org/ontology/instance/Material_24,Default Wall
https://example.org/ontology/instance/Element_2654561,외벽 코킹,https://example.org/ontology/instance/Material_24,Default Wall
https://example.org/ontology/instance/Element_2654579,외벽 코킹,https://example.org/ontology/instance/Material_24,Default Wall
https://example.org/ontology/instance/Element_2654595,외벽 코킹,https://example.org/ontology/instance/Material_24,Default Wall
https://example.org/ontology/instance/Element_2654615,외벽 코킹,https://example.org/ontology/instance/Material_24,Default Wall
https://example.org/ontology/instance/Element_2655076,외벽 코킹,https://example.org/ontology/instance/Material_24,Default Wall
https://example.org/ontology/instance/Element_2655135,외벽 코킹,https://example.org/ontology/instance/Material_24,Default Wall
https://example.org/ontology/instance/Element_2655153,외벽 코킹,https://example.org/ontology/instance/Material_24,Default Wall
https://example.org/ontology/instance/Element_2655173,외벽 코킹,https://example.org/ontology/instance/Material_24,Default Wall
https://example.org/ontology/instance/Element_2655189,외벽 코킹,https://example.org/ontology/instance/Material_24,Default Wall
https://example.org/ontology/instance/Element_2750563,외벽 코킹,https://example.org/ontology/instance/Material_24,Default Wall
https://example.org/ontology/instance/Element_2750573,외벽 코킹,https://example.org/ontology/instance/Material_24,Default Wall
https://example.org/ontology/instance/Element_2750583,외벽 코킹,https://example.org/ontology/instance/Material_24,Default Wall
https://example.org/ontology/instance/Element_2750593,외벽 코킹,https://example.org/ontology/instance/Material_24,Default Wall
https://example.org/ontology/instance/Element_2750603,외벽 코킹,https://example.org/ontology/instance/Material_24,Default Wall
https://example.org/ontology/instance/Element_2750613,외벽 코킹,https://example.org/ontology/instance/Material_24,Default Wall
https://example.org/ontology/instance/Element_2750623,외벽 코킹,https://example.org/ontology/instance/Material_24,Default Wall
https://example.org/ontology/instance/Element_2750633,외벽 코킹,https://example.org/ontology/instance/Material_24,Default Wall
https://example.org/ontology/instance/Element_2750643,외벽 코킹,https://example.org/ontology/instance/Material_24,Default Wall
https://example.org/ontology/instance/Element_2750653,외벽 코킹,https://example.org/ontology/instance/Material_24,Default Wall
https://example.org/ontology/instance/Element_713630,우레탄심재 준불연단열재(T=100),https://example.org/ontology/instance/Material_708608,#우레탄심재 준불연단열재
https://example.org/ontology/instance/Element_713768,우레탄심재 준불연단열재(T=100),https://example.org/ontology/instance/Material_708608,#우레탄심재 준불연단열재
https://example.org/ontology/instance/Element_714075,우레탄심재 준불연단열재(T=100),https://example.org/ontology/instance/Material_708608,#우레탄심재 준불연단열재
https://example.org/ontology/instance/Element_714167,우레탄심재 준불연단열재(T=100),https://example.org/ontology/instance/Material_708608,#우레탄심재 준불연단열재
https://example.org/ontology/instance/Element_784298,우레탄심재 준불연단열재(T=100),https://example.org/ontology/instance/Material_708608,#우레탄심재 준불연단열재
https://example.org/ontology/instance/Element_784299,우레탄심재 준불연단열재(T=100),https://example.org/ontology/instance/Material_708608,#우레탄심재 준불연단열재
https://example.org/ontology/instance/Element_784300,우레탄심재 준불연단열재(T=100),https://example.org/ontology/instance/Material_708608,#우레탄심재 준불연단열재
https://example.org/ontology/instance/Element_784301,우레탄심재 준불연단열재(T=100),https://example.org/ontology/instance/Material_708608,#우레탄심재 준불연단열재
https://example.org/ontology/instance/Element_786751,우레탄심재 준불연단열재(T=100),https://example.org/ontology/instance/Material_708608,#우레탄심재 준불연단열재
https://example.org/ontology/instance/Element_786752,우레탄심재 준불연단열재(T=100),https://example.org/ontology/instance/Material_708608,#우레탄심재 준불연단열재
https://example.org/ontology/instance/Element_786753,우레탄심재 준불연단열재(T=100),https://example.org/ontology/instance/Material_708608,#우레탄심재 준불연단열재
https://example.org/ontology/instance/Element_786754,우레탄심재 준불연단열재(T=100),https://example.org/ontology/instance/Material_708608,#우레탄심재 준불연단열재
https://example.org/ontology/instance/Element_787310,우레탄심재 준불연단열재(T=100),https://example.org/ontology/instance/Material_708608,#우레탄심재 준불연단열재
https://example.org/ontology/instance/Element_787311,우레탄심재 준불연단열재(T=100),https://example.org/ontology/instance/Material_708608,#우레탄심재 준불연단열재
https://example.org/ontology/instance/Element_787312,우레탄심재 준불연단열재(T=100),https://example.org/ontology/instance/Material_708608,#우레탄심재 준불연단열재
https://example.org/ontology/instance/Element_787313,우레탄심재 준불연단열재(T=100),https://example.org/ontology/instance/Material_708608,#우레탄심재 준불연단열재
https://example.org/ontology/instance/Element_787884,우레탄심재 준불연단열재(T=100),https://example.org/ontology/instance/Material_708608,#우레탄심재 준불연단열재
https://example.org/ontology/instance/Element_787885,우레탄심재 준불연단열재(T=100),https://example.org/ontology/instance/Material_708608,#우레탄심재 준불연단열재
https://example.org/ontology/instance/Element_787886,우레탄심재 준불연단열재(T=100),https://example.org/ontology/instance/Material_708608,#우레탄심재 준불연단열재
https://example.org/ontology/instance/Element_787887,우레탄심재 준불연단열재(T=100),https://example.org/ontology/instance/Material_708608,#우레탄심재 준불연단열재
https://example.org/ontology/instance/Element_788417,우레탄심재 준불연단열재(T=100),https://example.org/ontology/instance/Material_708608,#우레탄심재 준불연단열재
https://example.org/ontology/instance/Element_788418,우레탄심재 준불연단열재(T=100),https://example.org/ontology/instance/Material_708608,#우레탄심재 준불연단열재
https://example.org/ontology/instance/Element_788419,우레탄심재 준불연단열재(T=100),https://example.org/ontology/instance/Material_708608,#우레탄심재 준불연단열재
https://example.org/ontology/instance/Element_788420,우레탄심재 준불연단열재(T=100),https://example.org/ontology/instance/Material_708608,#우레탄심재 준불연단열재
https://example.org/ontology/instance/Element_830668,우레탄심재 준불연단열재(T=100),https://example.org/ontology/instance/Material_708608,#우레탄심재 준불연단열재
https://example.org/ontology/instance/Element_830669,우레탄심재 준불연단열재(T=100),https://example.org/ontology/instance/Material_708608,#우레탄심재 준불연단열재
https://example.org/ontology/instance/Element_830796,우레탄심재 준불연단열재(T=100),https://example.org/ontology/instance/Material_708608,#우레탄심재 준불연단열재
https://example.org/ontology/instance/Element_830797,우레탄심재 준불연단열재(T=100),https://example.org/ontology/instance/Material_708608,#우레탄심재 준불연단열재
https://example.org/ontology/instance/Element_830858,우레탄심재 준불연단열재(T=100),https://example.org/ontology/instance/Material_708608,#우레탄심재 준불연단열재
https://example.org/ontology/instance/Element_830859,우레탄심재 준불연단열재(T=100),https://example.org/ontology/instance/Material_708608,#우레탄심재 준불연단열재
https://example.org/ontology/instance/Element_830985,우레탄심재 준불연단열재(T=100),https://example.org/ontology/instance/Material_708608,#우레탄심재 준불연단열재
https://example.org/ontology/instance/Element_830986,우레탄심재 준불연단열재(T=100),https://example.org/ontology/instance/Material_708608,#우레탄심재 준불연단열재
https://example.org/ontology/instance/Element_831051,우레탄심재 준불연단열재(T=100),https://example.org/ontology/instance/Material_708608,#우레탄심재 준불연단열재
https://example.org/ontology/instance/Element_831052,우레탄심재 준불연단열재(T=100),https://example.org/ontology/instance/Material_708608,#우레탄심재 준불연단열재
https://example.org/ontology/instance/Element_834656,우레탄심재 준불연단열재(T=100),https://example.org/ontology/instance/Material_708608,#우레탄심재 준불연단열재
https://example.org/ontology/instance/Element_834657,우레탄심재 준불연단열재(T=100),https://example.org/ontology/instance/Material_708608,#우레탄심재 준불연단열재
https://example.org/ontology/instance/Element_834658,우레탄심재 준불연단열재(T=100),https://example.org/ontology/instance/Material_708608,#우레탄심재 준불연단열재
https://example.org/ontology/instance/Element_834659,우레탄심재 준불연단열재(T=100),https://example.org/ontology/instance/Material_708608,#우레탄심재 준불연단열재
https://example.org/ontology/instance/Element_835874,우레탄심재 준불연단열재(T=100),https://example.org/ontology/instance/Material_708608,#우레탄심재 준불연단열재
https://example.org/ontology/instance/Element_835875,우레탄심재 준불연단열재(T=100),https://example.org/ontology/instance/Material_708608,#우레탄심재 준불연단열재
https://example.org/ontology/instance/Element_835876,우레탄심재 준불연단열재(T=100),https://example.org/ontology/instance/Material_708608,#우레탄심재 준불연단열재
https://example.org/ontology/instance/Element_835877,우레탄심재 준불연단열재(T=100),https://example.org/ontology/instance/Material_708608,#우레탄심재 준불연단열재
https://example.org/ontology/instance/Element_836468,우레탄심재 준불연단열재(T=100),https://example.org/ontology/instance/Material_708608,#우레탄심재 준불연단열재
https://example.org/ontology/instance/Element_836469,우레탄심재 준불연단열재(T=100),https://example.org/ontology/instance/Material_708608,#우레탄심재 준불연단열재
https://example.org/ontology/instance/Element_836470,우레탄심재 준불연단열재(T=100),https://example.org/ontology/instance/Material_708608,#우레탄심재 준불연단열재
https://example.org/ontology/instance/Element_836471,우레탄심재 준불연단열재(T=100),https://example.org/ontology/instance/Material_708608,#우레탄심재 준불연단열재
https://example.org/ontology/instance/Element_837082,우레탄심재 준불연단열재(T=100),https://example.org/ontology/instance/Material_708608,#우레탄심재 준불연단열재
https://example.org/ontology/instance/Element_837083,우레탄심재 준불연단열재(T=100),https://example.org/ontology/instance/Material_708608,#우레탄심재 준불연단열재
https://example.org/ontology/instance/Element_837084,우레탄심재 준불연단열재(T=100),https://example.org/ontology/instance/Material_708608,#우레탄심재 준불연단열재
https://example.org/ontology/instance/Element_837085,우레탄심재 준불연단열재(T=100),https://example.org/ontology/instance/Material_708608,#우레탄심재 준불연단열재
https://example.org/ontology/instance/Element_837632,우레탄심재 준불연단열재(T=100),https://example.org/ontology/instance/Material_708608,#우레탄심재 준불연단열재
https://example.org/ontology/instance/Element_837633,우레탄심재 준불연단열재(T=100),https://example.org/ontology/instance/Material_708608,#우레탄심재 준불연단열재
https://example.org/ontology/instance/Element_837634,우레탄심재 준불연단열재(T=100),https://example.org/ontology/instance/Material_708608,#우레탄심재 준불연단열재
https://example.org/ontology/instance/Element_837635,우레탄심재 준불연단열재(T=100),https://example.org/ontology/instance/Material_708608,#우레탄심재 준불연단열재
https://example.org/ontology/instance/Element_838173,우레탄심재 준불연단열재(T=100),https://example.org/ontology/instance/Material_708608,#우레탄심재 준불연단열재
https://example.org/ontology/instance/Element_838174,우레탄심재 준불연단열재(T=100),https://example.org/ontology/instance/Material_708608,#우레탄심재 준불연단열재
https://example.org/ontology/instance/Element_838175,우레탄심재 준불연단열재(T=100),https://example.org/ontology/instance/Material_708608,#우레탄심재 준불연단열재
https://example.org/ontology/instance/Element_838176,우레탄심재 준불연단열재(T=100),https://example.org/ontology/instance/Material_708608,#우레탄심재 준불연단열재
https://example.org/ontology/instance/Element_838755,우레탄심재 준불연단열재(T=100),https://example.org/ontology/instance/Material_708608,#우레탄심재 준불연단열재
https://example.org/ontology/instance/Element_838756,우레탄심재 준불연단열재(T=100),https://example.org/ontology/instance/Material_708608,#우레탄심재 준불연단열재
https://example.org/ontology/instance/Element_838757,우레탄심재 준불연단열재(T=100),https://example.org/ontology/instance/Material_708608,#우레탄심재 준불연단열재
https://example.org/ontology/instance/Element_838758,우레탄심재 준불연단열재(T=100),https://example.org/ontology/instance/Material_708608,#우레탄심재 준불연단열재
https://example.org/ontology/instance/Element_839338,우레탄심재 준불연단열재(T=100),https://example.org/ontology/instance/Material_708608,#우레탄심재 준불연단열재
https://example.org/ontology/instance/Element_839339,우레탄심재 준불연단열재(T=100),https://example.org/ontology/instance/Material_708608,#우레탄심재 준불연단열재
https://example.org/ontology/instance/Element_839340,우레탄심재 준불연단열재(T=100),https://example.org/ontology/instance/Material_708608,#우레탄심재 준불연단열재
https://example.org/ontology/instance/Element_839341,우레탄심재 준불연단열재(T=100),https://example.org/ontology/instance/Material_708608,#우레탄심재 준불연단열재
https://example.org/ontology/instance/Element_839869,우레탄심재 준불연단열재(T=100),https://example.org/ontology/instance/Material_708608,#우레탄심재 준불연단열재
https://example.org/ontology/instance/Element_839870,우레탄심재 준불연단열재(T=100),https://example.org/ontology/instance/Material_708608,#우레탄심재 준불연단열재
https://example.org/ontology/instance/Element_839871,우레탄심재 준불연단열재(T=100),https://example.org/ontology/instance/Material_708608,#우레탄심재 준불연단열재
https://example.org/ontology/instance/Element_839872,우레탄심재 준불연단열재(T=100),https://example.org/ontology/instance/Material_708608,#우레탄심재 준불연단열재
https://example.org/ontology/instance/Element_847377,우레탄심재 준불연단열재(T=100),https://example.org/ontology/instance/Material_708608,#우레탄심재 준불연단열재
https://example.org/ontology/instance/Element_847999,우레탄심재 준불연단열재(T=100),https://example.org/ontology/instance/Material_708608,#우레탄심재 준불연단열재
https://example.org/ontology/instance/Element_879831,우레탄심재 준불연단열재(T=100),https://example.org/ontology/instance/Material_708608,#우레탄심재 준불연단열재
https://example.org/ontology/instance/Element_1207467,우레탄심재 준불연단열재(T=100),https://example.org/ontology/instance/Material_708608,#우레탄심재 준불연단열재
https://example.org/ontology/instance/Element_1207565,우레탄심재 준불연단열재(T=100),https://example.org/ontology/instance/Material_708608,#우레탄심재 준불연단열재
https://example.org/ontology/instance/Element_1218639,우레탄심재 준불연단열재(T=100),https://example.org/ontology/instance/Material_708608,#우레탄심재 준불연단열재
https://example.org/ontology/instance/Element_1218719,우레탄심재 준불연단열재(T=100),https://example.org/ontology/instance/Material_708608,#우레탄심재 준불연단열재
https://example.org/ontology/instance/Element_1226129,우레탄심재 준불연단열재(T=100),https://example.org/ontology/instance/Material_708608,#우레탄심재 준불연단열재
https://example.org/ontology/instance/Element_1226205,우레탄심재 준불연단열재(T=100),https://example.org/ontology/instance/Material_708608,#우레탄심재 준불연단열재
https://example.org/ontology/instance/Element_1226489,우레탄심재 준불연단열재(T=100),https://example.org/ontology/instance/Material_708608,#우레탄심재 준불연단열재
https://example.org/ontology/instance/Element_1411672,우레탄심재 준불연단열재(T=100),https://example.org/ontology/instance/Material_708608,#우레탄심재 준불연단열재
https://example.org/ontology/instance/Element_1411673,우레탄심재 준불연단열재(T=100),https://example.org/ontology/instance/Material_708608,#우레탄심재 준불연단열재
https://example.org/ontology/instance/Element_1411685,우레탄심재 준불연단열재(T=100),https://example.org/ontology/instance/Material_708608,#우레탄심재 준불연단열재
https://example.org/ontology/instance/Element_1411686,우레탄심재 준불연단열재(T=100),https://example.org/ontology/instance/Material_708608,#우레탄심재 준불연단열재
https://example.org/ontology/instance/Element_1750446,우레탄심재 준불연단열재(T=100),https://example.org/ontology/instance/Material_708608,#우레탄심재 준불연단열재
https://example.org/ontology/instance/Element_1750447,우레탄심재 준불연단열재(T=100),https://example.org/ontology/instance/Material_708608,#우레탄심재 준불연단열재
https://example.org/ontology/instance/Element_714559,우레탄심재 준불연단열재(T=70),https://example.org/ontology/instance/Material_708608,#우레탄심재 준불연단열재
https://example.org/ontology/instance/Element_714998,우레탄심재 준불연단열재(T=70),https://example.org/ontology/instance/Material_708608,#우레탄심재 준불연단열재
https://example.org/ontology/instance/Element_765433,우레탄심재 준불연단열재(T=70),https://example.org/ontology/instance/Material_708608,#우레탄심재 준불연단열재
https://example.org/ontology/instance/Element_784302,우레탄심재 준불연단열재(T=70),https://example.org/ontology/instance/Material_708608,#우레탄심재 준불연단열재
https://example.org/ontology/instance/Element_784303,우레탄심재 준불연단열재(T=70),https://example.org/ontology/instance/Material_708608,#우레탄심재 준불연단열재
https://example.org/ontology/instance/Element_786755,우레탄심재 준불연단열재(T=70),https://example.org/ontology/instance/Material_708608,#우레탄심재 준불연단열재
https://example.org/ontology/instance/Element_786756,우레탄심재 준불연단열재(T=70),https://example.org/ontology/instance/Material_708608,#우레탄심재 준불연단열재
https://example.org/ontology/instance/Element_786765,우레탄심재 준불연단열재(T=70),https://example.org/ontology/instance/Material_708608,#우레탄심재 준불연단열재
https://example.org/ontology/instance/Element_787314,우레탄심재 준불연단열재(T=70),https://example.org/ontology/instance/Material_708608,#우레탄심재 준불연단열재
https://example.org/ontology/instance/Element_787315,우레탄심재 준불연단열재(T=70),https://example.org/ontology/instance/Material_708608,#우레탄심재 준불연단열재
https://example.org/ontology/instance/Element_787888,우레탄심재 준불연단열재(T=70),https://example.org/ontology/instance/Material_708608,#우레탄심재 준불연단열재
https://example.org/ontology/instance/Element_787889,우레탄심재 준불연단열재(T=70),https://example.org/ontology/instance/Material_708608,#우레탄심재 준불연단열재
https://example.org/ontology/instance/Element_788421,우레탄심재 준불연단열재(T=70),https://example.org/ontology/instance/Material_708608,#우레탄심재 준불연단열재
https://example.org/ontology/instance/Element_788422,우레탄심재 준불연단열재(T=70),https://example.org/ontology/instance/Material_708608,#우레탄심재 준불연단열재
https://example.org/ontology/instance/Element_830628,우레탄심재 준불연단열재(T=70),https://example.org/ontology/instance/Material_708608,#우레탄심재 준불연단열재
https://example.org/ontology/instance/Element_830798,우레탄심재 준불연단열재(T=70),https://example.org/ontology/instance/Material_708608,#우레탄심재 준불연단열재
https://example.org/ontology/instance/Element_830941,우레탄심재 준불연단열재(T=70),https://example.org/ontology/instance/Material_708608,#우레탄심재 준불연단열재
https://example.org/ontology/instance/Element_830987,우레탄심재 준불연단열재(T=70),https://example.org/ontology/instance/Material_708608,#우레탄심재 준불연단열재
https://example.org/ontology/instance/Element_831089,우레탄심재 준불연단열재(T=70),https://example.org/ontology/instance/Material_708608,#우레탄심재 준불연단열재
https://example.org/ontology/instance/Element_831133,우레탄심재 준불연단열재(T=70),https://example.org/ontology/instance/Material_708608,#우레탄심재 준불연단열재
https://example.org/ontology/instance/Element_834660,우레탄심재 준불연단열재(T=70),https://example.org/ontology/instance/Material_708608,#우레탄심재 준불연단열재
https://example.org/ontology/instance/Element_834661,우레탄심재 준불연단열재(T=70),https://example.org/ontology/instance/Material_708608,#우레탄심재 준불연단열재
https://example.org/ontology/instance/Element_835878,우레탄심재 준불연단열재(T=70),https://example.org/ontology/instance/Material_708608,#우레탄심재 준불연단열재
https://example.org/ontology/instance/Element_835879,우레탄심재 준불연단열재(T=70),https://example.org/ontology/instance/Material_708608,#우레탄심재 준불연단열재
https://example.org/ontology/instance/Element_836472,우레탄심재 준불연단열재(T=70),https://example.org/ontology/instance/Material_708608,#우레탄심재 준불연단열재
https://example.org/ontology/instance/Element_836473,우레탄심재 준불연단열재(T=70),https://example.org/ontology/instance/Material_708608,#우레탄심재 준불연단열재
https://example.org/ontology/instance/Element_837086,우레탄심재 준불연단열재(T=70),https://example.org/ontology/instance/Material_708608,#우레탄심재 준불연단열재
https://example.org/ontology/instance/Element_837636,우레탄심재 준불연단열재(T=70),https://example.org/ontology/instance/Material_708608,#우레탄심재 준불연단열재
https://example.org/ontology/instance/Element_837637,우레탄심재 준불연단열재(T=70),https://example.org/ontology/instance/Material_708608,#우레탄심재 준불연단열재
https://example.org/ontology/instance/Element_837745,우레탄심재 준불연단열재(T=70),https://example.org/ontology/instance/Material_708608,#우레탄심재 준불연단열재
https://example.org/ontology/instance/Element_838177,우레탄심재 준불연단열재(T=70),https://example.org/ontology/instance/Material_708608,#우레탄심재 준불연단열재
https://example.org/ontology/instance/Element_838178,우레탄심재 준불연단열재(T=70),https://example.org/ontology/instance/Material_708608,#우레탄심재 준불연단열재
https://example.org/ontology/instance/Element_838188,우레탄심재 준불연단열재(T=70),https://example.org/ontology/instance/Material_708608,#우레탄심재 준불연단열재
https://example.org/ontology/instance/Element_838759,우레탄심재 준불연단열재(T=70),https://example.org/ontology/instance/Material_708608,#우레탄심재 준불연단열재
https://example.org/ontology/instance/Element_838760,우레탄심재 준불연단열재(T=70),https://example.org/ontology/instance/Material_708608,#우레탄심재 준불연단열재
https://example.org/ontology/instance/Element_838868,우레탄심재 준불연단열재(T=70),https://example.org/ontology/instance/Material_708608,#우레탄심재 준불연단열재
https://example.org/ontology/instance/Element_839342,우레탄심재 준불연단열재(T=70),https://example.org/ontology/instance/Material_708608,#우레탄심재 준불연단열재
https://example.org/ontology/instance/Element_839873,우레탄심재 준불연단열재(T=70),https://example.org/ontology/instance/Material_708608,#우레탄심재 준불연단열재
https://example.org/ontology/instance/Element_840471,우레탄심재 준불연단열재(T=70),https://example.org/ontology/instance/Material_708608,#우레탄심재 준불연단열재
https://example.org/ontology/instance/Element_847376,우레탄심재 준불연단열재(T=70),https://example.org/ontology/instance/Material_708608,#우레탄심재 준불연단열재
https://example.org/ontology/instance/Element_864642,우레탄심재 준불연단열재(T=70),https://example.org/ontology/instance/Material_708608,#우레탄심재 준불연단열재
https://example.org/ontology/instance/Element_865310,우레탄심재 준불연단열재(T=70),https://example.org/ontology/instance/Material_708608,#우레탄심재 준불연단열재
https://example.org/ontology/instance/Element_865364,우레탄심재 준불연단열재(T=70),https://example.org/ontology/instance/Material_708608,#우레탄심재 준불연단열재
https://example.org/ontology/instance/Element_866320,우레탄심재 준불연단열재(T=70),https://example.org/ontology/instance/Material_708608,#우레탄심재 준불연단열재
https://example.org/ontology/instance/Element_866484,우레탄심재 준불연단열재(T=70),https://example.org/ontology/instance/Material_708608,#우레탄심재 준불연단열재
https://example.org/ontology/instance/Element_866640,우레탄심재 준불연단열재(T=70),https://example.org/ontology/instance/Material_708608,#우레탄심재 준불연단열재
https://example.org/ontology/instance/Element_866733,우레탄심재 준불연단열재(T=70),https://example.org/ontology/instance/Material_708608,#우레탄심재 준불연단열재
https://example.org/ontology/instance/Element_866837,우레탄심재 준불연단열재(T=70),https://example.org/ontology/instance/Material_708608,#우레탄심재 준불연단열재
https://example.org/ontology/instance/Element_866978,우레탄심재 준불연단열재(T=70),https://example.org/ontology/instance/Material_708608,#우레탄심재 준불연단열재
https://example.org/ontology/instance/Element_867160,우레탄심재 준불연단열재(T=70),https://example.org/ontology/instance/Material_708608,#우레탄심재 준불연단열재
https://example.org/ontology/instance/Element_867214,우레탄심재 준불연단열재(T=70),https://example.org/ontology/instance/Material_708608,#우레탄심재 준불연단열재
https://example.org/ontology/instance/Element_867273,우레탄심재 준불연단열재(T=70),https://example.org/ontology/instance/Material_708608,#우레탄심재 준불연단열재
https://example.org/ontology/instance/Element_867868,우레탄심재 준불연단열재(T=70),https://example.org/ontology/instance/Material_708608,#우레탄심재 준불연단열재
https://example.org/ontology/instance/Element_867928,우레탄심재 준불연단열재(T=70),https://example.org/ontology/instance/Material_708608,#우레탄심재 준불연단열재
https://example.org/ontology/instance/Element_868083,우레탄심재 준불연단열재(T=70),https://example.org/ontology/instance/Material_708608,#우레탄심재 준불연단열재
https://example.org/ontology/instance/Element_868152,우레탄심재 준불연단열재(T=70),https://example.org/ontology/instance/Material_708608,#우레탄심재 준불연단열재
https://example.org/ontology/instance/Element_868212,우레탄심재 준불연단열재(T=70),https://example.org/ontology/instance/Material_708608,#우레탄심재 준불연단열재
https://example.org/ontology/instance/Element_868313,우레탄심재 준불연단열재(T=70),https://example.org/ontology/instance/Material_708608,#우레탄심재 준불연단열재
https://example.org/ontology/instance/Element_868376,우레탄심재 준불연단열재(T=70),https://example.org/ontology/instance/Material_708608,#우레탄심재 준불연단열재
https://example.org/ontology/instance/Element_868439,우레탄심재 준불연단열재(T=70),https://example.org/ontology/instance/Material_708608,#우레탄심재 준불연단열재
https://example.org/ontology/instance/Element_868501,우레탄심재 준불연단열재(T=70),https://example.org/ontology/instance/Material_708608,#우레탄심재 준불연단열재
https://example.org/ontology/instance/Element_868740,우레탄심재 준불연단열재(T=70),https://example.org/ontology/instance/Material_708608,#우레탄심재 준불연단열재
https://example.org/ontology/instance/Element_990678,우레탄심재 준불연단열재(T=70),https://example.org/ontology/instance/Material_708608,#우레탄심재 준불연단열재
https://example.org/ontology/instance/Element_991024,우레탄심재 준불연단열재(T=70),https://example.org/ontology/instance/Material_708608,#우레탄심재 준불연단열재
https://example.org/ontology/instance/Element_991065,우레탄심재 준불연단열재(T=70),https://example.org/ontology/instance/Material_708608,#우레탄심재 준불연단열재
https://example.org/ontology/instance/Element_991165,우레탄심재 준불연단열재(T=70),https://example.org/ontology/instance/Material_708608,#우레탄심재 준불연단열재
https://example.org/ontology/instance/Element_991215,우레탄심재 준불연단열재(T=70),https://example.org/ontology/instance/Material_708608,#우레탄심재 준불연단열재
https://example.org/ontology/instance/Element_991290,우레탄심재 준불연단열재(T=70),https://example.org/ontology/instance/Material_708608,#우레탄심재 준불연단열재
https://example.org/ontology/instance/Element_991300,우레탄심재 준불연단열재(T=70),https://example.org/ontology/instance/Material_708608,#우레탄심재 준불연단열재
https://example.org/ontology/instance/Element_991310,우레탄심재 준불연단열재(T=70),https://example.org/ontology/instance/Material_708608,#우레탄심재 준불연단열재
https://example.org/ontology/instance/Element_991637,우레탄심재 준불연단열재(T=70),https://example.org/ontology/instance/Material_708608,#우레탄심재 준불연단열재
https://example.org/ontology/instance/Element_991709,우레탄심재 준불연단열재(T=70),https://example.org/ontology/instance/Material_708608,#우레탄심재 준불연단열재
https://example.org/ontology/instance/Element_992091,우레탄심재 준불연단열재(T=70),https://example.org/ontology/instance/Material_708608,#우레탄심재 준불연단열재
https://example.org/ontology/instance/Element_992121,우레탄심재 준불연단열재(T=70),https://example.org/ontology/instance/Material_708608,#우레탄심재 준불연단열재
https://example.org/ontology/instance/Element_992151,우레탄심재 준불연단열재(T=70),https://example.org/ontology/instance/Material_708608,#우레탄심재 준불연단열재
https://example.org/ontology/instance/Element_992181,우레탄심재 준불연단열재(T=70),https://example.org/ontology/instance/Material_708608,#우레탄심재 준불연단열재
https://example.org/ontology/instance/Element_992305,우레탄심재 준불연단열재(T=70),https://example.org/ontology/instance/Material_708608,#우레탄심재 준불연단열재
https://example.org/ontology/instance/Element_992371,우레탄심재 준불연단열재(T=70),https://example.org/ontology/instance/Material_708608,#우레탄심재 준불연단열재
https://example.org/ontology/instance/Element_992401,우레탄심재 준불연단열재(T=70),https://example.org/ontology/instance/Material_708608,#우레탄심재 준불연단열재
https://example.org/ontology/instance/Element_992431,우레탄심재 준불연단열재(T=70),https://example.org/ontology/instance/Material_708608,#우레탄심재 준불연단열재
https://example.org/ontology/instance/Element_993454,우레탄심재 준불연단열재(T=70),https://example.org/ontology/instance/Material_708608,#우레탄심재 준불연단열재
https://example.org/ontology/instance/Element_993455,우레탄심재 준불연단열재(T=70),https://example.org/ontology/instance/Material_708608,#우레탄심재 준불연단열재
https://example.org/ontology/instance/Element_993876,우레탄심재 준불연단열재(T=70),https://example.org/ontology/instance/Material_708608,#우레탄심재 준불연단열재
https://example.org/ontology/instance/Element_993964,우레탄심재 준불연단열재(T=70),https://example.org/ontology/instance/Material_708608,#우레탄심재 준불연단열재
https://example.org/ontology/instance/Element_994093,우레탄심재 준불연단열재(T=70),https://example.org/ontology/instance/Material_708608,#우레탄심재 준불연단열재
https://example.org/ontology/instance/Element_994094,우레탄심재 준불연단열재(T=70),https://example.org/ontology/instance/Material_708608,#우레탄심재 준불연단열재
https://example.org/ontology/instance/Element_994095,우레탄심재 준불연단열재(T=70),https://example.org/ontology/instance/Material_708608,#우레탄심재 준불연단열재
https://example.org/ontology/instance/Element_994096,우레탄심재 준불연단열재(T=70),https://example.org/ontology/instance/Material_708608,#우레탄심재 준불연단열재
https://example.org/ontology/instance/Element_994106,우레탄심재 준불연단열재(T=70),https://example.org/ontology/instance/Material_708608,#우레탄심재 준불연단열재
https://example.org/ontology/instance/Element_994107,우레탄심재 준불연단열재(T=70),https://example.org/ontology/instance/Material_708608,#우레탄심재 준불연단열재
https://example.org/ontology/instance/Element_994108,우레탄심재 준불연단열재(T=70),https://example.org/ontology/instance/Material_708608,#우레탄심재 준불연단열재
https://example.org/ontology/instance/Element_994109,우레탄심재 준불연단열재(T=70),https://example.org/ontology/instance/Material_708608,#우레탄심재 준불연단열재
https://example.org/ontology/instance/Element_994117,우레탄심재 준불연단열재(T=70),https://example.org/ontology/instance/Material_708608,#우레탄심재 준불연단열재
https://example.org/ontology/instance/Element_994118,우레탄심재 준불연단열재(T=70),https://example.org/ontology/instance/Material_708608,#우레탄심재 준불연단열재
https://example.org/ontology/instance/Element_994119,우레탄심재 준불연단열재(T=70),https://example.org/ontology/instance/Material_708608,#우레탄심재 준불연단열재
https://example.org/ontology/instance/Element_994120,우레탄심재 준불연단열재(T=70),https://example.org/ontology/instance/Material_708608,#우레탄심재 준불연단열재
https://example.org/ontology/instance/Element_994128,우레탄심재 준불연단열재(T=70),https://example.org/ontology/instance/Material_708608,#우레탄심재 준불연단열재
https://example.org/ontology/instance/Element_994129,우레탄심재 준불연단열재(T=70),https://example.org/ontology/instance/Material_708608,#우레탄심재 준불연단열재
https://example.org/ontology/instance/Element_994130,우레탄심재 준불연단열재(T=70),https://example.org/ontology/instance/Material_708608,#우레탄심재 준불연단열재
https://example.org/ontology/instance/Element_994131,우레탄심재 준불연단열재(T=70),https://example.org/ontology/instance/Material_708608,#우레탄심재 준불연단열재
https://example.org/ontology/instance/Element_994139,우레탄심재 준불연단열재(T=70),https://example.org/ontology/instance/Material_708608,#우레탄심재 준불연단열재
https://example.org/ontology/instance/Element_994140,우레탄심재 준불연단열재(T=70),https://example.org/ontology/instance/Material_708608,#우레탄심재 준불연단열재
https://example.org/ontology/instance/Element_994141,우레탄심재 준불연단열재(T=70),https://example.org/ontology/instance/Material_708608,#우레탄심재 준불연단열재
https://example.org/ontology/instance/Element_994142,우레탄심재 준불연단열재(T=70),https://example.org/ontology/instance/Material_708608,#우레탄심재 준불연단열재
https://example.org/ontology/instance/Element_994150,우레탄심재 준불연단열재(T=70),https://example.org/ontology/instance/Material_708608,#우레탄심재 준불연단열재
https://example.org/ontology/instance/Element_994151,우레탄심재 준불연단열재(T=70),https://example.org/ontology/instance/Material_708608,#우레탄심재 준불연단열재
https://example.org/ontology/instance/Element_994152,우레탄심재 준불연단열재(T=70),https://example.org/ontology/instance/Material_708608,#우레탄심재 준불연단열재
https://example.org/ontology/instance/Element_994153,우레탄심재 준불연단열재(T=70),https://example.org/ontology/instance/Material_708608,#우레탄심재 준불연단열재
https://example.org/ontology/instance/Element_994172,우레탄심재 준불연단열재(T=70),https://example.org/ontology/instance/Material_708608,#우레탄심재 준불연단열재
https://example.org/ontology/instance/Element_994173,우레탄심재 준불연단열재(T=70),https://example.org/ontology/instance/Material_708608,#우레탄심재 준불연단열재
https://example.org/ontology/instance/Element_994174,우레탄심재 준불연단열재(T=70),https://example.org/ontology/instance/Material_708608,#우레탄심재 준불연단열재
https://example.org/ontology/instance/Element_994175,우레탄심재 준불연단열재(T=70),https://example.org/ontology/instance/Material_708608,#우레탄심재 준불연단열재
https://example.org/ontology/instance/Element_994183,우레탄심재 준불연단열재(T=70),https://example.org/ontology/instance/Material_708608,#우레탄심재 준불연단열재
https://example.org/ontology/instance/Element_994184,우레탄심재 준불연단열재(T=70),https://example.org/ontology/instance/Material_708608,#우레탄심재 준불연단열재
https://example.org/ontology/instance/Element_994185,우레탄심재 준불연단열재(T=70),https://example.org/ontology/instance/Material_708608,#우레탄심재 준불연단열재
https://example.org/ontology/instance/Element_994186,우레탄심재 준불연단열재(T=70),https://example.org/ontology/instance/Material_708608,#우레탄심재 준불연단열재
https://example.org/ontology/instance/Element_994194,우레탄심재 준불연단열재(T=70),https://example.org/ontology/instance/Material_708608,#우레탄심재 준불연단열재
https://example.org/ontology/instance/Element_994195,우레탄심재 준불연단열재(T=70),https://example.org/ontology/instance/Material_708608,#우레탄심재 준불연단열재
https://example.org/ontology/instance/Element_994196,우레탄심재 준불연단열재(T=70),https://example.org/ontology/instance/Material_708608,#우레탄심재 준불연단열재
https://example.org/ontology/instance/Element_994197,우레탄심재 준불연단열재(T=70),https://example.org/ontology/instance/Material_708608,#우레탄심재 준불연단열재
https://example.org/ontology/instance/Element_994790,우레탄심재 준불연단열재(T=70),https://example.org/ontology/instance/Material_708608,#우레탄심재 준불연단열재
https://example.org/ontology/instance/Element_1147549,우레탄심재 준불연단열재(T=70),https://example.org/ontology/instance/Material_708608,#우레탄심재 준불연단열재
https://example.org/ontology/instance/Element_1147550,우레탄심재 준불연단열재(T=70),https://example.org/ontology/instance/Material_708608,#우레탄심재 준불연단열재
https://example.org/ontology/instance/Element_1147678,우레탄심재 준불연단열재(T=70),https://example.org/ontology/instance/Material_708608,#우레탄심재 준불연단열재
https://example.org/ontology/instance/Element_1147679,우레탄심재 준불연단열재(T=70),https://example.org/ontology/instance/Material_708608,#우레탄심재 준불연단열재
https://example.org/ontology/instance/Element_1148127,우레탄심재 준불연단열재(T=70),https://example.org/ontology/instance/Material_708608,#우레탄심재 준불연단열재
https://example.org/ontology/instance/Element_1148128,우레탄심재 준불연단열재(T=70),https://example.org/ontology/instance/Material_708608,#우레탄심재 준불연단열재
https://example.org/ontology/instance/Element_1148754,우레탄심재 준불연단열재(T=70),https://example.org/ontology/instance/Material_708608,#우레탄심재 준불연단열재
https://example.org/ontology/instance/Element_1148755,우레탄심재 준불연단열재(T=70),https://example.org/ontology/instance/Material_708608,#우레탄심재 준불연단열재
https://example.org/ontology/instance/Element_1149658,우레탄심재 준불연단열재(T=70),https://example.org/ontology/instance/Material_708608,#우레탄심재 준불연단열재
https://example.org/ontology/instance/Element_1149659,우레탄심재 준불연단열재(T=70),https://example.org/ontology/instance/Material_708608,#우레탄심재 준불연단열재
https://example.org/ontology/instance/Element_1149879,우레탄심재 준불연단열재(T=70),https://example.org/ontology/instance/Material_708608,#우레탄심재 준불연단열재
https://example.org/ontology/instance/Element_1149880,우레탄심재 준불연단열재(T=70),https://example.org/ontology/instance/Material_708608,#우레탄심재 준불연단열재
https://example.org/ontology/instance/Element_1150065,우레탄심재 준불연단열재(T=70),https://example.org/ontology/instance/Material_708608,#우레탄심재 준불연단열재
https://example.org/ontology/instance/Element_1150066,우레탄심재 준불연단열재(T=70),https://example.org/ontology/instance/Material_708608,#우레탄심재 준불연단열재
https://example.org/ontology/instance/Element_1150597,우레탄심재 준불연단열재(T=70),https://example.org/ontology/instance/Material_708608,#우레탄심재 준불연단열재
https://example.org/ontology/instance/Element_1150598,우레탄심재 준불연단열재(T=70),https://example.org/ontology/instance/Material_708608,#우레탄심재 준불연단열재
https://example.org/ontology/instance/Element_1157673,우레탄심재 준불연단열재(T=70),https://example.org/ontology/instance/Material_708608,#우레탄심재 준불연단열재
https://example.org/ontology/instance/Element_1157674,우레탄심재 준불연단열재(T=70),https://example.org/ontology/instance/Material_708608,#우레탄심재 준불연단열재
https://example.org/ontology/instance/Element_1160366,우레탄심재 준불연단열재(T=70),https://example.org/ontology/instance/Material_708608,#우레탄심재 준불연단열재
https://example.org/ontology/instance/Element_1160367,우레탄심재 준불연단열재(T=70),https://example.org/ontology/instance/Material_708608,#우레탄심재 준불연단열재
https://example.org/ontology/instance/Element_1160665,우레탄심재 준불연단열재(T=70),https://example.org/ontology/instance/Material_708608,#우레탄심재 준불연단열재
https://example.org/ontology/instance/Element_1160666,우레탄심재 준불연단열재(T=70),https://example.org/ontology/instance/Material_708608,#우레탄심재 준불연단열재
https://example.org/ontology/instance/Element_1161809,우레탄심재 준불연단열재(T=70),https://example.org/ontology/instance/Material_708608,#우레탄심재 준불연단열재
https://example.org/ontology/instance/Element_1161810,우레탄심재 준불연단열재(T=70),https://example.org/ontology/instance/Material_708608,#우레탄심재 준불연단열재
https://example.org/ontology/instance/Element_1161928,우레탄심재 준불연단열재(T=70),https://example.org/ontology/instance/Material_708608,#우레탄심재 준불연단열재
https://example.org/ontology/instance/Element_1161929,우레탄심재 준불연단열재(T=70),https://example.org/ontology/instance/Material_708608,#우레탄심재 준불연단열재
https://example.org/ontology/instance/Element_1162143,우레탄심재 준불연단열재(T=70),https://example.org/ontology/instance/Material_708608,#우레탄심재 준불연단열재
https://example.org/ontology/instance/Element_1162144,우레탄심재 준불연단열재(T=70),https://example.org/ontology/instance/Material_708608,#우레탄심재 준불연단열재
https://example.org/ontology/instance/Element_1162236,우레탄심재 준불연단열재(T=70),https://example.org/ontology/instance/Material_708608,#우레탄심재 준불연단열재
https://example.org/ontology/instance/Element_1162237,우레탄심재 준불연단열재(T=70),https://example.org/ontology/instance/Material_708608,#우레탄심재 준불연단열재
https://example.org/ontology/instance/Element_1422703,우레탄심재 준불연단열재(T=70),https://example.org/ontology/instance/Material_708608,#우레탄심재 준불연단열재
https://example.org/ontology/instance/Element_1422704,우레탄심재 준불연단열재(T=70),https://example.org/ontology/instance/Material_708608,#우레탄심재 준불연단열재
https://example.org/ontology/instance/Element_1509207,우레탄심재 준불연단열재(T=70),https://example.org/ontology/instance/Material_708608,#우레탄심재 준불연단열재
https://example.org/ontology/instance/Element_1630332,우레탄심재 준불연단열재(T=70),https://example.org/ontology/instance/Material_708608,#우레탄심재 준불연단열재
https://example.org/ontology/instance/Element_1630333,우레탄심재 준불연단열재(T=70),https://example.org/ontology/instance/Material_708608,#우레탄심재 준불연단열재
https://example.org/ontology/instance/Element_1403252,일반석고보드(T=12.5),https://example.org/ontology/instance/Material_346717,#일반석고보드
https://example.org/ontology/instance/Element_1483191,일반석고보드(T=12.5),https://example.org/ontology/instance/Material_346717,#일반석고보드
https://example.org/ontology/instance/Element_1483261,일반석고보드(T=12.5),https://example.org/ontology/instance/Material_346717,#일반석고보드
https://example.org/ontology/instance/Element_1119549,일반석고보드(T=25),https://example.org/ontology/instance/Material_346717,#일반석고보드
https://example.org/ontology/instance/Element_1195941,일반석고보드(T=25),https://example.org/ontology/instance/Material_346717,#일반석고보드
https://example.org/ontology/instance/Element_1230228,일반석고보드(T=25),https://example.org/ontology/instance/Material_346717,#일반석고보드
https://example.org/ontology/instance/Element_1231591,일반석고보드(T=25),https://example.org/ontology/instance/Material_346717,#일반석고보드
https://example.org/ontology/instance/Element_1761375,일반석고보드(T=25),https://example.org/ontology/instance/Material_346717,#일반석고보드
https://example.org/ontology/instance/Element_1761388,일반석고보드(T=25),https://example.org/ontology/instance/Material_346717,#일반석고보드
https://example.org/ontology/instance/Element_1382107,일반석고보드(마감용),https://example.org/ontology/instance/Material_346717,#일반석고보드
https://example.org/ontology/instance/Element_1382414,일반석고보드(마감용),https://example.org/ontology/instance/Material_346717,#일반석고보드
https://example.org/ontology/instance/Element_1382431,일반석고보드(마감용),https://example.org/ontology/instance/Material_346717,#일반석고보드
https://example.org/ontology/instance/Element_1382448,일반석고보드(마감용),https://example.org/ontology/instance/Material_346717,#일반석고보드
https://example.org/ontology/instance/Element_1407400,일반석고보드(마감용),https://example.org/ontology/instance/Material_346717,#일반석고보드
https://example.org/ontology/instance/Element_1407761,일반석고보드(마감용),https://example.org/ontology/instance/Material_346717,#일반석고보드
https://example.org/ontology/instance/Element_1408729,일반석고보드(마감용),https://example.org/ontology/instance/Material_346717,#일반석고보드
https://example.org/ontology/instance/Element_1408943,일반석고보드(마감용),https://example.org/ontology/instance/Material_346717,#일반석고보드
https://example.org/ontology/instance/Element_1409146,일반석고보드(마감용),https://example.org/ontology/instance/Material_346717,#일반석고보드
https://example.org/ontology/instance/Element_1409347,일반석고보드(마감용),https://example.org/ontology/instance/Material_346717,#일반석고보드
https://example.org/ontology/instance/Element_1409515,일반석고보드(마감용),https://example.org/ontology/instance/Material_346717,#일반석고보드
https://example.org/ontology/instance/Element_1409686,일반석고보드(마감용),https://example.org/ontology/instance/Material_346717,#일반석고보드
https://example.org/ontology/instance/Element_1409874,일반석고보드(마감용),https://example.org/ontology/instance/Material_346717,#일반석고보드
https://example.org/ontology/instance/Element_1420778,일반석고보드(마감용),https://example.org/ontology/instance/Material_346717,#일반석고보드
https://example.org/ontology/instance/Element_1423408,일반석고보드(마감용),https://example.org/ontology/instance/Material_346717,#일반석고보드
https://example.org/ontology/instance/Element_1423423,일반석고보드(마감용),https://example.org/ontology/instance/Material_346717,#일반석고보드
https://example.org/ontology/instance/Element_1423432,일반석고보드(마감용),https://example.org/ontology/instance/Material_346717,#일반석고보드
https://example.org/ontology/instance/Element_1423542,일반석고보드(마감용),https://example.org/ontology/instance/Material_346717,#일반석고보드
https://example.org/ontology/instance/Element_1423555,일반석고보드(마감용),https://example.org/ontology/instance/Material_346717,#일반석고보드
https://example.org/ontology/instance/Element_1423568,일반석고보드(마감용),https://example.org/ontology/instance/Material_346717,#일반석고보드
https://example.org/ontology/instance/Element_1423579,일반석고보드(마감용),https://example.org/ontology/instance/Material_346717,#일반석고보드
https://example.org/ontology/instance/Element_1423588,일반석고보드(마감용),https://example.org/ontology/instance/Material_346717,#일반석고보드
https://example.org/ontology/instance/Element_1423764,일반석고보드(마감용),https://example.org/ontology/instance/Material_346717,#일반석고보드
https://example.org/ontology/instance/Element_805845,일반석고보드(바탕용),https://example.org/ontology/instance/Material_346717,#일반석고보드
https://example.org/ontology/instance/Element_807353,일반석고보드(바탕용),https://example.org/ontology/instance/Material_346717,#일반석고보드
https://example.org/ontology/instance/Element_807529,일반석고보드(바탕용),https://example.org/ontology/instance/Material_346717,#일반석고보드
https://example.org/ontology/instance/Element_825759,일반석고보드(바탕용),https://example.org/ontology/instance/Material_346717,#일반석고보드
https://example.org/ontology/instance/Element_827405,일반석고보드(바탕용),https://example.org/ontology/instance/Material_346717,#일반석고보드
https://example.org/ontology/instance/Element_828912,일반석고보드(바탕용),https://example.org/ontology/instance/Material_346717,#일반석고보드
https://example.org/ontology/instance/Element_828916,일반석고보드(바탕용),https://example.org/ontology/instance/Material_346717,#일반석고보드
https://example.org/ontology/instance/Element_828982,일반석고보드(바탕용),https://example.org/ontology/instance/Material_346717,#일반석고보드
https://example.org/ontology/instance/Element_828986,일반석고보드(바탕용),https://example.org/ontology/instance/Material_346717,#일반석고보드
https://example.org/ontology/instance/Element_829099,일반석고보드(바탕용),https://example.org/ontology/instance/Material_346717,#일반석고보드
https://example.org/ontology/instance/Element_829103,일반석고보드(바탕용),https://example.org/ontology/instance/Material_346717,#일반석고보드
https://example.org/ontology/instance/Element_829131,일반석고보드(바탕용),https://example.org/ontology/instance/Material_346717,#일반석고보드
https://example.org/ontology/instance/Element_829135,일반석고보드(바탕용),https://example.org/ontology/instance/Material_346717,#일반석고보드
https://example.org/ontology/instance/Element_829154,일반석고보드(바탕용),https://example.org/ontology/instance/Material_346717,#일반석고보드
https://example.org/ontology/instance/Element_829158,일반석고보드(바탕용),https://example.org/ontology/instance/Material_346717,#일반석고보드
https://example.org/ontology/instance/Element_829177,일반석고보드(바탕용),https://example.org/ontology/instance/Material_346717,#일반석고보드
https://example.org/ontology/instance/Element_829181,일반석고보드(바탕용),https://example.org/ontology/instance/Material_346717,#일반석고보드
https://example.org/ontology/instance/Element_829314,일반석고보드(바탕용),https://example.org/ontology/instance/Material_346717,#일반석고보드
https://example.org/ontology/instance/Element_834809,일반석고보드(바탕용),https://example.org/ontology/instance/Material_346717,#일반석고보드
https://example.org/ontology/instance/Element_835969,일반석고보드(바탕용),https://example.org/ontology/instance/Material_346717,#일반석고보드
https://example.org/ontology/instance/Element_835973,일반석고보드(바탕용),https://example.org/ontology/instance/Material_346717,#일반석고보드
https://example.org/ontology/instance/Element_836566,일반석고보드(바탕용),https://example.org/ontology/instance/Material_346717,#일반석고보드
https://example.org/ontology/instance/Element_836570,일반석고보드(바탕용),https://example.org/ontology/instance/Material_346717,#일반석고보드
https://example.org/ontology/instance/Element_837118,일반석고보드(바탕용),https://example.org/ontology/instance/Material_346717,#일반석고보드
https://example.org/ontology/instance/Element_837122,일반석고보드(바탕용),https://example.org/ontology/instance/Material_346717,#일반석고보드
https://example.org/ontology/instance/Element_837667,일반석고보드(바탕용),https://example.org/ontology/instance/Material_346717,#일반석고보드
https://example.org/ontology/instance/Element_837671,일반석고보드(바탕용),https://example.org/ontology/instance/Material_346717,#일반석고보드
https://example.org/ontology/instance/Element_838208,일반석고보드(바탕용),https://example.org/ontology/instance/Material_346717,#일반석고보드
https://example.org/ontology/instance/Element_838212,일반석고보드(바탕용),https://example.org/ontology/instance/Material_346717,#일반석고보드
https://example.org/ontology/instance/Element_838790,일반석고보드(바탕용),https://example.org/ontology/instance/Material_346717,#일반석고보드
https://example.org/ontology/instance/Element_838794,일반석고보드(바탕용),https://example.org/ontology/instance/Material_346717,#일반석고보드
https://example.org/ontology/instance/Element_839374,일반석고보드(바탕용),https://example.org/ontology/instance/Material_346717,#일반석고보드
https://example.org/ontology/instance/Element_839378,일반석고보드(바탕용),https://example.org/ontology/instance/Material_346717,#일반석고보드
https://example.org/ontology/instance/Element_839905,일반석고보드(바탕용),https://example.org/ontology/instance/Material_346717,#일반석고보드
https://example.org/ontology/instance/Element_839909,일반석고보드(바탕용),https://example.org/ontology/instance/Material_346717,#일반석고보드
https://example.org/ontology/instance/Element_840507,일반석고보드(바탕용),https://example.org/ontology/instance/Material_346717,#일반석고보드
https://example.org/ontology/instance/Element_847365,일반석고보드(바탕용),https://example.org/ontology/instance/Material_346717,#일반석고보드
https://example.org/ontology/instance/Element_847369,일반석고보드(바탕용),https://example.org/ontology/instance/Material_346717,#일반석고보드
https://example.org/ontology/instance/Element_629477,자기질타일(T=10),https://example.org/ontology/instance/Material_346765,#자기질타일 300x300mm
https://example.org/ontology/instance/Element_784070,자기질타일(T=10),https://example.org/ontology/instance/Material_346765,#자기질타일 300x300mm
https://example.org/ontology/instance/Element_786523,자기질타일(T=10),https://example.org/ontology/instance/Material_346765,#자기질타일 300x300mm
https://example.org/ontology/instance/Element_787082,자기질타일(T=10),https://example.org/ontology/instance/Material_346765,#자기질타일 300x300mm
https://example.org/ontology/instance/Element_787657,자기질타일(T=10),https://example.org/ontology/instance/Material_346765,#자기질타일 300x300mm
https://example.org/ontology/instance/Element_788190,자기질타일(T=10),https://example.org/ontology/instance/Material_346765,#자기질타일 300x300mm
https://example.org/ontology/instance/Element_837445,자기질타일(T=10),https://example.org/ontology/instance/Material_346765,#자기질타일 300x300mm
https://example.org/ontology/instance/Element_837986,자기질타일(T=10),https://example.org/ontology/instance/Material_346765,#자기질타일 300x300mm
https://example.org/ontology/instance/Element_838568,자기질타일(T=10),https://example.org/ontology/instance/Material_346765,#자기질타일 300x300mm
https://example.org/ontology/instance/Element_839151,자기질타일(T=10),https://example.org/ontology/instance/Material_346765,#자기질타일 300x300mm
https://example.org/ontology/instance/Element_839682,자기질타일(T=10),https://example.org/ontology/instance/Material_346765,#자기질타일 300x300mm
https://example.org/ontology/instance/Element_840280,자기질타일(T=10),https://example.org/ontology/instance/Material_346765,#자기질타일 300x300mm
https://example.org/ontology/instance/Element_893021,자기질타일(T=10),https://example.org/ontology/instance/Material_346765,#자기질타일 300x300mm
https://example.org/ontology/instance/Element_921788,자기질타일(T=10),https://example.org/ontology/instance/Material_346765,#자기질타일 300x300mm
https://example.org/ontology/instance/Element_922277,자기질타일(T=10),https://example.org/ontology/instance/Material_346765,#자기질타일 300x300mm
https://example.org/ontology/instance/Element_922850,자기질타일(T=10),https://example.org/ontology/instance/Material_346765,#자기질타일 300x300mm
https://example.org/ontology/instance/Element_923817,자기질타일(T=10),https://example.org/ontology/instance/Material_346765,#자기질타일 300x300mm
https://example.org/ontology/instance/Element_1352101,자기질타일(T=10),https://example.org/ontology/instance/Material_346765,#자기질타일 300x300mm
https://example.org/ontology/instance/Element_1018219,철근콘크리트(T=150),https://example.org/ontology/instance/Material_1020342,#철근콘크리트
https://example.org/ontology/instance/Element_1018307,철근콘크리트(T=150),https://example.org/ontology/instance/Material_1020342,#철근콘크리트
https://example.org/ontology/instance/Element_1018352,철근콘크리트(T=150),https://example.org/ontology/instance/Material_1020342,#철근콘크리트
https://example.org/ontology/instance/Element_1018454,철근콘크리트(T=150),https://example.org/ontology/instance/Material_1020342,#철근콘크리트
https://example.org/ontology/instance/Element_1264246,철근콘크리트(T=150),https://example.org/ontology/instance/Material_1020342,#철근콘크리트
https://example.org/ontology/instance/Element_1264330,철근콘크리트(T=150),https://example.org/ontology/instance/Material_1020342,#철근콘크리트
https://example.org/ontology/instance/Element_1281163,철근콘크리트(T=150),https://example.org/ontology/instance/Material_1020342,#철근콘크리트
https://example.org/ontology/instance/Element_1281267,철근콘크리트(T=150),https://example.org/ontology/instance/Material_1020342,#철근콘크리트
https://example.org/ontology/instance/Element_1016947,철근콘크리트(T=500),https://example.org/ontology/instance/Material_1020342,#철근콘크리트
https://example.org/ontology/instance/Element_1019788,철근콘크리트(T=500),https://example.org/ontology/instance/Material_1020342,#철근콘크리트
https://example.org/ontology/instance/Element_1014861,철근콘크리트(T=600),https://example.org/ontology/instance/Material_1020342,#철근콘크리트
https://example.org/ontology/instance/Element_1015054,철근콘크리트(T=600),https://example.org/ontology/instance/Material_1020342,#철근콘크리트
https://example.org/ontology/instance/Element_1015117,철근콘크리트(T=600),https://example.org/ontology/instance/Material_1020342,#철근콘크리트
https://example.org/ontology/instance/Element_1015317,철근콘크리트(T=600),https://example.org/ontology/instance/Material_1020342,#철근콘크리트
https://example.org/ontology/instance/Element_1017272,철근콘크리트(T=600),https://example.org/ontology/instance/Material_1020342,#철근콘크리트
https://example.org/ontology/instance/Element_1017334,철근콘크리트(T=600),https://example.org/ontology/instance/Material_1020342,#철근콘크리트
https://example.org/ontology/instance/Element_1046202,칼라강판,https://example.org/ontology/instance/Material_1030329,#칼라강판
https://example.org/ontology/instance/Element_1050237,칼라강판,https://example.org/ontology/instance/Material_1030329,#칼라강판
https://example.org/ontology/instance/Element_1051587,칼라강판,https://example.org/ontology/instance/Material_1030329,#칼라강판
https://example.org/ontology/instance/Element_1052395,칼라강판,https://example.org/ontology/instance/Material_1030329,#칼라강판
https://example.org/ontology/instance/Element_1052431,칼라강판,https://example.org/ontology/instance/Material_1030329,#칼라강판
https://example.org/ontology/instance/Element_1052469,칼라강판,https://example.org/ontology/instance/Material_1030329,#칼라강판
https://example.org/ontology/instance/Element_1052506,칼라강판,https://example.org/ontology/instance/Material_1030329,#칼라강판
https://example.org/ontology/instance/Element_1052543,칼라강판,https://example.org/ontology/instance/Material_1030329,#칼라강판
https://example.org/ontology/instance/Element_1052580,칼라강판,https://example.org/ontology/instance/Material_1030329,#칼라강판
https://example.org/ontology/instance/Element_1052617,칼라강판,https://example.org/ontology/instance/Material_1030329,#칼라강판
https://example.org/ontology/instance/Element_1052654,칼라강판,https://example.org/ontology/instance/Material_1030329,#칼라강판
https://example.org/ontology/instance/Element_711908,칼라강판(T=15),https://example.org/ontology/instance/Material_1030329,#칼라강판
https://example.org/ontology/instance/Element_712008,칼라강판(T=15),https://example.org/ontology/instance/Material_1030329,#칼라강판
https://example.org/ontology/instance/Element_784267,칼라강판(T=15),https://example.org/ontology/instance/Material_1030329,#칼라강판
https://example.org/ontology/instance/Element_784268,칼라강판(T=15),https://example.org/ontology/instance/Material_1030329,#칼라강판
https://example.org/ontology/instance/Element_786720,칼라강판(T=15),https://example.org/ontology/instance/Material_1030329,#칼라강판
https://example.org/ontology/instance/Element_786721,칼라강판(T=15),https://example.org/ontology/instance/Material_1030329,#칼라강판
https://example.org/ontology/instance/Element_787279,칼라강판(T=15),https://example.org/ontology/instance/Material_1030329,#칼라강판
https://example.org/ontology/instance/Element_787280,칼라강판(T=15),https://example.org/ontology/instance/Material_1030329,#칼라강판
https://example.org/ontology/instance/Element_787854,칼라강판(T=15),https://example.org/ontology/instance/Material_1030329,#칼라강판
https://example.org/ontology/instance/Element_788386,칼라강판(T=15),https://example.org/ontology/instance/Material_1030329,#칼라강판
https://example.org/ontology/instance/Element_788387,칼라강판(T=15),https://example.org/ontology/instance/Material_1030329,#칼라강판
https://example.org/ontology/instance/Element_797329,칼라강판(T=15),https://example.org/ontology/instance/Material_1030329,#칼라강판
https://example.org/ontology/instance/Element_797801,칼라강판(T=15),https://example.org/ontology/instance/Material_1030329,#칼라강판
https://example.org/ontology/instance/Element_797895,칼라강판(T=15),https://example.org/ontology/instance/Material_1030329,#칼라강판
https://example.org/ontology/instance/Element_798318,칼라강판(T=15),https://example.org/ontology/instance/Material_1030329,#칼라강판
https://example.org/ontology/instance/Element_798343,칼라강판(T=15),https://example.org/ontology/instance/Material_1030329,#칼라강판
https://example.org/ontology/instance/Element_798803,칼라강판(T=15),https://example.org/ontology/instance/Material_1030329,#칼라강판
https://example.org/ontology/instance/Element_802478,칼라강판(T=15),https://example.org/ontology/instance/Material_1030329,#칼라강판
https://example.org/ontology/instance/Element_834626,칼라강판(T=15),https://example.org/ontology/instance/Material_1030329,#칼라강판
https://example.org/ontology/instance/Element_834774,칼라강판(T=15),https://example.org/ontology/instance/Material_1030329,#칼라강판
https://example.org/ontology/instance/Element_835843,칼라강판(T=15),https://example.org/ontology/instance/Material_1030329,#칼라강판
https://example.org/ontology/instance/Element_835844,칼라강판(T=15),https://example.org/ontology/instance/Material_1030329,#칼라강판
https://example.org/ontology/instance/Element_836438,칼라강판(T=15),https://example.org/ontology/instance/Material_1030329,#칼라강판
https://example.org/ontology/instance/Element_837051,칼라강판(T=15),https://example.org/ontology/instance/Material_1030329,#칼라강판
https://example.org/ontology/instance/Element_837052,칼라강판(T=15),https://example.org/ontology/instance/Material_1030329,#칼라강판
https://example.org/ontology/instance/Element_837601,칼라강판(T=15),https://example.org/ontology/instance/Material_1030329,#칼라강판
https://example.org/ontology/instance/Element_837602,칼라강판(T=15),https://example.org/ontology/instance/Material_1030329,#칼라강판
https://example.org/ontology/instance/Element_838142,칼라강판(T=15),https://example.org/ontology/instance/Material_1030329,#칼라강판
https://example.org/ontology/instance/Element_838143,칼라강판(T=15),https://example.org/ontology/instance/Material_1030329,#칼라강판
https://example.org/ontology/instance/Element_838724,칼라강판(T=15),https://example.org/ontology/instance/Material_1030329,#칼라강판
https://example.org/ontology/instance/Element_838725,칼라강판(T=15),https://example.org/ontology/instance/Material_1030329,#칼라강판
https://example.org/ontology/instance/Element_839307,칼라강판(T=15),https://example.org/ontology/instance/Material_1030329,#칼라강판
https://example.org/ontology/instance/Element_839308,칼라강판(T=15),https://example.org/ontology/instance/Material_1030329,#칼라강판
https://example.org/ontology/instance/Element_839838,칼라강판(T=15),https://example.org/ontology/instance/Material_1030329,#칼라강판
https://example.org/ontology/instance/Element_839839,칼라강판(T=15),https://example.org/ontology/instance/Material_1030329,#칼라강판
https://example.org/ontology/instance/Element_840437,칼라강판(T=15),https://example.org/ontology/instance/Material_1030329,#칼라강판
https://example.org/ontology/instance/Element_843809,칼라강판(T=15),https://example.org/ontology/instance/Material_1030329,#칼라강판
https://example.org/ontology/instance/Element_847342,칼라강판(T=15),https://example.org/ontology/instance/Material_1030329,#칼라강판
https://example.org/ontology/instance/Element_847343,칼라강판(T=15),https://example.org/ontology/instance/Material_1030329,#칼라강판
https://example.org/ontology/instance/Element_929352,칼라강판(T=15),https://example.org/ontology/instance/Material_1030329,#칼라강판
https://example.org/ontology/instance/Element_930874,칼라강판(T=15),https://example.org/ontology/instance/Material_1030329,#칼라강판
https://example.org/ontology/instance/Element_930972,칼라강판(T=15),https://example.org/ontology/instance/Material_1030329,#칼라강판
https://example.org/ontology/instance/Element_931034,칼라강판(T=15),https://example.org/ontology/instance/Material_1030329,#칼라강판
https://example.org/ontology/instance/Element_931109,칼라강판(T=15),https://example.org/ontology/instance/Material_1030329,#칼라강판
https://example.org/ontology/instance/Element_931238,칼라강판(T=15),https://example.org/ontology/instance/Material_1030329,#칼라강판
https://example.org/ontology/instance/Element_931299,칼라강판(T=15),https://example.org/ontology/instance/Material_1030329,#칼라강판
https://example.org/ontology/instance/Element_931384,칼라강판(T=15),https://example.org/ontology/instance/Material_1030329,#칼라강판
https://example.org/ontology/instance/Element_931463,칼라강판(T=15),https://example.org/ontology/instance/Material_1030329,#칼라강판
https://example.org/ontology/instance/Element_931537,칼라강판(T=15),https://example.org/ontology/instance/Material_1030329,#칼라강판
https://example.org/ontology/instance/Element_931816,칼라강판(T=15),https://example.org/ontology/instance/Material_1030329,#칼라강판
https://example.org/ontology/instance/Element_931906,칼라강판(T=15),https://example.org/ontology/instance/Material_1030329,#칼라강판
https://example.org/ontology/instance/Element_931964,칼라강판(T=15),https://example.org/ontology/instance/Material_1030329,#칼라강판
https://example.org/ontology/instance/Element_932048,칼라강판(T=15),https://example.org/ontology/instance/Material_1030329,#칼라강판
https://example.org/ontology/instance/Element_932118,칼라강판(T=15),https://example.org/ontology/instance/Material_1030329,#칼라강판
https://example.org/ontology/instance/Element_932210,칼라강판(T=15),https://example.org/ontology/instance/Material_1030329,#칼라강판
https://example.org/ontology/instance/Element_932275,칼라강판(T=15),https://example.org/ontology/instance/Material_1030329,#칼라강판
https://example.org/ontology/instance/Element_932360,칼라강판(T=15),https://example.org/ontology/instance/Material_1030329,#칼라강판
https://example.org/ontology/instance/Element_932438,칼라강판(T=15),https://example.org/ontology/instance/Material_1030329,#칼라강판
https://example.org/ontology/instance/Element_936851,칼라강판(T=15),https://example.org/ontology/instance/Material_1030329,#칼라강판
https://example.org/ontology/instance/Element_936879,칼라강판(T=15),https://example.org/ontology/instance/Material_1030329,#칼라강판
https://example.org/ontology/instance/Element_1247849,칼라강판(T=15),https://example.org/ontology/instance/Material_1030329,#칼라강판
https://example.org/ontology/instance/Element_1248215,칼라강판(T=15),https://example.org/ontology/instance/Material_1030329,#칼라강판
https://example.org/ontology/instance/Element_1347875,칼라강판(T=15),https://example.org/ontology/instance/Material_1030329,#칼라강판
https://example.org/ontology/instance/Element_1872125,칼라강판(T=15),https://example.org/ontology/instance/Material_1030329,#칼라강판
https://example.org/ontology/instance/Element_787852,칼라강판(T=20),https://example.org/ontology/instance/Material_1030329,#칼라강판
https://example.org/ontology/instance/Element_787853,칼라강판(T=20),https://example.org/ontology/instance/Material_1030329,#칼라강판
https://example.org/ontology/instance/Element_798953,칼라강판(T=20),https://example.org/ontology/instance/Material_1030329,#칼라강판
https://example.org/ontology/instance/Element_798988,칼라강판(T=20),https://example.org/ontology/instance/Material_1030329,#칼라강판
https://example.org/ontology/instance/Element_799142,칼라강판(T=20),https://example.org/ontology/instance/Material_1030329,#칼라강판
https://example.org/ontology/instance/Element_799167,칼라강판(T=20),https://example.org/ontology/instance/Material_1030329,#칼라강판
https://example.org/ontology/instance/Element_799193,칼라강판(T=20),https://example.org/ontology/instance/Material_1030329,#칼라강판
https://example.org/ontology/instance/Element_799218,칼라강판(T=20),https://example.org/ontology/instance/Material_1030329,#칼라강판
https://example.org/ontology/instance/Element_802569,칼라강판(T=20),https://example.org/ontology/instance/Material_1030329,#칼라강판
https://example.org/ontology/instance/Element_802608,칼라강판(T=20),https://example.org/ontology/instance/Material_1030329,#칼라강판
https://example.org/ontology/instance/Element_802632,칼라강판(T=20),https://example.org/ontology/instance/Material_1030329,#칼라강판
https://example.org/ontology/instance/Element_802653,칼라강판(T=20),https://example.org/ontology/instance/Material_1030329,#칼라강판
https://example.org/ontology/instance/Element_802748,칼라강판(T=20),https://example.org/ontology/instance/Material_1030329,#칼라강판
https://example.org/ontology/instance/Element_802768,칼라강판(T=20),https://example.org/ontology/instance/Material_1030329,#칼라강판
https://example.org/ontology/instance/Element_802790,칼라강판(T=20),https://example.org/ontology/instance/Material_1030329,#칼라강판
https://example.org/ontology/instance/Element_802808,칼라강판(T=20),https://example.org/ontology/instance/Material_1030329,#칼라강판
https://example.org/ontology/instance/Element_834624,칼라강판(T=20),https://example.org/ontology/instance/Material_1030329,#칼라강판
https://example.org/ontology/instance/Element_834625,칼라강판(T=20),https://example.org/ontology/instance/Material_1030329,#칼라강판
https://example.org/ontology/instance/Element_834775,칼라강판(T=20),https://example.org/ontology/instance/Material_1030329,#칼라강판
https://example.org/ontology/instance/Element_834776,칼라강판(T=20),https://example.org/ontology/instance/Material_1030329,#칼라강판
https://example.org/ontology/instance/Element_834778,칼라강판(T=20),https://example.org/ontology/instance/Material_1030329,#칼라강판
https://example.org/ontology/instance/Element_834779,칼라강판(T=20),https://example.org/ontology/instance/Material_1030329,#칼라강판
https://example.org/ontology/instance/Element_834780,칼라강판(T=20),https://example.org/ontology/instance/Material_1030329,#칼라강판
https://example.org/ontology/instance/Element_834781,칼라강판(T=20),https://example.org/ontology/instance/Material_1030329,#칼라강판
https://example.org/ontology/instance/Element_841057,칼라강판(T=20),https://example.org/ontology/instance/Material_1030329,#칼라강판
https://example.org/ontology/instance/Element_841099,칼라강판(T=20),https://example.org/ontology/instance/Material_1030329,#칼라강판
https://example.org/ontology/instance/Element_841123,칼라강판(T=20),https://example.org/ontology/instance/Material_1030329,#칼라강판
https://example.org/ontology/instance/Element_841145,칼라강판(T=20),https://example.org/ontology/instance/Material_1030329,#칼라강판
https://example.org/ontology/instance/Element_841515,칼라강판(T=20),https://example.org/ontology/instance/Material_1030329,#칼라강판
https://example.org/ontology/instance/Element_841602,칼라강판(T=20),https://example.org/ontology/instance/Material_1030329,#칼라강판
https://example.org/ontology/instance/Element_841662,칼라강판(T=20),https://example.org/ontology/instance/Material_1030329,#칼라강판
https://example.org/ontology/instance/Element_841691,칼라강판(T=20),https://example.org/ontology/instance/Material_1030329,#칼라강판
https://example.org/ontology/instance/Element_928768,칼라강판(T=20),https://example.org/ontology/instance/Material_1030329,#칼라강판
https://example.org/ontology/instance/Element_928769,칼라강판(T=20),https://example.org/ontology/instance/Material_1030329,#칼라강판
https://example.org/ontology/instance/Element_929035,칼라강판(T=20),https://example.org/ontology/instance/Material_1030329,#칼라강판
https://example.org/ontology/instance/Element_929036,칼라강판(T=20),https://example.org/ontology/instance/Material_1030329,#칼라강판
https://example.org/ontology/instance/Element_929198,칼라강판(T=20),https://example.org/ontology/instance/Material_1030329,#칼라강판
https://example.org/ontology/instance/Element_929199,칼라강판(T=20),https://example.org/ontology/instance/Material_1030329,#칼라강판
https://example.org/ontology/instance/Element_929200,칼라강판(T=20),https://example.org/ontology/instance/Material_1030329,#칼라강판
https://example.org/ontology/instance/Element_929201,칼라강판(T=20),https://example.org/ontology/instance/Material_1030329,#칼라강판
https://example.org/ontology/instance/Element_929349,칼라강판(T=20),https://example.org/ontology/instance/Material_1030329,#칼라강판
https://example.org/ontology/instance/Element_929350,칼라강판(T=20),https://example.org/ontology/instance/Material_1030329,#칼라강판
https://example.org/ontology/instance/Element_929353,칼라강판(T=20),https://example.org/ontology/instance/Material_1030329,#칼라강판
https://example.org/ontology/instance/Element_929354,칼라강판(T=20),https://example.org/ontology/instance/Material_1030329,#칼라강판
https://example.org/ontology/instance/Element_930547,칼라강판(T=20),https://example.org/ontology/instance/Material_1030329,#칼라강판
https://example.org/ontology/instance/Element_930679,칼라강판(T=20),https://example.org/ontology/instance/Material_1030329,#칼라강판
https://example.org/ontology/instance/Element_930740,칼라강판(T=20),https://example.org/ontology/instance/Material_1030329,#칼라강판
https://example.org/ontology/instance/Element_930786,칼라강판(T=20),https://example.org/ontology/instance/Material_1030329,#칼라강판
https://example.org/ontology/instance/Element_966880,칼라강판(T=20),https://example.org/ontology/instance/Material_1030329,#칼라강판
https://example.org/ontology/instance/Element_1002708,칼라강판(T=20),https://example.org/ontology/instance/Material_1030329,#칼라강판
https://example.org/ontology/instance/Element_1004702,칼라강판(T=20),https://example.org/ontology/instance/Material_1030329,#칼라강판
https://example.org/ontology/instance/Element_1007414,칼라강판(T=20),https://example.org/ontology/instance/Material_1030329,#칼라강판
https://example.org/ontology/instance/Element_1008578,칼라강판(T=20),https://example.org/ontology/instance/Material_1030329,#칼라강판
https://example.org/ontology/instance/Element_1042209,칼라강판(T=20),https://example.org/ontology/instance/Material_1030329,#칼라강판
https://example.org/ontology/instance/Element_1056516,칼라강판(T=20),https://example.org/ontology/instance/Material_1030329,#칼라강판
https://example.org/ontology/instance/Element_1057298,칼라강판(T=20),https://example.org/ontology/instance/Material_1030329,#칼라강판
https://example.org/ontology/instance/Element_1057413,칼라강판(T=20),https://example.org/ontology/instance/Material_1030329,#칼라강판
https://example.org/ontology/instance/Element_1057416,칼라강판(T=20),https://example.org/ontology/instance/Material_1030329,#칼라강판
https://example.org/ontology/instance/Element_1057661,칼라강판(T=20),https://example.org/ontology/instance/Material_1030329,#칼라강판
https://example.org/ontology/instance/Element_1057942,칼라강판(T=20),https://example.org/ontology/instance/Material_1030329,#칼라강판
https://example.org/ontology/instance/Element_1259211,칼라강판(T=20),https://example.org/ontology/instance/Material_1030329,#칼라강판
https://example.org/ontology/instance/Element_1358968,칼라강판(T=20),https://example.org/ontology/instance/Material_1030329,#칼라강판
https://example.org/ontology/instance/Element_1045515,칼라강판(T=20),https://example.org/ontology/instance/Material_1030329,#칼라강판
https://example.org/ontology/instance/Element_1053347,칼라강판(T=20),https://example.org/ontology/instance/Material_1030329,#칼라강판
https://example.org/ontology/instance/Element_1053982,칼라강판(T=20),https://example.org/ontology/instance/Material_1030329,#칼라강판
https://example.org/ontology/instance/Element_1055933,칼라강판(T=20),https://example.org/ontology/instance/Material_1030329,#칼라강판
https://example.org/ontology/instance/Element_1057352,칼라강판(T=20),https://example.org/ontology/instance/Material_1030329,#칼라강판
https://example.org/ontology/instance/Element_1057360,칼라강판(T=20),https://example.org/ontology/instance/Material_1030329,#칼라강판
https://example.org/ontology/instance/Element_1159393,칼라강판(계단실 천장 상부),https://example.org/ontology/instance/Material_1030329,#칼라강판
https://example.org/ontology/instance/Element_1072674,칼라강판(기계실 캐노피),https://example.org/ontology/instance/Material_1030329,#칼라강판
https://example.org/ontology/instance/Element_1072830,칼라강판(기계실 캐노피),https://example.org/ontology/instance/Material_1030329,#칼라강판
https://example.org/ontology/instance/Element_1072925,칼라강판(기계실 캐노피),https://example.org/ontology/instance/Material_1030329,#칼라강판
https://example.org/ontology/instance/Element_1072525,칼라강판(기계실 캐노피),https://example.org/ontology/instance/Material_1030329,#칼라강판
https://example.org/ontology/instance/Element_1075000,칼라강판(현관 캐노피),https://example.org/ontology/instance/Material_1030329,#칼라강판
https://example.org/ontology/instance/Element_1075017,칼라강판(현관 캐노피),https://example.org/ontology/instance/Material_1030329,#칼라강판
https://example.org/ontology/instance/Element_1075097,칼라강판(현관 캐노피),https://example.org/ontology/instance/Material_1030329,#칼라강판
https://example.org/ontology/instance/Element_1282780,칼라강판(현관 캐노피),https://example.org/ontology/instance/Material_1030329,#칼라강판
https://example.org/ontology/instance/Element_1282825,칼라강판(현관 캐노피),https://example.org/ontology/instance/Material_1030329,#칼라강판
https://example.org/ontology/instance/Element_1665215,칼라강판(현관 캐노피),https://example.org/ontology/instance/Material_1030329,#칼라강판
https://example.org/ontology/instance/Element_1668069,칼라강판(현관),https://example.org/ontology/instance/Material_1030329,#칼라강판
https://example.org/ontology/instance/Element_625628,콘크리트(T=180),https://example.org/ontology/instance/Material_346742,#콘크리트
https://example.org/ontology/instance/Element_625953,콘크리트(T=180),https://example.org/ontology/instance/Material_346742,#콘크리트
https://example.org/ontology/instance/Element_783940,콘크리트(T=180),https://example.org/ontology/instance/Material_346742,#콘크리트
https://example.org/ontology/instance/Element_783955,콘크리트(T=180),https://example.org/ontology/instance/Material_346742,#콘크리트
https://example.org/ontology/instance/Element_786393,콘크리트(T=180),https://example.org/ontology/instance/Material_346742,#콘크리트
https://example.org/ontology/instance/Element_786408,콘크리트(T=180),https://example.org/ontology/instance/Material_346742,#콘크리트
https://example.org/ontology/instance/Element_786952,콘크리트(T=180),https://example.org/ontology/instance/Material_346742,#콘크리트
https://example.org/ontology/instance/Element_786967,콘크리트(T=180),https://example.org/ontology/instance/Material_346742,#콘크리트
https://example.org/ontology/instance/Element_787527,콘크리트(T=180),https://example.org/ontology/instance/Material_346742,#콘크리트
https://example.org/ontology/instance/Element_787542,콘크리트(T=180),https://example.org/ontology/instance/Material_346742,#콘크리트
https://example.org/ontology/instance/Element_788060,콘크리트(T=180),https://example.org/ontology/instance/Material_346742,#콘크리트
https://example.org/ontology/instance/Element_788075,콘크리트(T=180),https://example.org/ontology/instance/Material_346742,#콘크리트
https://example.org/ontology/instance/Element_788884,콘크리트(T=180),https://example.org/ontology/instance/Material_346742,#콘크리트
https://example.org/ontology/instance/Element_788920,콘크리트(T=180),https://example.org/ontology/instance/Material_346742,#콘크리트
https://example.org/ontology/instance/Element_791191,콘크리트(T=180),https://example.org/ontology/instance/Material_346742,#콘크리트
https://example.org/ontology/instance/Element_791206,콘크리트(T=180),https://example.org/ontology/instance/Material_346742,#콘크리트
https://example.org/ontology/instance/Element_792027,콘크리트(T=180),https://example.org/ontology/instance/Material_346742,#콘크리트
https://example.org/ontology/instance/Element_792042,콘크리트(T=180),https://example.org/ontology/instance/Material_346742,#콘크리트
https://example.org/ontology/instance/Element_793599,콘크리트(T=180),https://example.org/ontology/instance/Material_346742,#콘크리트
https://example.org/ontology/instance/Element_793614,콘크리트(T=180),https://example.org/ontology/instance/Material_346742,#콘크리트
https://example.org/ontology/instance/Element_812885,콘크리트(T=180),https://example.org/ontology/instance/Material_346742,#콘크리트
https://example.org/ontology/instance/Element_834339,콘크리트(T=180),https://example.org/ontology/instance/Material_346742,#콘크리트
https://example.org/ontology/instance/Element_834354,콘크리트(T=180),https://example.org/ontology/instance/Material_346742,#콘크리트
https://example.org/ontology/instance/Element_835557,콘크리트(T=180),https://example.org/ontology/instance/Material_346742,#콘크리트
https://example.org/ontology/instance/Element_835572,콘크리트(T=180),https://example.org/ontology/instance/Material_346742,#콘크리트
https://example.org/ontology/instance/Element_836151,콘크리트(T=180),https://example.org/ontology/instance/Material_346742,#콘크리트
https://example.org/ontology/instance/Element_836166,콘크리트(T=180),https://example.org/ontology/instance/Material_346742,#콘크리트
https://example.org/ontology/instance/Element_836765,콘크리트(T=180),https://example.org/ontology/instance/Material_346742,#콘크리트
https://example.org/ontology/instance/Element_836780,콘크리트(T=180),https://example.org/ontology/instance/Material_346742,#콘크리트
https://example.org/ontology/instance/Element_837315,콘크리트(T=180),https://example.org/ontology/instance/Material_346742,#콘크리트
https://example.org/ontology/instance/Element_837330,콘크리트(T=180),https://example.org/ontology/instance/Material_346742,#콘크리트
https://example.org/ontology/instance/Element_837856,콘크리트(T=180),https://example.org/ontology/instance/Material_346742,#콘크리트
https://example.org/ontology/instance/Element_837871,콘크리트(T=180),https://example.org/ontology/instance/Material_346742,#콘크리트
https://example.org/ontology/instance/Element_838438,콘크리트(T=180),https://example.org/ontology/instance/Material_346742,#콘크리트
https://example.org/ontology/instance/Element_838453,콘크리트(T=180),https://example.org/ontology/instance/Material_346742,#콘크리트
https://example.org/ontology/instance/Element_839021,콘크리트(T=180),https://example.org/ontology/instance/Material_346742,#콘크리트
https://example.org/ontology/instance/Element_839036,콘크리트(T=180),https://example.org/ontology/instance/Material_346742,#콘크리트
https://example.org/ontology/instance/Element_839552,콘크리트(T=180),https://example.org/ontology/instance/Material_346742,#콘크리트
https://example.org/ontology/instance/Element_839567,콘크리트(T=180),https://example.org/ontology/instance/Material_346742,#콘크리트
https://example.org/ontology/instance/Element_840150,콘크리트(T=180),https://example.org/ontology/instance/Material_346742,#콘크리트
https://example.org/ontology/instance/Element_840165,콘크리트(T=180),https://example.org/ontology/instance/Material_346742,#콘크리트
https://example.org/ontology/instance/Element_847282,콘크리트(T=180),https://example.org/ontology/instance/Material_346742,#콘크리트
https://example.org/ontology/instance/Element_847353,콘크리트(T=180),https://example.org/ontology/instance/Material_346742,#콘크리트
https://example.org/ontology/instance/Element_940746,테라조타일(T=25),https://example.org/ontology/instance/Material_345409,#테라조타일 300x300mm
https://example.org/ontology/instance/Element_942081,테라조타일(T=25),https://example.org/ontology/instance/Material_345409,#테라조타일 300x300mm
https://example.org/ontology/instance/Element_947589,테라조타일(T=25),https://example.org/ontology/instance/Material_345409,#테라조타일 300x300mm
https://example.org/ontology/instance/Element_949996,테라조타일(T=25),https://example.org/ontology/instance/Material_345409,#테라조타일 300x300mm
https://example.org/ontology/instance/Element_962085,테라조타일(T=25),https://example.org/ontology/instance/Material_345409,#테라조타일 300x300mm
https://example.org/ontology/instance/Element_1641588,테라조타일(T=25),https://example.org/ontology/instance/Material_345409,#테라조타일 300x300mm
https://example.org/ontology/instance/Element_628581,포세린타일(T=10),https://example.org/ontology/instance/Material_346768,#포세린타일 300x300mm
https://example.org/ontology/instance/Element_784037,포세린타일(T=10),https://example.org/ontology/instance/Material_346768,#포세린타일 300x300mm
https://example.org/ontology/instance/Element_786490,포세린타일(T=10),https://example.org/ontology/instance/Material_346768,#포세린타일 300x300mm
https://example.org/ontology/instance/Element_787049,포세린타일(T=10),https://example.org/ontology/instance/Material_346768,#포세린타일 300x300mm
https://example.org/ontology/instance/Element_787624,포세린타일(T=10),https://example.org/ontology/instance/Material_346768,#포세린타일 300x300mm
https://example.org/ontology/instance/Element_788157,포세린타일(T=10),https://example.org/ontology/instance/Material_346768,#포세린타일 300x300mm
https://example.org/ontology/instance/Element_834436,포세린타일(T=10),https://example.org/ontology/instance/Material_346768,#포세린타일 300x300mm
https://example.org/ontology/instance/Element_835654,포세린타일(T=10),https://example.org/ontology/instance/Material_346768,#포세린타일 300x300mm
https://example.org/ontology/instance/Element_836248,포세린타일(T=10),https://example.org/ontology/instance/Material_346768,#포세린타일 300x300mm
https://example.org/ontology/instance/Element_836862,포세린타일(T=10),https://example.org/ontology/instance/Material_346768,#포세린타일 300x300mm
https://example.org/ontology/instance/Element_837412,포세린타일(T=10),https://example.org/ontology/instance/Material_346768,#포세린타일 300x300mm
https://example.org/ontology/instance/Element_837953,포세린타일(T=10),https://example.org/ontology/instance/Material_346768,#포세린타일 300x300mm
https://example.org/ontology/instance/Element_838535,포세린타일(T=10),https://example.org/ontology/instance/Material_346768,#포세린타일 300x300mm
https://example.org/ontology/instance/Element_839118,포세린타일(T=10),https://example.org/ontology/instance/Material_346768,#포세린타일 300x300mm
https://example.org/ontology/instance/Element_839649,포세린타일(T=10),https://example.org/ontology/instance/Material_346768,#포세린타일 300x300mm
https://example.org/ontology/instance/Element_840247,포세린타일(T=10),https://example.org/ontology/instance/Material_346768,#포세린타일 300x300mm
https://example.org/ontology/instance/Element_942811,포세린타일(T=10),https://example.org/ontology/instance/Material_346768,#포세린타일 300x300mm
https://example.org/ontology/instance/Element_894192,포세린타일(논슬립)(T=10),https://example.org/ontology/instance/Material_894614,#포세린타일(논슬립) 300x300mm
https://example.org/ontology/instance/Element_894220,포세린타일(논슬립)(T=10),https://example.org/ontology/instance/Material_894614,#포세린타일(논슬립) 300x300mm
https://example.org/ontology/instance/Element_1428338,함석판(T=0.3),https://example.org/ontology/instance/Material_1428185,#함석판
https://example.org/ontology/instance/Element_1428850,함석판(T=0.3),https://example.org/ontology/instance/Material_1428185,#함석판
https://example.org/ontology/instance/Element_1429067,함석판(T=0.3),https://example.org/ontology/instance/Material_1428185,#함석판
https://example.org/ontology/instance/Element_1430134,함석판(T=0.3),https://example.org/ontology/instance/Material_1428185,#함석판
https://example.org/ontology/instance/Element_1430207,함석판(T=0.3),https://example.org/ontology/instance/Material_1428185,#함석판
https://example.org/ontology/instance/Element_1430261,함석판(T=0.3),https://example.org/ontology/instance/Material_1428185,#함석판
https://example.org/ontology/instance/Element_1430307,함석판(T=0.3),https://example.org/ontology/instance/Material_1428185,#함석판
https://example.org/ontology/instance/Element_1430357,함석판(T=0.3),https://example.org/ontology/instance/Material_1428185,#함석판
https://example.org/ontology/instance/Element_1430447,함석판(T=0.3),https://example.org/ontology/instance/Material_1428185,#함석판
https://example.org/ontology/instance/Element_1430501,함석판(T=0.3),https://example.org/ontology/instance/Material_1428185,#함석판
https://example.org/ontology/instance/Element_1430574,함석판(T=0.3),https://example.org/ontology/instance/Material_1428185,#함석판
https://example.org/ontology/instance/Element_1430628,함석판(T=0.3),https://example.org/ontology/instance/Material_1428185,#함석판
https://example.org/ontology/instance/Element_1431250,함석판(T=0.3),https://example.org/ontology/instance/Material_1428185,#함석판
https://example.org/ontology/instance/Element_1431673,함석판(T=0.3),https://example.org/ontology/instance/Material_1428185,#함석판
https://example.org/ontology/instance/Element_1431710,함석판(T=0.3),https://example.org/ontology/instance/Material_1428185,#함석판
https://example.org/ontology/instance/Element_1431745,함석판(T=0.3),https://example.org/ontology/instance/Material_1428185,#함석판
https://example.org/ontology/instance/Element_1431797,함석판(T=0.3),https://example.org/ontology/instance/Material_1428185,#함석판
https://example.org/ontology/instance/Element_1431834,함석판(T=0.3),https://example.org/ontology/instance/Material_1428185,#함석판
https://example.org/ontology/instance/Element_1431871,함석판(T=0.3),https://example.org/ontology/instance/Material_1428185,#함석판
https://example.org/ontology/instance/Element_1431908,함석판(T=0.3),https://example.org/ontology/instance/Material_1428185,#함석판
https://example.org/ontology/instance/Element_1431945,함석판(T=0.3),https://example.org/ontology/instance/Material_1428185,#함석판
https://example.org/ontology/instance/Element_1432109,함석판(T=0.3),https://example.org/ontology/instance/Material_1428185,#함석판
https://example.org/ontology/instance/Element_1432197,함석판(T=0.3),https://example.org/ontology/instance/Material_1428185,#함석판
https://example.org/ontology/instance/Element_1264856,화강석(버너구이)(T=15),https://example.org/ontology/instance/Material_1264507,#화강석(버너구이)
https://example.org/ontology/instance/Element_1264938,화강석(버너구이)(T=15),https://example.org/ontology/instance/Material_1264507,#화강석(버너구이)
https://example.org/ontology/instance/Element_1265030,화강석(버너구이)(T=15),https://example.org/ontology/instance/Material_1264507,#화강석(버너구이)
https://example.org/ontology/instance/Element_1282140,화강석(버너구이)(T=15),https://example.org/ontology/instance/Material_1264507,#화강석(버너구이)
https://example.org/ontology/instance/Element_1282207,화강석(버너구이)(T=15),https://example.org/ontology/instance/Material_1264507,#화강석(버너구이)
https://example.org/ontology/instance/Element_1282046,화강석(버너구이)(T=25),https://example.org/ontology/instance/Material_1264507,#화강석(버너구이)
https://example.org/ontology/instance/Element_1264486,화강석(버너구이)(T=30),https://example.org/ontology/instance/Material_1264507,#화강석(버너구이)
