worksetName,categoryName,object,objectName,elementId
1-02-A,Doors,https://example.org/ontology/instance/Element_786541,PD1,786541
1-02-A,Doors,https://example.org/ontology/instance/Element_786539,SD1,786539
1-02-A,Doors,https://example.org/ontology/instance/Element_786542,SD2,786542
1-02-A,Doors,https://example.org/ontology/instance/Element_786543,SD3,786543
1-02-A,Doors,https://example.org/ontology/instance/Element_824984,SD4,824984
1-02-A,Doors,https://example.org/ontology/instance/Element_786540,SD5,786540
1-02-A,Floors,https://example.org/ontology/instance/Element_786466,강마루(T=7.5),786466
1-02-A,Floors,https://example.org/ontology/instance/Element_786436,경량기포콘크리트(T=40),786436
1-02-A,Floors,https://example.org/ontology/instance/Element_786703,경질우레탄보드(T=30),786703
1-02-A,Floors,https://example.org/ontology/instance/Element_786421,경질우레탄보드(T=50),786421
1-02-A,Floors,https://example.org/ontology/instance/Element_1370052,경질우레탄보드(T=70),1370052
1-02-A,Floors,https://example.org/ontology/instance/Element_1629392,경질우레탄보드(T=70),1629392
1-02-A,Floors,https://example.org/ontology/instance/Element_786532,구배몰탈(T=70),786532
1-02-A,Floors,https://example.org/ontology/instance/Element_786499,도막방수(T=3),786499
1-02-A,Floors,https://example.org/ontology/instance/Element_786451,시멘트몰탈(T=42.5),786451
1-02-A,Floors,https://example.org/ontology/instance/Element_786514,시멘트몰탈(T=67),786514
1-02-A,Floors,https://example.org/ontology/instance/Element_786481,시멘트몰탈(T=70),786481
1-02-A,Floors,https://example.org/ontology/instance/Element_786523,자기질타일(T=10),786523
1-02-A,Floors,https://example.org/ontology/instance/Element_786393,콘크리트(T=180),786393
1-02-A,Floors,https://example.org/ontology/instance/Element_786408,콘크리트(T=180),786408
1-02-A,Floors,https://example.org/ontology/instance/Element_786490,포세린타일(T=10),786490
1-02-A,Rooms,https://example.org/ontology/instance/Space_770980,Room 17,770980
1-02-A,Rooms,https://example.org/ontology/instance/Space_770982,Room 18,770982
1-02-A,Rooms,https://example.org/ontology/instance/Space_770984,Room 19,770984
1-02-A,Rooms,https://example.org/ontology/instance/Space_770986,Room 20,770986
1-02-A,Rooms,https://example.org/ontology/instance/Space_770988,Room 21,770988
1-02-A,Rooms,https://example.org/ontology/instance/Space_771014,Room 22,771014
1-02-A,Rooms,https://example.org/ontology/instance/Space_771016,Room 23,771016
1-02-A,Rooms,https://example.org/ontology/instance/Space_771018,Room 24,771018
1-02-A,Rooms,https://example.org/ontology/instance/Space_771020,Room 25,771020
1-02-A,Rooms,https://example.org/ontology/instance/Space_771022,Room 26,771022
1-02-A,Rooms,https://example.org/ontology/instance/Space_873192,Room 54,873192
1-02-A,Rooms,https://example.org/ontology/instance/Space_873210,Room 63,873210
1-02-A,Rooms,https://example.org/ontology/instance/Space_873212,Room 64,873212
1-02-A,Rooms,https://example.org/ontology/instance/Space_873214,Room 65,873214
1-02-A,Rooms,https://example.org/ontology/instance/Space_873218,Room 67,873218
1-02-A,Rooms,https://example.org/ontology/instance/Space_873236,Room 76,873236
1-02-A,Walls,https://example.org/ontology/instance/Element_786375,D1-METAL C-STUD,786375
1-02-A,Walls,https://example.org/ontology/instance/Element_786376,D1-METAL C-STUD,786376
1-02-A,Walls,https://example.org/ontology/instance/Element_786377,D1-METAL C-STUD,786377
1-02-A,Walls,https://example.org/ontology/instance/Element_786381,D1-METAL C-STUD,786381
1-02-A,Walls,https://example.org/ontology/instance/Element_786382,D1-METAL C-STUD,786382
1-02-A,Walls,https://example.org/ontology/instance/Element_786385,D1-METAL C-STUD,786385
1-02-A,Walls,https://example.org/ontology/instance/Element_786389,D1-METAL C-STUD,786389
1-02-A,Walls,https://example.org/ontology/instance/Element_786390,D1-METAL C-STUD,786390
1-02-A,Walls,https://example.org/ontology/instance/Element_805824,D1-METAL C-STUD,805824
1-02-A,Walls,https://example.org/ontology/instance/Element_1734159,D1-METAL C-STUD,1734159
1-02-A,Walls,https://example.org/ontology/instance/Element_2074246,D1-일반석고보드,2074246
1-02-A,Walls,https://example.org/ontology/instance/Element_2074247,D1-일반석고보드,2074247
1-02-A,Walls,https://example.org/ontology/instance/Element_2074272,D1-일반석고보드,2074272
1-02-A,Walls,https://example.org/ontology/instance/Element_2074273,D1-일반석고보드,2074273
1-02-A,Walls,https://example.org/ontology/instance/Element_2074274,D1-일반석고보드,2074274
1-02-A,Walls,https://example.org/ontology/instance/Element_2074275,D1-일반석고보드,2074275
1-02-A,Walls,https://example.org/ontology/instance/Element_2074373,D1-일반석고보드,2074373
1-02-A,Walls,https://example.org/ontology/instance/Element_2074374,D1-일반석고보드,2074374
1-02-A,Walls,https://example.org/ontology/instance/Element_2074375,D1-일반석고보드,2074375
1-02-A,Walls,https://example.org/ontology/instance/Element_2074376,D1-일반석고보드,2074376
1-02-A,Walls,https://example.org/ontology/instance/Element_2074416,D1-일반석고보드,2074416
1-02-A,Walls,https://example.org/ontology/instance/Element_2074417,D1-일반석고보드,2074417
1-02-A,Walls,https://example.org/ontology/instance/Element_2074439,D1-일반석고보드,2074439
1-02-A,Walls,https://example.org/ontology/instance/Element_2074440,D1-일반석고보드,2074440
1-02-A,Walls,https://example.org/ontology/instance/Element_2074441,D1-일반석고보드,2074441
1-02-A,Walls,https://example.org/ontology/instance/Element_2074442,D1-일반석고보드,2074442
1-02-A,Walls,https://example.org/ontology/instance/Element_2074667,D1-일반석고보드,2074667
1-02-A,Walls,https://example.org/ontology/instance/Element_2074668,D1-일반석고보드,2074668
1-02-A,Walls,https://example.org/ontology/instance/Element_2074685,D1-일반석고보드,2074685
1-02-A,Walls,https://example.org/ontology/instance/Element_2074686,D1-일반석고보드,2074686
1-02-A,Walls,https://example.org/ontology/instance/Element_786380,D3-METAL C-STUD,786380
1-02-A,Walls,https://example.org/ontology/instance/Element_2074347,D3-일반석고보드,2074347
1-02-A,Walls,https://example.org/ontology/instance/Element_2074348,D3-일반석고보드,2074348
1-02-A,Walls,https://example.org/ontology/instance/Element_2074351,D3-일반석고보드,2074351
1-02-A,Walls,https://example.org/ontology/instance/Element_2074352,D3-일반석고보드,2074352
1-02-A,Walls,https://example.org/ontology/instance/Element_786386,D4-그라스울보온재24k,786386
1-02-A,Walls,https://example.org/ontology/instance/Element_786387,D4-그라스울보온재24k,786387
1-02-A,Walls,https://example.org/ontology/instance/Element_1734362,D4-그라스울보온재24k,1734362
1-02-A,Walls,https://example.org/ontology/instance/Element_2074418,D4-일반석고보드,2074418
1-02-A,Walls,https://example.org/ontology/instance/Element_2074419,D4-일반석고보드,2074419
1-02-A,Walls,https://example.org/ontology/instance/Element_2074420,D4-일반석고보드,2074420
1-02-A,Walls,https://example.org/ontology/instance/Element_2074421,D4-일반석고보드,2074421
1-02-A,Walls,https://example.org/ontology/instance/Element_2074422,D4-일반석고보드,2074422
1-02-A,Walls,https://example.org/ontology/instance/Element_2074423,D4-일반석고보드,2074423
1-02-A,Walls,https://example.org/ontology/instance/Element_2074424,D4-일반석고보드,2074424
1-02-A,Walls,https://example.org/ontology/instance/Element_2074425,D4-일반석고보드,2074425
1-02-A,Walls,https://example.org/ontology/instance/Element_2074688,D4-일반석고보드,2074688
1-02-A,Walls,https://example.org/ontology/instance/Element_2074689,D4-일반석고보드,2074689
1-02-A,Walls,https://example.org/ontology/instance/Element_2074690,D4-일반석고보드,2074690
1-02-A,Walls,https://example.org/ontology/instance/Element_2074691,D4-일반석고보드,2074691
1-02-A,Walls,https://example.org/ontology/instance/Element_786383,D8-METAL C-STUD,786383
1-02-A,Walls,https://example.org/ontology/instance/Element_2074380,D8-일반석고보드,2074380
1-02-A,Walls,https://example.org/ontology/instance/Element_2074383,D8-합판,2074383
1-02-A,Walls,https://example.org/ontology/instance/Element_786374,DF1-METAL C-STUD,786374
1-02-A,Walls,https://example.org/ontology/instance/Element_2074220,DF1-방화석고보드,2074220
1-02-A,Walls,https://example.org/ontology/instance/Element_2074221,DF1-방화석고보드,2074221
1-02-A,Walls,https://example.org/ontology/instance/Element_786378,DF2-그라스울보온재24k,786378
1-02-A,Walls,https://example.org/ontology/instance/Element_2074278,DF2-방화석고보드,2074278
1-02-A,Walls,https://example.org/ontology/instance/Element_2074279,DF2-방화석고보드,2074279
1-02-A,Walls,https://example.org/ontology/instance/Element_805752,DW1-METAL C-STUD,805752
1-02-A,Walls,https://example.org/ontology/instance/Element_822272,DW1-METAL C-STUD,822272
1-02-A,Walls,https://example.org/ontology/instance/Element_2074641,DW1-방수석고보드,2074641
1-02-A,Walls,https://example.org/ontology/instance/Element_2074642,DW1-방수석고보드,2074642
1-02-A,Walls,https://example.org/ontology/instance/Element_2074665,DW1-방수석고보드,2074665
1-02-A,Walls,https://example.org/ontology/instance/Element_2074666,DW1-방수석고보드,2074666
1-02-A,Walls,https://example.org/ontology/instance/Element_2074669,DW1-방수석고보드,2074669
1-02-A,Walls,https://example.org/ontology/instance/Element_2074670,DW1-방수석고보드,2074670
1-02-A,Walls,https://example.org/ontology/instance/Element_805283,DW2-그라스울보온재24k,805283
1-02-A,Walls,https://example.org/ontology/instance/Element_2074573,DW2-방수석고보드,2074573
1-02-A,Walls,https://example.org/ontology/instance/Element_2074574,DW2-방수석고보드,2074574
1-02-A,Walls,https://example.org/ontology/instance/Element_805579,DW3-METAL C-STUD,805579
1-02-A,Walls,https://example.org/ontology/instance/Element_2074599,DW3-방수석고보드,2074599
1-02-A,Walls,https://example.org/ontology/instance/Element_2074600,DW3-방수석고보드,2074600
1-02-A,Walls,https://example.org/ontology/instance/Element_2074605,DW3-일반석고보드,2074605
1-02-A,Walls,https://example.org/ontology/instance/Element_2074606,DW3-일반석고보드,2074606
1-02-A,Walls,https://example.org/ontology/instance/Element_786379,DW4-그라스울보온재24k,786379
1-02-A,Walls,https://example.org/ontology/instance/Element_2074304,DW4-방수석고보드,2074304
1-02-A,Walls,https://example.org/ontology/instance/Element_2074305,DW4-방수석고보드,2074305
1-02-A,Walls,https://example.org/ontology/instance/Element_2074310,DW4-일반석고보드,2074310
1-02-A,Walls,https://example.org/ontology/instance/Element_2074311,DW4-일반석고보드,2074311
1-02-A,Walls,https://example.org/ontology/instance/Element_786384,HiddenWall,786384
1-02-A,Walls,https://example.org/ontology/instance/Element_786506,SGP패널(T=13),786506
1-02-A,Walls,https://example.org/ontology/instance/Element_786507,SGP패널(T=13),786507
1-02-A,Walls,https://example.org/ontology/instance/Element_786508,SGP패널(T=13),786508
1-02-A,Walls,https://example.org/ontology/instance/Element_786509,SGP패널(T=13),786509
1-02-A,Walls,https://example.org/ontology/instance/Element_786510,SGP패널(T=13),786510
1-02-A,Walls,https://example.org/ontology/instance/Element_786511,SGP패널(T=13),786511
1-02-A,Walls,https://example.org/ontology/instance/Element_786388,경질우레탄보드(T=120)(일면은박)-경질우레탄보드,786388
1-02-A,Walls,https://example.org/ontology/instance/Element_1472506,도막방수(T=3)-Hidden,1472506
1-02-A,Walls,https://example.org/ontology/instance/Element_1472563,도막방수(T=3)-Hidden,1472563
1-02-A,Walls,https://example.org/ontology/instance/Element_1472597,도막방수(T=3)-Hidden,1472597
1-02-A,Walls,https://example.org/ontology/instance/Element_1472630,도막방수(T=3)-Hidden,1472630
1-02-A,Walls,https://example.org/ontology/instance/Element_1472644,도막방수(T=3)-Hidden,1472644
1-02-A,Walls,https://example.org/ontology/instance/Element_1472684,도막방수(T=3)-Hidden,1472684
1-02-A,Walls,https://example.org/ontology/instance/Element_786718,석재단열패널(회색)(T=35),786718
1-02-A,Walls,https://example.org/ontology/instance/Element_824343,석재단열패널(회색)(T=35),824343
1-02-A,Walls,https://example.org/ontology/instance/Element_786751,우레탄심재 준불연단열재(T=100),786751
1-02-A,Walls,https://example.org/ontology/instance/Element_786752,우레탄심재 준불연단열재(T=100),786752
1-02-A,Walls,https://example.org/ontology/instance/Element_786753,우레탄심재 준불연단열재(T=100),786753
1-02-A,Walls,https://example.org/ontology/instance/Element_786754,우레탄심재 준불연단열재(T=100),786754
1-02-A,Walls,https://example.org/ontology/instance/Element_1207565,우레탄심재 준불연단열재(T=100),1207565
1-02-A,Walls,https://example.org/ontology/instance/Element_786755,우레탄심재 준불연단열재(T=70),786755
1-02-A,Walls,https://example.org/ontology/instance/Element_786756,우레탄심재 준불연단열재(T=70),786756
1-02-A,Walls,https://example.org/ontology/instance/Element_786765,우레탄심재 준불연단열재(T=70),786765
1-02-A,Walls,https://example.org/ontology/instance/Element_991310,우레탄심재 준불연단열재(T=70),991310
1-02-A,Walls,https://example.org/ontology/instance/Element_1162236,우레탄심재 준불연단열재(T=70),1162236
1-02-A,Walls,https://example.org/ontology/instance/Element_1162237,우레탄심재 준불연단열재(T=70),1162237
1-02-A,Walls,https://example.org/ontology/instance/Element_805845,일반석고보드(바탕용),805845
1-02-A,Walls,https://example.org/ontology/instance/Element_786720,칼라강판(T=15),786720
1-02-A,Walls,https://example.org/ontology/instance/Element_786721,칼라강판(T=15),786721
1-02-A,Walls,https://example.org/ontology/instance/Element_1429067,함석판(T=0.3),1429067
1-02-A,Windows,https://example.org/ontology/instance/Element_823955,AW6,823955
1-02-A,Windows,https://example.org/ontology/instance/Element_824510,AW6,824510
1-02-A,Windows,https://example.org/ontology/instance/Element_786696,PW1,786696
1-02-A,Windows,https://example.org/ontology/instance/Element_786697,PW2,786697
1-03-A,Doors,https://example.org/ontology/instance/Element_784088,PD1,784088
1-03-A,Doors,https://example.org/ontology/instance/Element_784086,SD1,784086
1-03-A,Doors,https://example.org/ontology/instance/Element_784089,SD2,784089
1-03-A,Doors,https://example.org/ontology/instance/Element_784090,SD3,784090
1-03-A,Doors,https://example.org/ontology/instance/Element_784087,SD5,784087
1-03-A,Floors,https://example.org/ontology/instance/Element_784013,강마루(T=7.5),784013
1-03-A,Floors,https://example.org/ontology/instance/Element_783983,경량기포콘크리트(T=40),783983
1-03-A,Floors,https://example.org/ontology/instance/Element_1059118,경질우레탄보드(T=30),1059118
1-03-A,Floors,https://example.org/ontology/instance/Element_783968,경질우레탄보드(T=50),783968
1-03-A,Floors,https://example.org/ontology/instance/Element_1370034,경질우레탄보드(T=70),1370034
1-03-A,Floors,https://example.org/ontology/instance/Element_1629378,경질우레탄보드(T=70),1629378
1-03-A,Floors,https://example.org/ontology/instance/Element_784079,구배몰탈(T=70),784079
1-03-A,Floors,https://example.org/ontology/instance/Element_784046,도막방수(T=3),784046
1-03-A,Floors,https://example.org/ontology/instance/Element_783998,시멘트몰탈(T=42.5),783998
1-03-A,Floors,https://example.org/ontology/instance/Element_784061,시멘트몰탈(T=67),784061
1-03-A,Floors,https://example.org/ontology/instance/Element_784028,시멘트몰탈(T=70),784028
1-03-A,Floors,https://example.org/ontology/instance/Element_784070,자기질타일(T=10),784070
1-03-A,Floors,https://example.org/ontology/instance/Element_783940,콘크리트(T=180),783940
1-03-A,Floors,https://example.org/ontology/instance/Element_783955,콘크리트(T=180),783955
1-03-A,Floors,https://example.org/ontology/instance/Element_784037,포세린타일(T=10),784037
1-03-A,Walls,https://example.org/ontology/instance/Element_783922,D1-METAL C-STUD,783922
1-03-A,Walls,https://example.org/ontology/instance/Element_783923,D1-METAL C-STUD,783923
1-03-A,Walls,https://example.org/ontology/instance/Element_783924,D1-METAL C-STUD,783924
1-03-A,Walls,https://example.org/ontology/instance/Element_783928,D1-METAL C-STUD,783928
1-03-A,Walls,https://example.org/ontology/instance/Element_783929,D1-METAL C-STUD,783929
1-03-A,Walls,https://example.org/ontology/instance/Element_783932,D1-METAL C-STUD,783932
1-03-A,Walls,https://example.org/ontology/instance/Element_783936,D1-METAL C-STUD,783936
1-03-A,Walls,https://example.org/ontology/instance/Element_783937,D1-METAL C-STUD,783937
1-03-A,Walls,https://example.org/ontology/instance/Element_825792,D1-METAL C-STUD,825792
1-03-A,Walls,https://example.org/ontology/instance/Element_827351,D1-METAL C-STUD,827351
1-03-A,Walls,https://example.org/ontology/instance/Element_827379,D1-METAL C-STUD,827379
1-03-A,Walls,https://example.org/ontology/instance/Element_2076809,D1-일반석고보드,2076809
1-03-A,Walls,https://example.org/ontology/instance/Element_2076810,D1-일반석고보드,2076810
1-03-A,Walls,https://example.org/ontology/instance/Element_2076813,D1-일반석고보드,2076813
1-03-A,Walls,https://example.org/ontology/instance/Element_2076814,D1-일반석고보드,2076814
1-03-A,Walls,https://example.org/ontology/instance/Element_2076815,D1-일반석고보드,2076815
1-03-A,Walls,https://example.org/ontology/instance/Element_2076816,D1-일반석고보드,2076816
1-03-A,Walls,https://example.org/ontology/instance/Element_2076829,D1-일반석고보드,2076829
1-03-A,Walls,https://example.org/ontology/instance/Element_2076830,D1-일반석고보드,2076830
1-03-A,Walls,https://example.org/ontology/instance/Element_2076831,D1-일반석고보드,2076831
1-03-A,Walls,https://example.org/ontology/instance/Element_2076832,D1-일반석고보드,2076832
1-03-A,Walls,https://example.org/ontology/instance/Element_2076836,D1-일반석고보드,2076836
1-03-A,Walls,https://example.org/ontology/instance/Element_2076837,D1-일반석고보드,2076837
1-03-A,Walls,https://example.org/ontology/instance/Element_2076847,D1-일반석고보드,2076847
1-03-A,Walls,https://example.org/ontology/instance/Element_2076848,D1-일반석고보드,2076848
1-03-A,Walls,https://example.org/ontology/instance/Element_2076849,D1-일반석고보드,2076849
1-03-A,Walls,https://example.org/ontology/instance/Element_2076850,D1-일반석고보드,2076850
1-03-A,Walls,https://example.org/ontology/instance/Element_2076955,D1-일반석고보드,2076955
1-03-A,Walls,https://example.org/ontology/instance/Element_2076956,D1-일반석고보드,2076956
1-03-A,Walls,https://example.org/ontology/instance/Element_2076957,D1-일반석고보드,2076957
1-03-A,Walls,https://example.org/ontology/instance/Element_2076958,D1-일반석고보드,2076958
1-03-A,Walls,https://example.org/ontology/instance/Element_2076960,D1-일반석고보드,2076960
1-03-A,Walls,https://example.org/ontology/instance/Element_2076961,D1-일반석고보드,2076961
1-03-A,Walls,https://example.org/ontology/instance/Element_783927,D3-METAL C-STUD,783927
1-03-A,Walls,https://example.org/ontology/instance/Element_2076825,D3-일반석고보드,2076825
1-03-A,Walls,https://example.org/ontology/instance/Element_2076826,D3-일반석고보드,2076826
1-03-A,Walls,https://example.org/ontology/instance/Element_2076827,D3-일반석고보드,2076827
1-03-A,Walls,https://example.org/ontology/instance/Element_2076828,D3-일반석고보드,2076828
1-03-A,Walls,https://example.org/ontology/instance/Element_783926,D4-그라스울보온재24k,783926
1-03-A,Walls,https://example.org/ontology/instance/Element_783933,D4-그라스울보온재24k,783933
1-03-A,Walls,https://example.org/ontology/instance/Element_783934,D4-그라스울보온재24k,783934
1-03-A,Walls,https://example.org/ontology/instance/Element_2076819,D4-일반석고보드,2076819
1-03-A,Walls,https://example.org/ontology/instance/Element_2076820,D4-일반석고보드,2076820
1-03-A,Walls,https://example.org/ontology/instance/Element_2076821,D4-일반석고보드,2076821
1-03-A,Walls,https://example.org/ontology/instance/Element_2076822,D4-일반석고보드,2076822
1-03-A,Walls,https://example.org/ontology/instance/Element_2076838,D4-일반석고보드,2076838
1-03-A,Walls,https://example.org/ontology/instance/Element_2076839,D4-일반석고보드,2076839
1-03-A,Walls,https://example.org/ontology/instance/Element_2076840,D4-일반석고보드,2076840
1-03-A,Walls,https://example.org/ontology/instance/Element_2076841,D4-일반석고보드,2076841
1-03-A,Walls,https://example.org/ontology/instance/Element_2076842,D4-일반석고보드,2076842
1-03-A,Walls,https://example.org/ontology/instance/Element_2076843,D4-일반석고보드,2076843
1-03-A,Walls,https://example.org/ontology/instance/Element_2076844,D4-일반석고보드,2076844
1-03-A,Walls,https://example.org/ontology/instance/Element_2076845,D4-일반석고보드,2076845
1-03-A,Walls,https://example.org/ontology/instance/Element_783930,D8-METAL C-STUD,783930
1-03-A,Walls,https://example.org/ontology/instance/Element_2076834,D8-일반석고보드,2076834
1-03-A,Walls,https://example.org/ontology/instance/Element_2076835,D8-합판,2076835
1-03-A,Walls,https://example.org/ontology/instance/Element_783925,DF1-METAL C-STUD,783925
1-03-A,Walls,https://example.org/ontology/instance/Element_2076817,DF1-방화석고보드,2076817
1-03-A,Walls,https://example.org/ontology/instance/Element_2076818,DF1-방화석고보드,2076818
1-03-A,Walls,https://example.org/ontology/instance/Element_783921,DF2-그라스울보온재24k,783921
1-03-A,Walls,https://example.org/ontology/instance/Element_2076807,DF2-방화석고보드,2076807
1-03-A,Walls,https://example.org/ontology/instance/Element_2076808,DF2-방화석고보드,2076808
1-03-A,Walls,https://example.org/ontology/instance/Element_783931,HiddenWall,783931
1-03-A,Walls,https://example.org/ontology/instance/Element_784053,SGP패널(T=13),784053
1-03-A,Walls,https://example.org/ontology/instance/Element_784054,SGP패널(T=13),784054
1-03-A,Walls,https://example.org/ontology/instance/Element_784055,SGP패널(T=13),784055
1-03-A,Walls,https://example.org/ontology/instance/Element_784056,SGP패널(T=13),784056
1-03-A,Walls,https://example.org/ontology/instance/Element_784057,SGP패널(T=13),784057
1-03-A,Walls,https://example.org/ontology/instance/Element_784058,SGP패널(T=13),784058
1-03-A,Walls,https://example.org/ontology/instance/Element_783935,경질우레탄보드(T=120)(일면은박)-경질우레탄보드,783935
1-03-A,Walls,https://example.org/ontology/instance/Element_1473993,도막방수(T=3)-Hidden,1473993
1-03-A,Walls,https://example.org/ontology/instance/Element_1473994,도막방수(T=3)-Hidden,1473994
1-03-A,Walls,https://example.org/ontology/instance/Element_1473995,도막방수(T=3)-Hidden,1473995
1-03-A,Walls,https://example.org/ontology/instance/Element_1473996,도막방수(T=3)-Hidden,1473996
1-03-A,Walls,https://example.org/ontology/instance/Element_1473997,도막방수(T=3)-Hidden,1473997
1-03-A,Walls,https://example.org/ontology/instance/Element_1473998,도막방수(T=3)-Hidden,1473998
1-03-A,Walls,https://example.org/ontology/instance/Element_784265,석재단열패널(회색)(T=35),784265
1-03-A,Walls,https://example.org/ontology/instance/Element_827671,석재단열패널(회색)(T=35),827671
1-03-A,Walls,https://example.org/ontology/instance/Element_784298,우레탄심재 준불연단열재(T=100),784298
1-03-A,Walls,https://example.org/ontology/instance/Element_784299,우레탄심재 준불연단열재(T=100),784299
1-03-A,Walls,https://example.org/ontology/instance/Element_784300,우레탄심재 준불연단열재(T=100),784300
1-03-A,Walls,https://example.org/ontology/instance/Element_784301,우레탄심재 준불연단열재(T=100),784301
1-03-A,Walls,https://example.org/ontology/instance/Element_784302,우레탄심재 준불연단열재(T=70),784302
1-03-A,Walls,https://example.org/ontology/instance/Element_784303,우레탄심재 준불연단열재(T=70),784303
1-03-A,Walls,https://example.org/ontology/instance/Element_991300,우레탄심재 준불연단열재(T=70),991300
1-03-A,Walls,https://example.org/ontology/instance/Element_1161809,우레탄심재 준불연단열재(T=70),1161809
1-03-A,Walls,https://example.org/ontology/instance/Element_1161810,우레탄심재 준불연단열재(T=70),1161810
1-03-A,Walls,https://example.org/ontology/instance/Element_825759,일반석고보드(바탕용),825759
1-03-A,Walls,https://example.org/ontology/instance/Element_827405,일반석고보드(바탕용),827405
1-03-A,Walls,https://example.org/ontology/instance/Element_784267,칼라강판(T=15),784267
1-03-A,Walls,https://example.org/ontology/instance/Element_784268,칼라강판(T=15),784268
1-03-A,Walls,https://example.org/ontology/instance/Element_1430134,함석판(T=0.3),1430134
1-03-A,Windows,https://example.org/ontology/instance/Element_827885,AW5,827885
1-03-A,Windows,https://example.org/ontology/instance/Element_784243,PW1,784243
1-03-A,Windows,https://example.org/ontology/instance/Element_784244,PW2,784244
1-04-A,Doors,https://example.org/ontology/instance/Element_630905,PD1,630905
1-04-A,Doors,https://example.org/ontology/instance/Element_629994,SD1,629994
1-04-A,Doors,https://example.org/ontology/instance/Element_631265,SD2,631265
1-04-A,Doors,https://example.org/ontology/instance/Element_631870,SD3,631870
1-04-A,Doors,https://example.org/ontology/instance/Element_630470,SD5,630470
1-04-A,Floors,https://example.org/ontology/instance/Element_628492,강마루(T=7.5),628492
1-04-A,Floors,https://example.org/ontology/instance/Element_628404,경량기포콘크리트(T=40),628404
1-04-A,Floors,https://example.org/ontology/instance/Element_1369940,경질우레탄보드(T=30),1369940
1-04-A,Floors,https://example.org/ontology/instance/Element_627336,경질우레탄보드(T=50),627336
1-04-A,Floors,https://example.org/ontology/instance/Element_1370008,경질우레탄보드(T=70),1370008
1-04-A,Floors,https://example.org/ontology/instance/Element_1629364,경질우레탄보드(T=70),1629364
1-04-A,Floors,https://example.org/ontology/instance/Element_629499,구배몰탈(T=70),629499
1-04-A,Floors,https://example.org/ontology/instance/Element_628601,도막방수(T=3),628601
1-04-A,Floors,https://example.org/ontology/instance/Element_628455,시멘트몰탈(T=42.5),628455
1-04-A,Floors,https://example.org/ontology/instance/Element_629461,시멘트몰탈(T=67),629461
1-04-A,Floors,https://example.org/ontology/instance/Element_628529,시멘트몰탈(T=70),628529
1-04-A,Floors,https://example.org/ontology/instance/Element_629477,자기질타일(T=10),629477
1-04-A,Floors,https://example.org/ontology/instance/Element_625628,콘크리트(T=180),625628
1-04-A,Floors,https://example.org/ontology/instance/Element_625953,콘크리트(T=180),625953
1-04-A,Floors,https://example.org/ontology/instance/Element_628581,포세린타일(T=10),628581
1-04-A,Walls,https://example.org/ontology/instance/Element_623027,D1-METAL C-STUD,623027
1-04-A,Walls,https://example.org/ontology/instance/Element_623320,D1-METAL C-STUD,623320
1-04-A,Walls,https://example.org/ontology/instance/Element_623347,D1-METAL C-STUD,623347
1-04-A,Walls,https://example.org/ontology/instance/Element_623726,D1-METAL C-STUD,623726
1-04-A,Walls,https://example.org/ontology/instance/Element_623775,D1-METAL C-STUD,623775
1-04-A,Walls,https://example.org/ontology/instance/Element_624007,D1-METAL C-STUD,624007
1-04-A,Walls,https://example.org/ontology/instance/Element_624429,D1-METAL C-STUD,624429
1-04-A,Walls,https://example.org/ontology/instance/Element_625149,D1-METAL C-STUD,625149
1-04-A,Walls,https://example.org/ontology/instance/Element_807395,D1-METAL C-STUD,807395
1-04-A,Walls,https://example.org/ontology/instance/Element_807499,D1-METAL C-STUD,807499
1-04-A,Walls,https://example.org/ontology/instance/Element_828395,D1-METAL C-STUD,828395
1-04-A,Walls,https://example.org/ontology/instance/Element_2081252,D1-일반석고보드,2081252
1-04-A,Walls,https://example.org/ontology/instance/Element_2081253,D1-일반석고보드,2081253
1-04-A,Walls,https://example.org/ontology/instance/Element_2081255,D1-일반석고보드,2081255
1-04-A,Walls,https://example.org/ontology/instance/Element_2081256,D1-일반석고보드,2081256
1-04-A,Walls,https://example.org/ontology/instance/Element_2081257,D1-일반석고보드,2081257
1-04-A,Walls,https://example.org/ontology/instance/Element_2081258,D1-일반석고보드,2081258
1-04-A,Walls,https://example.org/ontology/instance/Element_2081270,D1-일반석고보드,2081270
1-04-A,Walls,https://example.org/ontology/instance/Element_2081271,D1-일반석고보드,2081271
1-04-A,Walls,https://example.org/ontology/instance/Element_2081272,D1-일반석고보드,2081272
1-04-A,Walls,https://example.org/ontology/instance/Element_2081273,D1-일반석고보드,2081273
1-04-A,Walls,https://example.org/ontology/instance/Element_2081276,D1-일반석고보드,2081276
1-04-A,Walls,https://example.org/ontology/instance/Element_2081277,D1-일반석고보드,2081277
1-04-A,Walls,https://example.org/ontology/instance/Element_2081286,D1-일반석고보드,2081286
1-04-A,Walls,https://example.org/ontology/instance/Element_2081287,D1-일반석고보드,2081287
1-04-A,Walls,https://example.org/ontology/instance/Element_2081288,D1-일반석고보드,2081288
1-04-A,Walls,https://example.org/ontology/instance/Element_2081289,D1-일반석고보드,2081289
1-04-A,Walls,https://example.org/ontology/instance/Element_2081291,D1-일반석고보드,2081291
1-04-A,Walls,https://example.org/ontology/instance/Element_2081292,D1-일반석고보드,2081292
1-04-A,Walls,https://example.org/ontology/instance/Element_2081293,D1-일반석고보드,2081293
1-04-A,Walls,https://example.org/ontology/instance/Element_2081294,D1-일반석고보드,2081294
1-04-A,Walls,https://example.org/ontology/instance/Element_2081296,D1-일반석고보드,2081296
1-04-A,Walls,https://example.org/ontology/instance/Element_2081297,D1-일반석고보드,2081297
1-04-A,Walls,https://example.org/ontology/instance/Element_623688,D3-METAL C-STUD,623688
1-04-A,Walls,https://example.org/ontology/instance/Element_2081266,D3-일반석고보드,2081266
1-04-A,Walls,https://example.org/ontology/instance/Element_2081267,D3-일반석고보드,2081267
1-04-A,Walls,https://example.org/ontology/instance/Element_2081268,D3-일반석고보드,2081268
1-04-A,Walls,https://example.org/ontology/instance/Element_2081269,D3-일반석고보드,2081269
1-04-A,Walls,https://example.org/ontology/instance/Element_623588,D4-그라스울보온재24k,623588
1-04-A,Walls,https://example.org/ontology/instance/Element_624092,D4-그라스울보온재24k,624092
1-04-A,Walls,https://example.org/ontology/instance/Element_624173,D4-그라스울보온재24k,624173
1-04-A,Walls,https://example.org/ontology/instance/Element_2081261,D4-일반석고보드,2081261
1-04-A,Walls,https://example.org/ontology/instance/Element_2081262,D4-일반석고보드,2081262
1-04-A,Walls,https://example.org/ontology/instance/Element_2081263,D4-일반석고보드,2081263
1-04-A,Walls,https://example.org/ontology/instance/Element_2081264,D4-일반석고보드,2081264
1-04-A,Walls,https://example.org/ontology/instance/Element_2081278,D4-일반석고보드,2081278
1-04-A,Walls,https://example.org/ontology/instance/Element_2081279,D4-일반석고보드,2081279
1-04-A,Walls,https://example.org/ontology/instance/Element_2081280,D4-일반석고보드,2081280
1-04-A,Walls,https://example.org/ontology/instance/Element_2081281,D4-일반석고보드,2081281
1-04-A,Walls,https://example.org/ontology/instance/Element_2081282,D4-일반석고보드,2081282
1-04-A,Walls,https://example.org/ontology/instance/Element_2081283,D4-일반석고보드,2081283
1-04-A,Walls,https://example.org/ontology/instance/Element_2081284,D4-일반석고보드,2081284
1-04-A,Walls,https://example.org/ontology/instance/Element_2081285,D4-일반석고보드,2081285
1-04-A,Walls,https://example.org/ontology/instance/Element_623834,D8-METAL C-STUD,623834
1-04-A,Walls,https://example.org/ontology/instance/Element_2081274,D8-일반석고보드,2081274
1-04-A,Walls,https://example.org/ontology/instance/Element_2081275,D8-합판,2081275
1-04-A,Walls,https://example.org/ontology/instance/Element_622810,DF2-그라스울보온재24k,622810
1-04-A,Walls,https://example.org/ontology/instance/Element_623497,DF2-그라스울보온재24k,623497
1-04-A,Walls,https://example.org/ontology/instance/Element_2081250,DF2-방화석고보드,2081250
1-04-A,Walls,https://example.org/ontology/instance/Element_2081251,DF2-방화석고보드,2081251
1-04-A,Walls,https://example.org/ontology/instance/Element_2081259,DF2-방화석고보드,2081259
1-04-A,Walls,https://example.org/ontology/instance/Element_2081260,DF2-방화석고보드,2081260
1-04-A,Walls,https://example.org/ontology/instance/Element_623936,HiddenWall,623936
1-04-A,Walls,https://example.org/ontology/instance/Element_629128,SGP패널(T=13),629128
1-04-A,Walls,https://example.org/ontology/instance/Element_629215,SGP패널(T=13),629215
1-04-A,Walls,https://example.org/ontology/instance/Element_629275,SGP패널(T=13),629275
1-04-A,Walls,https://example.org/ontology/instance/Element_629311,SGP패널(T=13),629311
1-04-A,Walls,https://example.org/ontology/instance/Element_629352,SGP패널(T=13),629352
1-04-A,Walls,https://example.org/ontology/instance/Element_629431,SGP패널(T=13),629431
1-04-A,Walls,https://example.org/ontology/instance/Element_624287,경질우레탄보드(T=120)(일면은박)-경질우레탄보드,624287
1-04-A,Walls,https://example.org/ontology/instance/Element_1474012,도막방수(T=3)-Hidden,1474012
1-04-A,Walls,https://example.org/ontology/instance/Element_1474013,도막방수(T=3)-Hidden,1474013
1-04-A,Walls,https://example.org/ontology/instance/Element_1474014,도막방수(T=3)-Hidden,1474014
1-04-A,Walls,https://example.org/ontology/instance/Element_1474015,도막방수(T=3)-Hidden,1474015
1-04-A,Walls,https://example.org/ontology/instance/Element_1474016,도막방수(T=3)-Hidden,1474016
1-04-A,Walls,https://example.org/ontology/instance/Element_1474017,도막방수(T=3)-Hidden,1474017
1-04-A,Walls,https://example.org/ontology/instance/Element_711517,석재단열패널(회색)(T=35),711517
1-04-A,Walls,https://example.org/ontology/instance/Element_807614,석재단열패널(회색)(T=35),807614
1-04-A,Walls,https://example.org/ontology/instance/Element_713630,우레탄심재 준불연단열재(T=100),713630
1-04-A,Walls,https://example.org/ontology/instance/Element_713768,우레탄심재 준불연단열재(T=100),713768
1-04-A,Walls,https://example.org/ontology/instance/Element_714075,우레탄심재 준불연단열재(T=100),714075
1-04-A,Walls,https://example.org/ontology/instance/Element_714167,우레탄심재 준불연단열재(T=100),714167
1-04-A,Walls,https://example.org/ontology/instance/Element_1750446,우레탄심재 준불연단열재(T=100),1750446
1-04-A,Walls,https://example.org/ontology/instance/Element_714559,우레탄심재 준불연단열재(T=70),714559
1-04-A,Walls,https://example.org/ontology/instance/Element_714998,우레탄심재 준불연단열재(T=70),714998
1-04-A,Walls,https://example.org/ontology/instance/Element_765433,우레탄심재 준불연단열재(T=70),765433
1-04-A,Walls,https://example.org/ontology/instance/Element_991290,우레탄심재 준불연단열재(T=70),991290
1-04-A,Walls,https://example.org/ontology/instance/Element_1160665,우레탄심재 준불연단열재(T=70),1160665
1-04-A,Walls,https://example.org/ontology/instance/Element_1160666,우레탄심재 준불연단열재(T=70),1160666
1-04-A,Walls,https://example.org/ontology/instance/Element_807353,일반석고보드(바탕용),807353
1-04-A,Walls,https://example.org/ontology/instance/Element_807529,일반석고보드(바탕용),807529
1-04-A,Walls,https://example.org/ontology/instance/Element_711908,칼라강판(T=15),711908
1-04-A,Walls,https://example.org/ontology/instance/Element_712008,칼라강판(T=15),712008
1-04-A,Walls,https://example.org/ontology/instance/Element_1430207,함석판(T=0.3),1430207
1-04-A,Windows,https://example.org/ontology/instance/Element_828570,AW5,828570
1-04-A,Windows,https://example.org/ontology/instance/Element_699609,PW1,699609
1-04-A,Windows,https://example.org/ontology/instance/Element_699921,PW2,699921
1-05-ST,Floors,https://example.org/ontology/instance/Element_788884,콘크리트(T=180),788884
1-05-ST,Floors,https://example.org/ontology/instance/Element_788920,콘크리트(T=180),788920
1-05-ST,Floors,https://example.org/ontology/instance/Element_812885,콘크리트(T=180),812885
1-05-ST,Walls,https://example.org/ontology/instance/Element_828913,D1-METAL C-STUD,828913
1-05-ST,Walls,https://example.org/ontology/instance/Element_828914,D1-METAL C-STUD,828914
1-05-ST,Walls,https://example.org/ontology/instance/Element_828915,D1-METAL C-STUD,828915
1-05-ST,Walls,https://example.org/ontology/instance/Element_2084520,D1-일반석고보드,2084520
1-05-ST,Walls,https://example.org/ontology/instance/Element_2084521,D1-일반석고보드,2084521
1-05-ST,Walls,https://example.org/ontology/instance/Element_2084522,D1-일반석고보드,2084522
1-05-ST,Walls,https://example.org/ontology/instance/Element_2084523,D1-일반석고보드,2084523
1-05-ST,Walls,https://example.org/ontology/instance/Element_2084526,D1-일반석고보드,2084526
1-05-ST,Walls,https://example.org/ontology/instance/Element_2084527,D1-일반석고보드,2084527
1-05-ST,Walls,https://example.org/ontology/instance/Element_2084528,D1-일반석고보드,2084528
1-05-ST,Walls,https://example.org/ontology/instance/Element_2084529,D1-일반석고보드,2084529
1-05-ST,Walls,https://example.org/ontology/instance/Element_2084530,D1-일반석고보드,2084530
1-05-ST,Walls,https://example.org/ontology/instance/Element_2084531,D1-일반석고보드,2084531
1-05-ST,Walls,https://example.org/ontology/instance/Element_789196,D3-METAL C-STUD,789196
1-05-ST,Walls,https://example.org/ontology/instance/Element_789253,D3-METAL C-STUD,789253
1-05-ST,Walls,https://example.org/ontology/instance/Element_789287,D3-METAL C-STUD,789287
1-05-ST,Walls,https://example.org/ontology/instance/Element_2084508,D3-일반석고보드,2084508
1-05-ST,Walls,https://example.org/ontology/instance/Element_2084509,D3-일반석고보드,2084509
1-05-ST,Walls,https://example.org/ontology/instance/Element_2084510,D3-일반석고보드,2084510
1-05-ST,Walls,https://example.org/ontology/instance/Element_2084511,D3-일반석고보드,2084511
1-05-ST,Walls,https://example.org/ontology/instance/Element_2084512,D3-일반석고보드,2084512
1-05-ST,Walls,https://example.org/ontology/instance/Element_2084513,D3-일반석고보드,2084513
1-05-ST,Walls,https://example.org/ontology/instance/Element_2084514,D3-일반석고보드,2084514
1-05-ST,Walls,https://example.org/ontology/instance/Element_2084515,D3-일반석고보드,2084515
1-05-ST,Walls,https://example.org/ontology/instance/Element_2084516,D3-일반석고보드,2084516
1-05-ST,Walls,https://example.org/ontology/instance/Element_2084517,D3-일반석고보드,2084517
1-05-ST,Walls,https://example.org/ontology/instance/Element_2084518,D3-일반석고보드,2084518
1-05-ST,Walls,https://example.org/ontology/instance/Element_2084519,D3-일반석고보드,2084519
1-05-ST,Walls,https://example.org/ontology/instance/Element_1163492,D5-METAL C-STUD,1163492
1-05-ST,Walls,https://example.org/ontology/instance/Element_2084535,D5-일반석고보드,2084535
1-05-ST,Walls,https://example.org/ontology/instance/Element_2084536,D5-일반석고보드,2084536
1-05-ST,Walls,https://example.org/ontology/instance/Element_790541,경질우레탄보드(T=120)(일면은박)-경질우레탄보드,790541
1-05-ST,Walls,https://example.org/ontology/instance/Element_798317,석재단열패널(회색)(T=35),798317
1-05-ST,Walls,https://example.org/ontology/instance/Element_828917,석재단열패널(회색)(T=35),828917
1-05-ST,Walls,https://example.org/ontology/instance/Element_830668,우레탄심재 준불연단열재(T=100),830668
1-05-ST,Walls,https://example.org/ontology/instance/Element_830669,우레탄심재 준불연단열재(T=100),830669
1-05-ST,Walls,https://example.org/ontology/instance/Element_1750447,우레탄심재 준불연단열재(T=100),1750447
1-05-ST,Walls,https://example.org/ontology/instance/Element_830628,우레탄심재 준불연단열재(T=70),830628
1-05-ST,Walls,https://example.org/ontology/instance/Element_867160,우레탄심재 준불연단열재(T=70),867160
1-05-ST,Walls,https://example.org/ontology/instance/Element_867214,우레탄심재 준불연단열재(T=70),867214
1-05-ST,Walls,https://example.org/ontology/instance/Element_868083,우레탄심재 준불연단열재(T=70),868083
1-05-ST,Walls,https://example.org/ontology/instance/Element_868152,우레탄심재 준불연단열재(T=70),868152
1-05-ST,Walls,https://example.org/ontology/instance/Element_868212,우레탄심재 준불연단열재(T=70),868212
1-05-ST,Walls,https://example.org/ontology/instance/Element_828912,일반석고보드(바탕용),828912
1-05-ST,Walls,https://example.org/ontology/instance/Element_828916,일반석고보드(바탕용),828916
1-05-ST,Walls,https://example.org/ontology/instance/Element_798318,칼라강판(T=15),798318
1-05-ST,Walls,https://example.org/ontology/instance/Element_798343,칼라강판(T=15),798343
1-05-ST,Walls,https://example.org/ontology/instance/Element_1430261,함석판(T=0.3),1430261
1-05-ST,Windows,https://example.org/ontology/instance/Element_851799,AW4,851799
1-05-ST,Windows,https://example.org/ontology/instance/Element_828922,AW5,828922
1-06-L,Floors,https://example.org/ontology/instance/Element_791191,콘크리트(T=180),791191
1-06-L,Floors,https://example.org/ontology/instance/Element_791206,콘크리트(T=180),791206
1-06-L,Rooms,https://example.org/ontology/instance/Space_873554,Room 233,873554
1-06-L,Walls,https://example.org/ontology/instance/Element_791575,D1-METAL C-STUD,791575
1-06-L,Walls,https://example.org/ontology/instance/Element_791652,D1-METAL C-STUD,791652
1-06-L,Walls,https://example.org/ontology/instance/Element_791706,D1-METAL C-STUD,791706
1-06-L,Walls,https://example.org/ontology/instance/Element_791764,D1-METAL C-STUD,791764
1-06-L,Walls,https://example.org/ontology/instance/Element_796744,D1-METAL C-STUD,796744
1-06-L,Walls,https://example.org/ontology/instance/Element_796905,D1-METAL C-STUD,796905
1-06-L,Walls,https://example.org/ontology/instance/Element_828983,D1-METAL C-STUD,828983
1-06-L,Walls,https://example.org/ontology/instance/Element_828985,D1-METAL C-STUD,828985
1-06-L,Walls,https://example.org/ontology/instance/Element_828991,D1-METAL C-STUD,828991
1-06-L,Walls,https://example.org/ontology/instance/Element_914068,D1-METAL C-STUD,914068
1-06-L,Walls,https://example.org/ontology/instance/Element_2084573,D1-일반석고보드,2084573
1-06-L,Walls,https://example.org/ontology/instance/Element_2084574,D1-일반석고보드,2084574
1-06-L,Walls,https://example.org/ontology/instance/Element_2084576,D1-일반석고보드,2084576
1-06-L,Walls,https://example.org/ontology/instance/Element_2084577,D1-일반석고보드,2084577
1-06-L,Walls,https://example.org/ontology/instance/Element_2084578,D1-일반석고보드,2084578
1-06-L,Walls,https://example.org/ontology/instance/Element_2084579,D1-일반석고보드,2084579
1-06-L,Walls,https://example.org/ontology/instance/Element_2084580,D1-일반석고보드,2084580
1-06-L,Walls,https://example.org/ontology/instance/Element_2084581,D1-일반석고보드,2084581
1-06-L,Walls,https://example.org/ontology/instance/Element_2084582,D1-일반석고보드,2084582
1-06-L,Walls,https://example.org/ontology/instance/Element_2084583,D1-일반석고보드,2084583
1-06-L,Walls,https://example.org/ontology/instance/Element_2084584,D1-일반석고보드,2084584
1-06-L,Walls,https://example.org/ontology/instance/Element_2084585,D1-일반석고보드,2084585
1-06-L,Walls,https://example.org/ontology/instance/Element_2084586,D1-일반석고보드,2084586
1-06-L,Walls,https://example.org/ontology/instance/Element_2084587,D1-일반석고보드,2084587
1-06-L,Walls,https://example.org/ontology/instance/Element_2084588,D1-일반석고보드,2084588
1-06-L,Walls,https://example.org/ontology/instance/Element_2084589,D1-일반석고보드,2084589
1-06-L,Walls,https://example.org/ontology/instance/Element_2084591,D1-일반석고보드,2084591
1-06-L,Walls,https://example.org/ontology/instance/Element_2084592,D1-일반석고보드,2084592
1-06-L,Walls,https://example.org/ontology/instance/Element_2084593,D1-일반석고보드,2084593
1-06-L,Walls,https://example.org/ontology/instance/Element_2084594,D1-일반석고보드,2084594
1-06-L,Walls,https://example.org/ontology/instance/Element_828987,석재단열패널(회색)(T=35),828987
1-06-L,Walls,https://example.org/ontology/instance/Element_831133,우레탄심재 준불연단열재(T=70),831133
1-06-L,Walls,https://example.org/ontology/instance/Element_868313,우레탄심재 준불연단열재(T=70),868313
1-06-L,Walls,https://example.org/ontology/instance/Element_868376,우레탄심재 준불연단열재(T=70),868376
1-06-L,Walls,https://example.org/ontology/instance/Element_828982,일반석고보드(바탕용),828982
1-06-L,Walls,https://example.org/ontology/instance/Element_828986,일반석고보드(바탕용),828986
1-06-L,Walls,https://example.org/ontology/instance/Element_1430307,함석판(T=0.3),1430307
1-06-L,Windows,https://example.org/ontology/instance/Element_828992,AW5,828992
1-07-G,Doors,https://example.org/ontology/instance/Element_944468,AD1,944468
1-07-G,Doors,https://example.org/ontology/instance/Element_864191,SD5,864191
1-07-G,Floors,https://example.org/ontology/instance/Element_1059484,경질우레탄보드(T=70),1059484
1-07-G,Floors,https://example.org/ontology/instance/Element_1629322,경질우레탄보드(T=70),1629322
1-07-G,Floors,https://example.org/ontology/instance/Element_1441691,구배몰탈(T=60),1441691
1-07-G,Floors,https://example.org/ontology/instance/Element_1471835,도막방수(T=3),1471835
1-07-G,Floors,https://example.org/ontology/instance/Element_942746,무근콘크리트(T=100),942746
1-07-G,Floors,https://example.org/ontology/instance/Element_1352157,시멘트몰탈(T=60),1352157
1-07-G,Floors,https://example.org/ontology/instance/Element_1483191,일반석고보드(T=12.5),1483191
1-07-G,Floors,https://example.org/ontology/instance/Element_1483261,일반석고보드(T=12.5),1483261
1-07-G,Floors,https://example.org/ontology/instance/Element_1352101,자기질타일(T=10),1352101
1-07-G,Floors,https://example.org/ontology/instance/Element_792027,콘크리트(T=180),792027
1-07-G,Floors,https://example.org/ontology/instance/Element_792042,콘크리트(T=180),792042
1-07-G,Floors,https://example.org/ontology/instance/Element_942811,포세린타일(T=10),942811
1-07-G,Walls,https://example.org/ontology/instance/Element_792520,D1-METAL C-STUD,792520
1-07-G,Walls,https://example.org/ontology/instance/Element_792551,D1-METAL C-STUD,792551
1-07-G,Walls,https://example.org/ontology/instance/Element_792635,D1-METAL C-STUD,792635
1-07-G,Walls,https://example.org/ontology/instance/Element_792661,D1-METAL C-STUD,792661
1-07-G,Walls,https://example.org/ontology/instance/Element_792691,D1-METAL C-STUD,792691
1-07-G,Walls,https://example.org/ontology/instance/Element_829100,D1-METAL C-STUD,829100
1-07-G,Walls,https://example.org/ontology/instance/Element_829102,D1-METAL C-STUD,829102
1-07-G,Walls,https://example.org/ontology/instance/Element_829108,D1-METAL C-STUD,829108
1-07-G,Walls,https://example.org/ontology/instance/Element_2084630,D1-일반석고보드,2084630
1-07-G,Walls,https://example.org/ontology/instance/Element_2084631,D1-일반석고보드,2084631
1-07-G,Walls,https://example.org/ontology/instance/Element_2084632,D1-일반석고보드,2084632
1-07-G,Walls,https://example.org/ontology/instance/Element_2084633,D1-일반석고보드,2084633
1-07-G,Walls,https://example.org/ontology/instance/Element_2084634,D1-일반석고보드,2084634
1-07-G,Walls,https://example.org/ontology/instance/Element_2084635,D1-일반석고보드,2084635
1-07-G,Walls,https://example.org/ontology/instance/Element_2084636,D1-일반석고보드,2084636
1-07-G,Walls,https://example.org/ontology/instance/Element_2084637,D1-일반석고보드,2084637
1-07-G,Walls,https://example.org/ontology/instance/Element_2084638,D1-일반석고보드,2084638
1-07-G,Walls,https://example.org/ontology/instance/Element_2084639,D1-일반석고보드,2084639
1-07-G,Walls,https://example.org/ontology/instance/Element_2084652,D1-일반석고보드,2084652
1-07-G,Walls,https://example.org/ontology/instance/Element_2084653,D1-일반석고보드,2084653
1-07-G,Walls,https://example.org/ontology/instance/Element_2084654,D1-일반석고보드,2084654
1-07-G,Walls,https://example.org/ontology/instance/Element_2084655,D1-일반석고보드,2084655
1-07-G,Walls,https://example.org/ontology/instance/Element_2084657,D1-일반석고보드,2084657
1-07-G,Walls,https://example.org/ontology/instance/Element_2084658,D1-일반석고보드,2084658
1-07-G,Walls,https://example.org/ontology/instance/Element_1740207,D7-그라스울보온재24k,1740207
1-07-G,Walls,https://example.org/ontology/instance/Element_2084727,D7-일반석고보드,2084727
1-07-G,Walls,https://example.org/ontology/instance/Element_2084728,D7-일반석고보드,2084728
1-07-G,Walls,https://example.org/ontology/instance/Element_793140,DW1-METAL C-STUD,793140
1-07-G,Walls,https://example.org/ontology/instance/Element_793183,DW1-METAL C-STUD,793183
1-07-G,Walls,https://example.org/ontology/instance/Element_2084640,DW1-방수석고보드,2084640
1-07-G,Walls,https://example.org/ontology/instance/Element_2084641,DW1-방수석고보드,2084641
1-07-G,Walls,https://example.org/ontology/instance/Element_2084643,DW1-방수석고보드,2084643
1-07-G,Walls,https://example.org/ontology/instance/Element_2084644,DW1-방수석고보드,2084644
1-07-G,Walls,https://example.org/ontology/instance/Element_944096,DW3-METAL C-STUD,944096
1-07-G,Walls,https://example.org/ontology/instance/Element_944129,DW3-METAL C-STUD,944129
1-07-G,Walls,https://example.org/ontology/instance/Element_2084716,DW3-방수석고보드,2084716
1-07-G,Walls,https://example.org/ontology/instance/Element_2084717,DW3-방수석고보드,2084717
1-07-G,Walls,https://example.org/ontology/instance/Element_2084720,DW3-방수석고보드,2084720
1-07-G,Walls,https://example.org/ontology/instance/Element_2084721,DW3-방수석고보드,2084721
1-07-G,Walls,https://example.org/ontology/instance/Element_2084718,DW3-일반석고보드,2084718
1-07-G,Walls,https://example.org/ontology/instance/Element_2084719,DW3-일반석고보드,2084719
1-07-G,Walls,https://example.org/ontology/instance/Element_2084722,DW3-일반석고보드,2084722
1-07-G,Walls,https://example.org/ontology/instance/Element_2084723,DW3-일반석고보드,2084723
1-07-G,Walls,https://example.org/ontology/instance/Element_793447,DW4-그라스울보온재24k,793447
1-07-G,Walls,https://example.org/ontology/instance/Element_944047,DW4-그라스울보온재24k,944047
1-07-G,Walls,https://example.org/ontology/instance/Element_2084645,DW4-방수석고보드,2084645
1-07-G,Walls,https://example.org/ontology/instance/Element_2084646,DW4-방수석고보드,2084646
1-07-G,Walls,https://example.org/ontology/instance/Element_2084711,DW4-방수석고보드,2084711
1-07-G,Walls,https://example.org/ontology/instance/Element_2084712,DW4-방수석고보드,2084712
1-07-G,Walls,https://example.org/ontology/instance/Element_2084647,DW4-일반석고보드,2084647
1-07-G,Walls,https://example.org/ontology/instance/Element_2084648,DW4-일반석고보드,2084648
1-07-G,Walls,https://example.org/ontology/instance/Element_2084713,DW4-일반석고보드,2084713
1-07-G,Walls,https://example.org/ontology/instance/Element_2084714,DW4-일반석고보드,2084714
1-07-G,Walls,https://example.org/ontology/instance/Element_792469,DW5-그라스울보온재24k,792469
1-07-G,Walls,https://example.org/ontology/instance/Element_2084606,DW5-방수석고보드,2084606
1-07-G,Walls,https://example.org/ontology/instance/Element_2084607,DW5-방수석고보드,2084607
1-07-G,Walls,https://example.org/ontology/instance/Element_2084670,DW6-MDF,2084670
1-07-G,Walls,https://example.org/ontology/instance/Element_944011,DW6-그라스울보온재24k,944011
1-07-G,Walls,https://example.org/ontology/instance/Element_2084661,DW6-방수석고보드,2084661
1-07-G,Walls,https://example.org/ontology/instance/Element_2084662,DW6-방수석고보드,2084662
1-07-G,Walls,https://example.org/ontology/instance/Element_2084667,DW6-합판,2084667
1-07-G,Walls,https://example.org/ontology/instance/Element_1217505,경질우레탄보드(T=120)(일면은박)-경질우레탄보드,1217505
1-07-G,Walls,https://example.org/ontology/instance/Element_1472012,도막방수(T=3)-Hidden,1472012
1-07-G,Walls,https://example.org/ontology/instance/Element_1472046,도막방수(T=3)-Hidden,1472046
1-07-G,Walls,https://example.org/ontology/instance/Element_1472077,도막방수(T=3)-Hidden,1472077
1-07-G,Walls,https://example.org/ontology/instance/Element_1472119,도막방수(T=3)-Hidden,1472119
1-07-G,Walls,https://example.org/ontology/instance/Element_1472171,도막방수(T=3)-Hidden,1472171
1-07-G,Walls,https://example.org/ontology/instance/Element_1472222,도막방수(T=3)-Hidden,1472222
1-07-G,Walls,https://example.org/ontology/instance/Element_1472255,도막방수(T=3)-Hidden,1472255
1-07-G,Walls,https://example.org/ontology/instance/Element_1472293,도막방수(T=3)-Hidden,1472293
1-07-G,Walls,https://example.org/ontology/instance/Element_797893,석재단열패널(회색)(T=35),797893
1-07-G,Walls,https://example.org/ontology/instance/Element_829104,석재단열패널(회색)(T=35),829104
1-07-G,Walls,https://example.org/ontology/instance/Element_830985,우레탄심재 준불연단열재(T=100),830985
1-07-G,Walls,https://example.org/ontology/instance/Element_830986,우레탄심재 준불연단열재(T=100),830986
1-07-G,Walls,https://example.org/ontology/instance/Element_831051,우레탄심재 준불연단열재(T=100),831051
1-07-G,Walls,https://example.org/ontology/instance/Element_831052,우레탄심재 준불연단열재(T=100),831052
1-07-G,Walls,https://example.org/ontology/instance/Element_1218639,우레탄심재 준불연단열재(T=100),1218639
1-07-G,Walls,https://example.org/ontology/instance/Element_830987,우레탄심재 준불연단열재(T=70),830987
1-07-G,Walls,https://example.org/ontology/instance/Element_831089,우레탄심재 준불연단열재(T=70),831089
1-07-G,Walls,https://example.org/ontology/instance/Element_868740,우레탄심재 준불연단열재(T=70),868740
1-07-G,Walls,https://example.org/ontology/instance/Element_991215,우레탄심재 준불연단열재(T=70),991215
1-07-G,Walls,https://example.org/ontology/instance/Element_1148754,우레탄심재 준불연단열재(T=70),1148754
1-07-G,Walls,https://example.org/ontology/instance/Element_1148755,우레탄심재 준불연단열재(T=70),1148755
1-07-G,Walls,https://example.org/ontology/instance/Element_829099,일반석고보드(바탕용),829099
1-07-G,Walls,https://example.org/ontology/instance/Element_829103,일반석고보드(바탕용),829103
1-07-G,Walls,https://example.org/ontology/instance/Element_797895,칼라강판(T=15),797895
1-07-G,Walls,https://example.org/ontology/instance/Element_1430357,함석판(T=0.3),1430357
1-07-G,Windows,https://example.org/ontology/instance/Element_983189,AW1,983189
1-07-G,Windows,https://example.org/ontology/instance/Element_1218101,AW1,1218101
1-07-G,Windows,https://example.org/ontology/instance/Element_829109,AW5,829109
1-08-O,Doors,https://example.org/ontology/instance/Element_861708,AD1,861708
1-08-O,Doors,https://example.org/ontology/instance/Element_861340,AD2,861340
1-08-O,Doors,https://example.org/ontology/instance/Element_861498,PD1,861498
1-08-O,Doors,https://example.org/ontology/instance/Element_858869,SD2,858869
1-08-O,Doors,https://example.org/ontology/instance/Element_864283,SD5,864283
1-08-O,Floors,https://example.org/ontology/instance/Element_1059326,경질우레탄보드(T=70),1059326
1-08-O,Floors,https://example.org/ontology/instance/Element_1629308,경질우레탄보드(T=70),1629308
1-08-O,Floors,https://example.org/ontology/instance/Element_1218983,구배몰탈(T=70),1218983
1-08-O,Floors,https://example.org/ontology/instance/Element_915109,도막방수(T=3),915109
1-08-O,Floors,https://example.org/ontology/instance/Element_892768,시멘트몰탈(T=50),892768
1-08-O,Floors,https://example.org/ontology/instance/Element_894544,시멘트몰탈(T=50),894544
1-08-O,Floors,https://example.org/ontology/instance/Element_915099,시멘트몰탈(T=67),915099
1-08-O,Floors,https://example.org/ontology/instance/Element_893021,자기질타일(T=10),893021
1-08-O,Floors,https://example.org/ontology/instance/Element_793599,콘크리트(T=180),793599
1-08-O,Floors,https://example.org/ontology/instance/Element_793614,콘크리트(T=180),793614
1-08-O,Floors,https://example.org/ontology/instance/Element_894192,포세린타일(논슬립)(T=10),894192
1-08-O,Floors,https://example.org/ontology/instance/Element_894220,포세린타일(논슬립)(T=10),894220
1-08-O,Walls,https://example.org/ontology/instance/Element_793890,D1-METAL C-STUD,793890
1-08-O,Walls,https://example.org/ontology/instance/Element_793957,D1-METAL C-STUD,793957
1-08-O,Walls,https://example.org/ontology/instance/Element_794415,D1-METAL C-STUD,794415
1-08-O,Walls,https://example.org/ontology/instance/Element_794446,D1-METAL C-STUD,794446
1-08-O,Walls,https://example.org/ontology/instance/Element_794560,D1-METAL C-STUD,794560
1-08-O,Walls,https://example.org/ontology/instance/Element_794630,D1-METAL C-STUD,794630
1-08-O,Walls,https://example.org/ontology/instance/Element_794664,D1-METAL C-STUD,794664
1-08-O,Walls,https://example.org/ontology/instance/Element_794683,D1-METAL C-STUD,794683
1-08-O,Walls,https://example.org/ontology/instance/Element_795552,D1-METAL C-STUD,795552
1-08-O,Walls,https://example.org/ontology/instance/Element_795589,D1-METAL C-STUD,795589
1-08-O,Walls,https://example.org/ontology/instance/Element_795678,D1-METAL C-STUD,795678
1-08-O,Walls,https://example.org/ontology/instance/Element_795701,D1-METAL C-STUD,795701
1-08-O,Walls,https://example.org/ontology/instance/Element_829132,D1-METAL C-STUD,829132
1-08-O,Walls,https://example.org/ontology/instance/Element_829134,D1-METAL C-STUD,829134
1-08-O,Walls,https://example.org/ontology/instance/Element_829140,D1-METAL C-STUD,829140
1-08-O,Walls,https://example.org/ontology/instance/Element_2084801,D1-일반석고보드,2084801
1-08-O,Walls,https://example.org/ontology/instance/Element_2084802,D1-일반석고보드,2084802
1-08-O,Walls,https://example.org/ontology/instance/Element_2084803,D1-일반석고보드,2084803
1-08-O,Walls,https://example.org/ontology/instance/Element_2084804,D1-일반석고보드,2084804
1-08-O,Walls,https://example.org/ontology/instance/Element_2084812,D1-일반석고보드,2084812
1-08-O,Walls,https://example.org/ontology/instance/Element_2084813,D1-일반석고보드,2084813
1-08-O,Walls,https://example.org/ontology/instance/Element_2084814,D1-일반석고보드,2084814
1-08-O,Walls,https://example.org/ontology/instance/Element_2084815,D1-일반석고보드,2084815
1-08-O,Walls,https://example.org/ontology/instance/Element_2084816,D1-일반석고보드,2084816
1-08-O,Walls,https://example.org/ontology/instance/Element_2084817,D1-일반석고보드,2084817
1-08-O,Walls,https://example.org/ontology/instance/Element_2084818,D1-일반석고보드,2084818
1-08-O,Walls,https://example.org/ontology/instance/Element_2084819,D1-일반석고보드,2084819
1-08-O,Walls,https://example.org/ontology/instance/Element_2084821,D1-일반석고보드,2084821
1-08-O,Walls,https://example.org/ontology/instance/Element_2084822,D1-일반석고보드,2084822
1-08-O,Walls,https://example.org/ontology/instance/Element_2084823,D1-일반석고보드,2084823
1-08-O,Walls,https://example.org/ontology/instance/Element_2084824,D1-일반석고보드,2084824
1-08-O,Walls,https://example.org/ontology/instance/Element_2084833,D1-일반석고보드,2084833
1-08-O,Walls,https://example.org/ontology/instance/Element_2084834,D1-일반석고보드,2084834
1-08-O,Walls,https://example.org/ontology/instance/Element_2084836,D1-일반석고보드,2084836
1-08-O,Walls,https://example.org/ontology/instance/Element_2084837,D1-일반석고보드,2084837
1-08-O,Walls,https://example.org/ontology/instance/Element_2084838,D1-일반석고보드,2084838
1-08-O,Walls,https://example.org/ontology/instance/Element_2084839,D1-일반석고보드,2084839
1-08-O,Walls,https://example.org/ontology/instance/Element_2084840,D1-일반석고보드,2084840
1-08-O,Walls,https://example.org/ontology/instance/Element_2084841,D1-일반석고보드,2084841
1-08-O,Walls,https://example.org/ontology/instance/Element_2084851,D1-일반석고보드,2084851
1-08-O,Walls,https://example.org/ontology/instance/Element_2084852,D1-일반석고보드,2084852
1-08-O,Walls,https://example.org/ontology/instance/Element_2084853,D1-일반석고보드,2084853
1-08-O,Walls,https://example.org/ontology/instance/Element_2084854,D1-일반석고보드,2084854
1-08-O,Walls,https://example.org/ontology/instance/Element_2084856,D1-일반석고보드,2084856
1-08-O,Walls,https://example.org/ontology/instance/Element_2084857,D1-일반석고보드,2084857
1-08-O,Walls,https://example.org/ontology/instance/Element_793777,D2-METAL C-STUD,793777
1-08-O,Walls,https://example.org/ontology/instance/Element_2084775,D2-방화석고보드,2084775
1-08-O,Walls,https://example.org/ontology/instance/Element_2084776,D2-방화석고보드,2084776
1-08-O,Walls,https://example.org/ontology/instance/Element_796029,D3-METAL C-STUD,796029
1-08-O,Walls,https://example.org/ontology/instance/Element_2084842,D3-일반석고보드,2084842
1-08-O,Walls,https://example.org/ontology/instance/Element_2084843,D3-일반석고보드,2084843
1-08-O,Walls,https://example.org/ontology/instance/Element_2084844,D3-일반석고보드,2084844
1-08-O,Walls,https://example.org/ontology/instance/Element_2084845,D3-일반석고보드,2084845
1-08-O,Walls,https://example.org/ontology/instance/Element_794048,D4-그라스울보온재24k,794048
1-08-O,Walls,https://example.org/ontology/instance/Element_795002,D4-그라스울보온재24k,795002
1-08-O,Walls,https://example.org/ontology/instance/Element_795021,D4-그라스울보온재24k,795021
1-08-O,Walls,https://example.org/ontology/instance/Element_2084805,D4-일반석고보드,2084805
1-08-O,Walls,https://example.org/ontology/instance/Element_2084806,D4-일반석고보드,2084806
1-08-O,Walls,https://example.org/ontology/instance/Element_2084807,D4-일반석고보드,2084807
1-08-O,Walls,https://example.org/ontology/instance/Element_2084808,D4-일반석고보드,2084808
1-08-O,Walls,https://example.org/ontology/instance/Element_2084825,D4-일반석고보드,2084825
1-08-O,Walls,https://example.org/ontology/instance/Element_2084826,D4-일반석고보드,2084826
1-08-O,Walls,https://example.org/ontology/instance/Element_2084827,D4-일반석고보드,2084827
1-08-O,Walls,https://example.org/ontology/instance/Element_2084828,D4-일반석고보드,2084828
1-08-O,Walls,https://example.org/ontology/instance/Element_2084829,D4-일반석고보드,2084829
1-08-O,Walls,https://example.org/ontology/instance/Element_2084830,D4-일반석고보드,2084830
1-08-O,Walls,https://example.org/ontology/instance/Element_2084831,D4-일반석고보드,2084831
1-08-O,Walls,https://example.org/ontology/instance/Element_2084832,D4-일반석고보드,2084832
1-08-O,Walls,https://example.org/ontology/instance/Element_794388,DF1-METAL C-STUD,794388
1-08-O,Walls,https://example.org/ontology/instance/Element_2084810,DF1-방화석고보드,2084810
1-08-O,Walls,https://example.org/ontology/instance/Element_2084811,DF1-방화석고보드,2084811
1-08-O,Walls,https://example.org/ontology/instance/Element_796249,SGP패널(T=13),796249
1-08-O,Walls,https://example.org/ontology/instance/Element_796271,SGP패널(T=13),796271
1-08-O,Walls,https://example.org/ontology/instance/Element_796306,SGP패널(T=13),796306
1-08-O,Walls,https://example.org/ontology/instance/Element_796346,SGP패널(T=13),796346
1-08-O,Walls,https://example.org/ontology/instance/Element_796381,SGP패널(T=13),796381
1-08-O,Walls,https://example.org/ontology/instance/Element_796421,SGP패널(T=13),796421
1-08-O,Walls,https://example.org/ontology/instance/Element_796487,경질우레탄보드(T=120)(일면은박)-경질우레탄보드,796487
1-08-O,Walls,https://example.org/ontology/instance/Element_1474085,도막방수(T=3)-Hidden,1474085
1-08-O,Walls,https://example.org/ontology/instance/Element_1474086,도막방수(T=3)-Hidden,1474086
1-08-O,Walls,https://example.org/ontology/instance/Element_1474087,도막방수(T=3)-Hidden,1474087
1-08-O,Walls,https://example.org/ontology/instance/Element_1474088,도막방수(T=3)-Hidden,1474088
1-08-O,Walls,https://example.org/ontology/instance/Element_1474089,도막방수(T=3)-Hidden,1474089
1-08-O,Walls,https://example.org/ontology/instance/Element_1474090,도막방수(T=3)-Hidden,1474090
1-08-O,Walls,https://example.org/ontology/instance/Element_797392,석재단열패널(회색)(T=35),797392
1-08-O,Walls,https://example.org/ontology/instance/Element_829136,석재단열패널(회색)(T=35),829136
1-08-O,Walls,https://example.org/ontology/instance/Element_830796,우레탄심재 준불연단열재(T=100),830796
1-08-O,Walls,https://example.org/ontology/instance/Element_830797,우레탄심재 준불연단열재(T=100),830797
1-08-O,Walls,https://example.org/ontology/instance/Element_830858,우레탄심재 준불연단열재(T=100),830858
1-08-O,Walls,https://example.org/ontology/instance/Element_830859,우레탄심재 준불연단열재(T=100),830859
1-08-O,Walls,https://example.org/ontology/instance/Element_1218719,우레탄심재 준불연단열재(T=100),1218719
1-08-O,Walls,https://example.org/ontology/instance/Element_830798,우레탄심재 준불연단열재(T=70),830798
1-08-O,Walls,https://example.org/ontology/instance/Element_830941,우레탄심재 준불연단열재(T=70),830941
1-08-O,Walls,https://example.org/ontology/instance/Element_868501,우레탄심재 준불연단열재(T=70),868501
1-08-O,Walls,https://example.org/ontology/instance/Element_991165,우레탄심재 준불연단열재(T=70),991165
1-08-O,Walls,https://example.org/ontology/instance/Element_1148127,우레탄심재 준불연단열재(T=70),1148127
1-08-O,Walls,https://example.org/ontology/instance/Element_1148128,우레탄심재 준불연단열재(T=70),1148128
1-08-O,Walls,https://example.org/ontology/instance/Element_829131,일반석고보드(바탕용),829131
1-08-O,Walls,https://example.org/ontology/instance/Element_829135,일반석고보드(바탕용),829135
1-08-O,Walls,https://example.org/ontology/instance/Element_797329,칼라강판(T=15),797329
1-08-O,Walls,https://example.org/ontology/instance/Element_797801,칼라강판(T=15),797801
1-08-O,Walls,https://example.org/ontology/instance/Element_1430447,함석판(T=0.3),1430447
1-08-O,Windows,https://example.org/ontology/instance/Element_829141,AW5,829141
1-08-O,Windows,https://example.org/ontology/instance/Element_856846,PW2,856846
1-08-O,Windows,https://example.org/ontology/instance/Element_894073,PW3,894073
1-09-A,Doors,https://example.org/ontology/instance/Element_787100,PD1,787100
1-09-A,Doors,https://example.org/ontology/instance/Element_787098,SD1,787098
1-09-A,Doors,https://example.org/ontology/instance/Element_787101,SD2,787101
1-09-A,Doors,https://example.org/ontology/instance/Element_787102,SD3,787102
1-09-A,Doors,https://example.org/ontology/instance/Element_787099,SD5,787099
1-09-A,Floors,https://example.org/ontology/instance/Element_787025,강마루(T=7.5),787025
1-09-A,Floors,https://example.org/ontology/instance/Element_786995,경량기포콘크리트(T=40),786995
1-09-A,Floors,https://example.org/ontology/instance/Element_1059290,경질우레탄보드(T=30),1059290
1-09-A,Floors,https://example.org/ontology/instance/Element_786980,경질우레탄보드(T=50),786980
1-09-A,Floors,https://example.org/ontology/instance/Element_1059303,경질우레탄보드(T=70),1059303
1-09-A,Floors,https://example.org/ontology/instance/Element_1629294,경질우레탄보드(T=70),1629294
1-09-A,Floors,https://example.org/ontology/instance/Element_787091,구배몰탈(T=70),787091
1-09-A,Floors,https://example.org/ontology/instance/Element_787058,도막방수(T=3),787058
1-09-A,Floors,https://example.org/ontology/instance/Element_787010,시멘트몰탈(T=42.5),787010
1-09-A,Floors,https://example.org/ontology/instance/Element_787073,시멘트몰탈(T=67),787073
1-09-A,Floors,https://example.org/ontology/instance/Element_787040,시멘트몰탈(T=70),787040
1-09-A,Floors,https://example.org/ontology/instance/Element_787082,자기질타일(T=10),787082
1-09-A,Floors,https://example.org/ontology/instance/Element_786952,콘크리트(T=180),786952
1-09-A,Floors,https://example.org/ontology/instance/Element_786967,콘크리트(T=180),786967
1-09-A,Floors,https://example.org/ontology/instance/Element_787049,포세린타일(T=10),787049
1-09-A,Walls,https://example.org/ontology/instance/Element_786934,D1-METAL C-STUD,786934
1-09-A,Walls,https://example.org/ontology/instance/Element_786935,D1-METAL C-STUD,786935
1-09-A,Walls,https://example.org/ontology/instance/Element_786936,D1-METAL C-STUD,786936
1-09-A,Walls,https://example.org/ontology/instance/Element_786940,D1-METAL C-STUD,786940
1-09-A,Walls,https://example.org/ontology/instance/Element_786941,D1-METAL C-STUD,786941
1-09-A,Walls,https://example.org/ontology/instance/Element_786944,D1-METAL C-STUD,786944
1-09-A,Walls,https://example.org/ontology/instance/Element_786948,D1-METAL C-STUD,786948
1-09-A,Walls,https://example.org/ontology/instance/Element_786949,D1-METAL C-STUD,786949
1-09-A,Walls,https://example.org/ontology/instance/Element_829155,D1-METAL C-STUD,829155
1-09-A,Walls,https://example.org/ontology/instance/Element_829157,D1-METAL C-STUD,829157
1-09-A,Walls,https://example.org/ontology/instance/Element_829163,D1-METAL C-STUD,829163
1-09-A,Walls,https://example.org/ontology/instance/Element_2084899,D1-일반석고보드,2084899
1-09-A,Walls,https://example.org/ontology/instance/Element_2084900,D1-일반석고보드,2084900
1-09-A,Walls,https://example.org/ontology/instance/Element_2084902,D1-일반석고보드,2084902
1-09-A,Walls,https://example.org/ontology/instance/Element_2084903,D1-일반석고보드,2084903
1-09-A,Walls,https://example.org/ontology/instance/Element_2084904,D1-일반석고보드,2084904
1-09-A,Walls,https://example.org/ontology/instance/Element_2084905,D1-일반석고보드,2084905
1-09-A,Walls,https://example.org/ontology/instance/Element_2084920,D1-일반석고보드,2084920
1-09-A,Walls,https://example.org/ontology/instance/Element_2084921,D1-일반석고보드,2084921
1-09-A,Walls,https://example.org/ontology/instance/Element_2084922,D1-일반석고보드,2084922
1-09-A,Walls,https://example.org/ontology/instance/Element_2084923,D1-일반석고보드,2084923
1-09-A,Walls,https://example.org/ontology/instance/Element_2084926,D1-일반석고보드,2084926
1-09-A,Walls,https://example.org/ontology/instance/Element_2084927,D1-일반석고보드,2084927
1-09-A,Walls,https://example.org/ontology/instance/Element_2084936,D1-일반석고보드,2084936
1-09-A,Walls,https://example.org/ontology/instance/Element_2084937,D1-일반석고보드,2084937
1-09-A,Walls,https://example.org/ontology/instance/Element_2084938,D1-일반석고보드,2084938
1-09-A,Walls,https://example.org/ontology/instance/Element_2084939,D1-일반석고보드,2084939
1-09-A,Walls,https://example.org/ontology/instance/Element_2084941,D1-일반석고보드,2084941
1-09-A,Walls,https://example.org/ontology/instance/Element_2084942,D1-일반석고보드,2084942
1-09-A,Walls,https://example.org/ontology/instance/Element_2084943,D1-일반석고보드,2084943
1-09-A,Walls,https://example.org/ontology/instance/Element_2084944,D1-일반석고보드,2084944
1-09-A,Walls,https://example.org/ontology/instance/Element_2084946,D1-일반석고보드,2084946
1-09-A,Walls,https://example.org/ontology/instance/Element_2084947,D1-일반석고보드,2084947
1-09-A,Walls,https://example.org/ontology/instance/Element_786939,D3-METAL C-STUD,786939
1-09-A,Walls,https://example.org/ontology/instance/Element_2084916,D3-일반석고보드,2084916
1-09-A,Walls,https://example.org/ontology/instance/Element_2084917,D3-일반석고보드,2084917
1-09-A,Walls,https://example.org/ontology/instance/Element_2084918,D3-일반석고보드,2084918
1-09-A,Walls,https://example.org/ontology/instance/Element_2084919,D3-일반석고보드,2084919
1-09-A,Walls,https://example.org/ontology/instance/Element_786938,D4-그라스울보온재24k,786938
1-09-A,Walls,https://example.org/ontology/instance/Element_786945,D4-그라스울보온재24k,786945
1-09-A,Walls,https://example.org/ontology/instance/Element_786946,D4-그라스울보온재24k,786946
1-09-A,Walls,https://example.org/ontology/instance/Element_2084908,D4-일반석고보드,2084908
1-09-A,Walls,https://example.org/ontology/instance/Element_2084909,D4-일반석고보드,2084909
1-09-A,Walls,https://example.org/ontology/instance/Element_2084910,D4-일반석고보드,2084910
1-09-A,Walls,https://example.org/ontology/instance/Element_2084911,D4-일반석고보드,2084911
1-09-A,Walls,https://example.org/ontology/instance/Element_2084928,D4-일반석고보드,2084928
1-09-A,Walls,https://example.org/ontology/instance/Element_2084929,D4-일반석고보드,2084929
1-09-A,Walls,https://example.org/ontology/instance/Element_2084930,D4-일반석고보드,2084930
1-09-A,Walls,https://example.org/ontology/instance/Element_2084931,D4-일반석고보드,2084931
1-09-A,Walls,https://example.org/ontology/instance/Element_2084932,D4-일반석고보드,2084932
1-09-A,Walls,https://example.org/ontology/instance/Element_2084933,D4-일반석고보드,2084933
1-09-A,Walls,https://example.org/ontology/instance/Element_2084934,D4-일반석고보드,2084934
1-09-A,Walls,https://example.org/ontology/instance/Element_2084935,D4-일반석고보드,2084935
1-09-A,Walls,https://example.org/ontology/instance/Element_786942,D8-METAL C-STUD,786942
1-09-A,Walls,https://example.org/ontology/instance/Element_2084924,D8-일반석고보드,2084924
1-09-A,Walls,https://example.org/ontology/instance/Element_2084925,D8-합판,2084925
1-09-A,Walls,https://example.org/ontology/instance/Element_786933,DF1-METAL C-STUD,786933
1-09-A,Walls,https://example.org/ontology/instance/Element_2084897,DF1-방화석고보드,2084897
1-09-A,Walls,https://example.org/ontology/instance/Element_2084898,DF1-방화석고보드,2084898
1-09-A,Walls,https://example.org/ontology/instance/Element_786937,DF2-그라스울보온재24k,786937
1-09-A,Walls,https://example.org/ontology/instance/Element_2084906,DF2-방화석고보드,2084906
1-09-A,Walls,https://example.org/ontology/instance/Element_2084907,DF2-방화석고보드,2084907
1-09-A,Walls,https://example.org/ontology/instance/Element_786943,HiddenWall,786943
1-09-A,Walls,https://example.org/ontology/instance/Element_787065,SGP패널(T=13),787065
1-09-A,Walls,https://example.org/ontology/instance/Element_787066,SGP패널(T=13),787066
1-09-A,Walls,https://example.org/ontology/instance/Element_787067,SGP패널(T=13),787067
1-09-A,Walls,https://example.org/ontology/instance/Element_787068,SGP패널(T=13),787068
1-09-A,Walls,https://example.org/ontology/instance/Element_787069,SGP패널(T=13),787069
1-09-A,Walls,https://example.org/ontology/instance/Element_787070,SGP패널(T=13),787070
1-09-A,Walls,https://example.org/ontology/instance/Element_786947,경질우레탄보드(T=120)(일면은박)-경질우레탄보드,786947
1-09-A,Walls,https://example.org/ontology/instance/Element_1474112,도막방수(T=3)-Hidden,1474112
1-09-A,Walls,https://example.org/ontology/instance/Element_1474113,도막방수(T=3)-Hidden,1474113
1-09-A,Walls,https://example.org/ontology/instance/Element_1474114,도막방수(T=3)-Hidden,1474114
1-09-A,Walls,https://example.org/ontology/instance/Element_1474115,도막방수(T=3)-Hidden,1474115
1-09-A,Walls,https://example.org/ontology/instance/Element_1474116,도막방수(T=3)-Hidden,1474116
1-09-A,Walls,https://example.org/ontology/instance/Element_1474117,도막방수(T=3)-Hidden,1474117
1-09-A,Walls,https://example.org/ontology/instance/Element_787277,석재단열패널(회색)(T=35),787277
1-09-A,Walls,https://example.org/ontology/instance/Element_829159,석재단열패널(회색)(T=35),829159
1-09-A,Walls,https://example.org/ontology/instance/Element_787310,우레탄심재 준불연단열재(T=100),787310
1-09-A,Walls,https://example.org/ontology/instance/Element_787311,우레탄심재 준불연단열재(T=100),787311
1-09-A,Walls,https://example.org/ontology/instance/Element_787312,우레탄심재 준불연단열재(T=100),787312
1-09-A,Walls,https://example.org/ontology/instance/Element_787313,우레탄심재 준불연단열재(T=100),787313
1-09-A,Walls,https://example.org/ontology/instance/Element_787314,우레탄심재 준불연단열재(T=70),787314
1-09-A,Walls,https://example.org/ontology/instance/Element_787315,우레탄심재 준불연단열재(T=70),787315
1-09-A,Walls,https://example.org/ontology/instance/Element_991065,우레탄심재 준불연단열재(T=70),991065
1-09-A,Walls,https://example.org/ontology/instance/Element_1147678,우레탄심재 준불연단열재(T=70),1147678
1-09-A,Walls,https://example.org/ontology/instance/Element_1147679,우레탄심재 준불연단열재(T=70),1147679
1-09-A,Walls,https://example.org/ontology/instance/Element_829154,일반석고보드(바탕용),829154
1-09-A,Walls,https://example.org/ontology/instance/Element_829158,일반석고보드(바탕용),829158
1-09-A,Walls,https://example.org/ontology/instance/Element_787279,칼라강판(T=15),787279
1-09-A,Walls,https://example.org/ontology/instance/Element_787280,칼라강판(T=15),787280
1-09-A,Walls,https://example.org/ontology/instance/Element_1430501,함석판(T=0.3),1430501
1-09-A,Windows,https://example.org/ontology/instance/Element_829164,AW5,829164
1-09-A,Windows,https://example.org/ontology/instance/Element_787255,PW1,787255
1-09-A,Windows,https://example.org/ontology/instance/Element_787256,PW2,787256
1-10-A,Doors,https://example.org/ontology/instance/Element_788208,PD1,788208
1-10-A,Doors,https://example.org/ontology/instance/Element_788206,SD1,788206
1-10-A,Doors,https://example.org/ontology/instance/Element_788209,SD2,788209
1-10-A,Doors,https://example.org/ontology/instance/Element_788210,SD3,788210
1-10-A,Doors,https://example.org/ontology/instance/Element_788207,SD5,788207
1-10-A,Floors,https://example.org/ontology/instance/Element_788133,강마루(T=7.5),788133
1-10-A,Floors,https://example.org/ontology/instance/Element_788103,경량기포콘크리트(T=40),788103
1-10-A,Floors,https://example.org/ontology/instance/Element_1059254,경질우레탄보드(T=30),1059254
1-10-A,Floors,https://example.org/ontology/instance/Element_788088,경질우레탄보드(T=50),788088
1-10-A,Floors,https://example.org/ontology/instance/Element_1369965,경질우레탄보드(T=70),1369965
1-10-A,Floors,https://example.org/ontology/instance/Element_1629280,경질우레탄보드(T=70),1629280
1-10-A,Floors,https://example.org/ontology/instance/Element_788199,구배몰탈(T=70),788199
1-10-A,Floors,https://example.org/ontology/instance/Element_788166,도막방수(T=3),788166
1-10-A,Floors,https://example.org/ontology/instance/Element_1369890,시멘트몰탈(T=42.5),1369890
1-10-A,Floors,https://example.org/ontology/instance/Element_788181,시멘트몰탈(T=67),788181
1-10-A,Floors,https://example.org/ontology/instance/Element_788148,시멘트몰탈(T=70),788148
1-10-A,Floors,https://example.org/ontology/instance/Element_788190,자기질타일(T=10),788190
1-10-A,Floors,https://example.org/ontology/instance/Element_788060,콘크리트(T=180),788060
1-10-A,Floors,https://example.org/ontology/instance/Element_788075,콘크리트(T=180),788075
1-10-A,Floors,https://example.org/ontology/instance/Element_788157,포세린타일(T=10),788157
1-10-A,Walls,https://example.org/ontology/instance/Element_788042,D1-METAL C-STUD,788042
1-10-A,Walls,https://example.org/ontology/instance/Element_788043,D1-METAL C-STUD,788043
1-10-A,Walls,https://example.org/ontology/instance/Element_788044,D1-METAL C-STUD,788044
1-10-A,Walls,https://example.org/ontology/instance/Element_788048,D1-METAL C-STUD,788048
1-10-A,Walls,https://example.org/ontology/instance/Element_788049,D1-METAL C-STUD,788049
1-10-A,Walls,https://example.org/ontology/instance/Element_788052,D1-METAL C-STUD,788052
1-10-A,Walls,https://example.org/ontology/instance/Element_788056,D1-METAL C-STUD,788056
1-10-A,Walls,https://example.org/ontology/instance/Element_788057,D1-METAL C-STUD,788057
1-10-A,Walls,https://example.org/ontology/instance/Element_829178,D1-METAL C-STUD,829178
1-10-A,Walls,https://example.org/ontology/instance/Element_829179,D1-METAL C-STUD,829179
1-10-A,Walls,https://example.org/ontology/instance/Element_829180,D1-METAL C-STUD,829180
1-10-A,Walls,https://example.org/ontology/instance/Element_2084987,D1-일반석고보드,2084987
1-10-A,Walls,https://example.org/ontology/instance/Element_2084988,D1-일반석고보드,2084988
1-10-A,Walls,https://example.org/ontology/instance/Element_2084990,D1-일반석고보드,2084990
1-10-A,Walls,https://example.org/ontology/instance/Element_2084991,D1-일반석고보드,2084991
1-10-A,Walls,https://example.org/ontology/instance/Element_2084992,D1-일반석고보드,2084992
1-10-A,Walls,https://example.org/ontology/instance/Element_2084993,D1-일반석고보드,2084993
1-10-A,Walls,https://example.org/ontology/instance/Element_2085005,D1-일반석고보드,2085005
1-10-A,Walls,https://example.org/ontology/instance/Element_2085006,D1-일반석고보드,2085006
1-10-A,Walls,https://example.org/ontology/instance/Element_2085007,D1-일반석고보드,2085007
1-10-A,Walls,https://example.org/ontology/instance/Element_2085008,D1-일반석고보드,2085008
1-10-A,Walls,https://example.org/ontology/instance/Element_2085011,D1-일반석고보드,2085011
1-10-A,Walls,https://example.org/ontology/instance/Element_2085012,D1-일반석고보드,2085012
1-10-A,Walls,https://example.org/ontology/instance/Element_2085021,D1-일반석고보드,2085021
1-10-A,Walls,https://example.org/ontology/instance/Element_2085022,D1-일반석고보드,2085022
1-10-A,Walls,https://example.org/ontology/instance/Element_2085023,D1-일반석고보드,2085023
1-10-A,Walls,https://example.org/ontology/instance/Element_2085024,D1-일반석고보드,2085024
1-10-A,Walls,https://example.org/ontology/instance/Element_2085026,D1-일반석고보드,2085026
1-10-A,Walls,https://example.org/ontology/instance/Element_2085027,D1-일반석고보드,2085027
1-10-A,Walls,https://example.org/ontology/instance/Element_2085028,D1-일반석고보드,2085028
1-10-A,Walls,https://example.org/ontology/instance/Element_2085029,D1-일반석고보드,2085029
1-10-A,Walls,https://example.org/ontology/instance/Element_2085030,D1-일반석고보드,2085030
1-10-A,Walls,https://example.org/ontology/instance/Element_2085031,D1-일반석고보드,2085031
1-10-A,Walls,https://example.org/ontology/instance/Element_788047,D3-METAL C-STUD,788047
1-10-A,Walls,https://example.org/ontology/instance/Element_2085001,D3-일반석고보드,2085001
1-10-A,Walls,https://example.org/ontology/instance/Element_2085002,D3-일반석고보드,2085002
1-10-A,Walls,https://example.org/ontology/instance/Element_2085003,D3-일반석고보드,2085003
1-10-A,Walls,https://example.org/ontology/instance/Element_2085004,D3-일반석고보드,2085004
1-10-A,Walls,https://example.org/ontology/instance/Element_788046,D4-그라스울보온재24k,788046
1-10-A,Walls,https://example.org/ontology/instance/Element_788053,D4-그라스울보온재24k,788053
1-10-A,Walls,https://example.org/ontology/instance/Element_788054,D4-그라스울보온재24k,788054
1-10-A,Walls,https://example.org/ontology/instance/Element_2084996,D4-일반석고보드,2084996
1-10-A,Walls,https://example.org/ontology/instance/Element_2084997,D4-일반석고보드,2084997
1-10-A,Walls,https://example.org/ontology/instance/Element_2084998,D4-일반석고보드,2084998
1-10-A,Walls,https://example.org/ontology/instance/Element_2084999,D4-일반석고보드,2084999
1-10-A,Walls,https://example.org/ontology/instance/Element_2085013,D4-일반석고보드,2085013
1-10-A,Walls,https://example.org/ontology/instance/Element_2085014,D4-일반석고보드,2085014
1-10-A,Walls,https://example.org/ontology/instance/Element_2085015,D4-일반석고보드,2085015
1-10-A,Walls,https://example.org/ontology/instance/Element_2085016,D4-일반석고보드,2085016
1-10-A,Walls,https://example.org/ontology/instance/Element_2085017,D4-일반석고보드,2085017
1-10-A,Walls,https://example.org/ontology/instance/Element_2085018,D4-일반석고보드,2085018
1-10-A,Walls,https://example.org/ontology/instance/Element_2085019,D4-일반석고보드,2085019
1-10-A,Walls,https://example.org/ontology/instance/Element_2085020,D4-일반석고보드,2085020
1-10-A,Walls,https://example.org/ontology/instance/Element_788050,D8-METAL C-STUD,788050
1-10-A,Walls,https://example.org/ontology/instance/Element_2085009,D8-일반석고보드,2085009
1-10-A,Walls,https://example.org/ontology/instance/Element_2085010,D8-합판,2085010
1-10-A,Walls,https://example.org/ontology/instance/Element_788045,DF1-METAL C-STUD,788045
1-10-A,Walls,https://example.org/ontology/instance/Element_2084994,DF1-방화석고보드,2084994
1-10-A,Walls,https://example.org/ontology/instance/Element_2084995,DF1-방화석고보드,2084995
1-10-A,Walls,https://example.org/ontology/instance/Element_788041,DF2-그라스울보온재24k,788041
1-10-A,Walls,https://example.org/ontology/instance/Element_2084985,DF2-방화석고보드,2084985
1-10-A,Walls,https://example.org/ontology/instance/Element_2084986,DF2-방화석고보드,2084986
1-10-A,Walls,https://example.org/ontology/instance/Element_788051,HiddenWall,788051
1-10-A,Walls,https://example.org/ontology/instance/Element_788173,SGP패널(T=13),788173
1-10-A,Walls,https://example.org/ontology/instance/Element_788174,SGP패널(T=13),788174
1-10-A,Walls,https://example.org/ontology/instance/Element_788175,SGP패널(T=13),788175
1-10-A,Walls,https://example.org/ontology/instance/Element_788176,SGP패널(T=13),788176
1-10-A,Walls,https://example.org/ontology/instance/Element_788177,SGP패널(T=13),788177
1-10-A,Walls,https://example.org/ontology/instance/Element_788178,SGP패널(T=13),788178
1-10-A,Walls,https://example.org/ontology/instance/Element_788055,경질우레탄보드(T=120)(일면은박)-경질우레탄보드,788055
1-10-A,Walls,https://example.org/ontology/instance/Element_1474131,도막방수(T=3)-Hidden,1474131
1-10-A,Walls,https://example.org/ontology/instance/Element_1474132,도막방수(T=3)-Hidden,1474132
1-10-A,Walls,https://example.org/ontology/instance/Element_1474133,도막방수(T=3)-Hidden,1474133
1-10-A,Walls,https://example.org/ontology/instance/Element_1474134,도막방수(T=3)-Hidden,1474134
1-10-A,Walls,https://example.org/ontology/instance/Element_1474135,도막방수(T=3)-Hidden,1474135
1-10-A,Walls,https://example.org/ontology/instance/Element_1474136,도막방수(T=3)-Hidden,1474136
1-10-A,Walls,https://example.org/ontology/instance/Element_788384,석재단열패널(회색)(T=35),788384
1-10-A,Walls,https://example.org/ontology/instance/Element_829182,석재단열패널(회색)(T=35),829182
1-10-A,Walls,https://example.org/ontology/instance/Element_788417,우레탄심재 준불연단열재(T=100),788417
1-10-A,Walls,https://example.org/ontology/instance/Element_788418,우레탄심재 준불연단열재(T=100),788418
1-10-A,Walls,https://example.org/ontology/instance/Element_788419,우레탄심재 준불연단열재(T=100),788419
1-10-A,Walls,https://example.org/ontology/instance/Element_788420,우레탄심재 준불연단열재(T=100),788420
1-10-A,Walls,https://example.org/ontology/instance/Element_788421,우레탄심재 준불연단열재(T=70),788421
1-10-A,Walls,https://example.org/ontology/instance/Element_788422,우레탄심재 준불연단열재(T=70),788422
1-10-A,Walls,https://example.org/ontology/instance/Element_991024,우레탄심재 준불연단열재(T=70),991024
1-10-A,Walls,https://example.org/ontology/instance/Element_993876,우레탄심재 준불연단열재(T=70),993876
1-10-A,Walls,https://example.org/ontology/instance/Element_993964,우레탄심재 준불연단열재(T=70),993964
1-10-A,Walls,https://example.org/ontology/instance/Element_829177,일반석고보드(바탕용),829177
1-10-A,Walls,https://example.org/ontology/instance/Element_829181,일반석고보드(바탕용),829181
1-10-A,Walls,https://example.org/ontology/instance/Element_788386,칼라강판(T=15),788386
1-10-A,Walls,https://example.org/ontology/instance/Element_788387,칼라강판(T=15),788387
1-10-A,Walls,https://example.org/ontology/instance/Element_1430574,함석판(T=0.3),1430574
1-10-A,Windows,https://example.org/ontology/instance/Element_829187,AW5,829187
1-10-A,Windows,https://example.org/ontology/instance/Element_788362,PW1,788362
1-10-A,Windows,https://example.org/ontology/instance/Element_788363,PW2,788363
1-11-A,Doors,https://example.org/ontology/instance/Element_787675,PD1,787675
1-11-A,Doors,https://example.org/ontology/instance/Element_787673,SD1,787673
1-11-A,Doors,https://example.org/ontology/instance/Element_787676,SD2,787676
1-11-A,Doors,https://example.org/ontology/instance/Element_787677,SD3,787677
1-11-A,Doors,https://example.org/ontology/instance/Element_787674,SD5,787674
1-11-A,Floors,https://example.org/ontology/instance/Element_787600,강마루(T=7.5),787600
1-11-A,Floors,https://example.org/ontology/instance/Element_787570,경량기포콘크리트(T=40),787570
1-11-A,Floors,https://example.org/ontology/instance/Element_1059212,경질우레탄보드(T=30),1059212
1-11-A,Floors,https://example.org/ontology/instance/Element_787555,경질우레탄보드(T=50),787555
1-11-A,Floors,https://example.org/ontology/instance/Element_1369983,경질우레탄보드(T=70),1369983
1-11-A,Floors,https://example.org/ontology/instance/Element_1628986,경질우레탄보드(T=70),1628986
1-11-A,Floors,https://example.org/ontology/instance/Element_787666,구배몰탈(T=70),787666
1-11-A,Floors,https://example.org/ontology/instance/Element_787633,도막방수(T=3),787633
1-11-A,Floors,https://example.org/ontology/instance/Element_787585,시멘트몰탈(T=42.5),787585
1-11-A,Floors,https://example.org/ontology/instance/Element_787648,시멘트몰탈(T=67),787648
1-11-A,Floors,https://example.org/ontology/instance/Element_787615,시멘트몰탈(T=70),787615
1-11-A,Floors,https://example.org/ontology/instance/Element_787657,자기질타일(T=10),787657
1-11-A,Floors,https://example.org/ontology/instance/Element_787527,콘크리트(T=180),787527
1-11-A,Floors,https://example.org/ontology/instance/Element_787542,콘크리트(T=180),787542
1-11-A,Floors,https://example.org/ontology/instance/Element_787624,포세린타일(T=10),787624
1-11-A,Walls,https://example.org/ontology/instance/Element_787509,D1-METAL C-STUD,787509
1-11-A,Walls,https://example.org/ontology/instance/Element_787510,D1-METAL C-STUD,787510
1-11-A,Walls,https://example.org/ontology/instance/Element_787511,D1-METAL C-STUD,787511
1-11-A,Walls,https://example.org/ontology/instance/Element_787515,D1-METAL C-STUD,787515
1-11-A,Walls,https://example.org/ontology/instance/Element_787516,D1-METAL C-STUD,787516
1-11-A,Walls,https://example.org/ontology/instance/Element_787519,D1-METAL C-STUD,787519
1-11-A,Walls,https://example.org/ontology/instance/Element_787523,D1-METAL C-STUD,787523
1-11-A,Walls,https://example.org/ontology/instance/Element_787524,D1-METAL C-STUD,787524
1-11-A,Walls,https://example.org/ontology/instance/Element_799962,D1-METAL C-STUD,799962
1-11-A,Walls,https://example.org/ontology/instance/Element_829315,D1-METAL C-STUD,829315
1-11-A,Walls,https://example.org/ontology/instance/Element_829317,D1-METAL C-STUD,829317
1-11-A,Walls,https://example.org/ontology/instance/Element_829318,D1-METAL C-STUD,829318
1-11-A,Walls,https://example.org/ontology/instance/Element_829323,D1-METAL C-STUD,829323
1-11-A,Walls,https://example.org/ontology/instance/Element_2085053,D1-일반석고보드,2085053
1-11-A,Walls,https://example.org/ontology/instance/Element_2085054,D1-일반석고보드,2085054
1-11-A,Walls,https://example.org/ontology/instance/Element_2085056,D1-일반석고보드,2085056
1-11-A,Walls,https://example.org/ontology/instance/Element_2085057,D1-일반석고보드,2085057
1-11-A,Walls,https://example.org/ontology/instance/Element_2085058,D1-일반석고보드,2085058
1-11-A,Walls,https://example.org/ontology/instance/Element_2085059,D1-일반석고보드,2085059
1-11-A,Walls,https://example.org/ontology/instance/Element_2085071,D1-일반석고보드,2085071
1-11-A,Walls,https://example.org/ontology/instance/Element_2085072,D1-일반석고보드,2085072
1-11-A,Walls,https://example.org/ontology/instance/Element_2085073,D1-일반석고보드,2085073
1-11-A,Walls,https://example.org/ontology/instance/Element_2085074,D1-일반석고보드,2085074
1-11-A,Walls,https://example.org/ontology/instance/Element_2085077,D1-일반석고보드,2085077
1-11-A,Walls,https://example.org/ontology/instance/Element_2085078,D1-일반석고보드,2085078
1-11-A,Walls,https://example.org/ontology/instance/Element_2085087,D1-일반석고보드,2085087
1-11-A,Walls,https://example.org/ontology/instance/Element_2085088,D1-일반석고보드,2085088
1-11-A,Walls,https://example.org/ontology/instance/Element_2085089,D1-일반석고보드,2085089
1-11-A,Walls,https://example.org/ontology/instance/Element_2085090,D1-일반석고보드,2085090
1-11-A,Walls,https://example.org/ontology/instance/Element_2085119,D1-일반석고보드,2085119
1-11-A,Walls,https://example.org/ontology/instance/Element_2085120,D1-일반석고보드,2085120
1-11-A,Walls,https://example.org/ontology/instance/Element_2085121,D1-일반석고보드,2085121
1-11-A,Walls,https://example.org/ontology/instance/Element_2085122,D1-일반석고보드,2085122
1-11-A,Walls,https://example.org/ontology/instance/Element_2085123,D1-일반석고보드,2085123
1-11-A,Walls,https://example.org/ontology/instance/Element_2085124,D1-일반석고보드,2085124
1-11-A,Walls,https://example.org/ontology/instance/Element_2085125,D1-일반석고보드,2085125
1-11-A,Walls,https://example.org/ontology/instance/Element_2085126,D1-일반석고보드,2085126
1-11-A,Walls,https://example.org/ontology/instance/Element_2085128,D1-일반석고보드,2085128
1-11-A,Walls,https://example.org/ontology/instance/Element_2085129,D1-일반석고보드,2085129
1-11-A,Walls,https://example.org/ontology/instance/Element_2085131,D1-일반석고보드,2085131
1-11-A,Walls,https://example.org/ontology/instance/Element_2085132,D1-일반석고보드,2085132
1-11-A,Walls,https://example.org/ontology/instance/Element_2085133,D1-일반석고보드,2085133
1-11-A,Walls,https://example.org/ontology/instance/Element_2085134,D1-일반석고보드,2085134
1-11-A,Walls,https://example.org/ontology/instance/Element_787514,D3-METAL C-STUD,787514
1-11-A,Walls,https://example.org/ontology/instance/Element_2085067,D3-일반석고보드,2085067
1-11-A,Walls,https://example.org/ontology/instance/Element_2085068,D3-일반석고보드,2085068
1-11-A,Walls,https://example.org/ontology/instance/Element_2085069,D3-일반석고보드,2085069
1-11-A,Walls,https://example.org/ontology/instance/Element_2085070,D3-일반석고보드,2085070
1-11-A,Walls,https://example.org/ontology/instance/Element_787513,D4-그라스울보온재24k,787513
1-11-A,Walls,https://example.org/ontology/instance/Element_787520,D4-그라스울보온재24k,787520
1-11-A,Walls,https://example.org/ontology/instance/Element_787521,D4-그라스울보온재24k,787521
1-11-A,Walls,https://example.org/ontology/instance/Element_2085062,D4-일반석고보드,2085062
1-11-A,Walls,https://example.org/ontology/instance/Element_2085063,D4-일반석고보드,2085063
1-11-A,Walls,https://example.org/ontology/instance/Element_2085064,D4-일반석고보드,2085064
1-11-A,Walls,https://example.org/ontology/instance/Element_2085065,D4-일반석고보드,2085065
1-11-A,Walls,https://example.org/ontology/instance/Element_2085079,D4-일반석고보드,2085079
1-11-A,Walls,https://example.org/ontology/instance/Element_2085080,D4-일반석고보드,2085080
1-11-A,Walls,https://example.org/ontology/instance/Element_2085081,D4-일반석고보드,2085081
1-11-A,Walls,https://example.org/ontology/instance/Element_2085082,D4-일반석고보드,2085082
1-11-A,Walls,https://example.org/ontology/instance/Element_2085083,D4-일반석고보드,2085083
1-11-A,Walls,https://example.org/ontology/instance/Element_2085084,D4-일반석고보드,2085084
1-11-A,Walls,https://example.org/ontology/instance/Element_2085085,D4-일반석고보드,2085085
1-11-A,Walls,https://example.org/ontology/instance/Element_2085086,D4-일반석고보드,2085086
1-11-A,Walls,https://example.org/ontology/instance/Element_787517,D8-METAL C-STUD,787517
1-11-A,Walls,https://example.org/ontology/instance/Element_2085075,D8-일반석고보드,2085075
1-11-A,Walls,https://example.org/ontology/instance/Element_2085076,D8-합판,2085076
1-11-A,Walls,https://example.org/ontology/instance/Element_787508,DF1-METAL C-STUD,787508
1-11-A,Walls,https://example.org/ontology/instance/Element_2085051,DF1-방화석고보드,2085051
1-11-A,Walls,https://example.org/ontology/instance/Element_2085052,DF1-방화석고보드,2085052
1-11-A,Walls,https://example.org/ontology/instance/Element_787512,DF2-그라스울보온재24k,787512
1-11-A,Walls,https://example.org/ontology/instance/Element_2085060,DF2-방화석고보드,2085060
1-11-A,Walls,https://example.org/ontology/instance/Element_2085061,DF2-방화석고보드,2085061
1-11-A,Walls,https://example.org/ontology/instance/Element_787518,HiddenWall,787518
1-11-A,Walls,https://example.org/ontology/instance/Element_787640,SGP패널(T=13),787640
1-11-A,Walls,https://example.org/ontology/instance/Element_787641,SGP패널(T=13),787641
1-11-A,Walls,https://example.org/ontology/instance/Element_787642,SGP패널(T=13),787642
1-11-A,Walls,https://example.org/ontology/instance/Element_787643,SGP패널(T=13),787643
1-11-A,Walls,https://example.org/ontology/instance/Element_787644,SGP패널(T=13),787644
1-11-A,Walls,https://example.org/ontology/instance/Element_787645,SGP패널(T=13),787645
1-11-A,Walls,https://example.org/ontology/instance/Element_787522,경질우레탄보드(T=120)(일면은박)-경질우레탄보드,787522
1-11-A,Walls,https://example.org/ontology/instance/Element_799538,경질우레탄보드(T=120)(일면은박)-경질우레탄보드,799538
1-11-A,Walls,https://example.org/ontology/instance/Element_1474150,도막방수(T=3)-Hidden,1474150
1-11-A,Walls,https://example.org/ontology/instance/Element_1474151,도막방수(T=3)-Hidden,1474151
1-11-A,Walls,https://example.org/ontology/instance/Element_1474152,도막방수(T=3)-Hidden,1474152
1-11-A,Walls,https://example.org/ontology/instance/Element_1474153,도막방수(T=3)-Hidden,1474153
1-11-A,Walls,https://example.org/ontology/instance/Element_1474154,도막방수(T=3)-Hidden,1474154
1-11-A,Walls,https://example.org/ontology/instance/Element_1474155,도막방수(T=3)-Hidden,1474155
1-11-A,Walls,https://example.org/ontology/instance/Element_798767,석재단열패널(연한회색)(T=35),798767
1-11-A,Walls,https://example.org/ontology/instance/Element_2085117,석재단열패널(연한회색)(T=35),2085117
1-11-A,Walls,https://example.org/ontology/instance/Element_787851,석재단열패널(회색)(T=35),787851
1-11-A,Walls,https://example.org/ontology/instance/Element_2085130,석재단열패널(회색)(T=35),2085130
1-11-A,Walls,https://example.org/ontology/instance/Element_2609520,석재단열패널(회색)(T=35),2609520
1-11-A,Walls,https://example.org/ontology/instance/Element_787884,우레탄심재 준불연단열재(T=100),787884
1-11-A,Walls,https://example.org/ontology/instance/Element_787885,우레탄심재 준불연단열재(T=100),787885
1-11-A,Walls,https://example.org/ontology/instance/Element_787886,우레탄심재 준불연단열재(T=100),787886
1-11-A,Walls,https://example.org/ontology/instance/Element_787887,우레탄심재 준불연단열재(T=100),787887
1-11-A,Walls,https://example.org/ontology/instance/Element_787888,우레탄심재 준불연단열재(T=70),787888
1-11-A,Walls,https://example.org/ontology/instance/Element_787889,우레탄심재 준불연단열재(T=70),787889
1-11-A,Walls,https://example.org/ontology/instance/Element_990678,우레탄심재 준불연단열재(T=70),990678
1-11-A,Walls,https://example.org/ontology/instance/Element_1147549,우레탄심재 준불연단열재(T=70),1147549
1-11-A,Walls,https://example.org/ontology/instance/Element_1147550,우레탄심재 준불연단열재(T=70),1147550
1-11-A,Walls,https://example.org/ontology/instance/Element_829314,일반석고보드(바탕용),829314
1-11-A,Walls,https://example.org/ontology/instance/Element_787854,칼라강판(T=15),787854
1-11-A,Walls,https://example.org/ontology/instance/Element_798803,칼라강판(T=15),798803
1-11-A,Walls,https://example.org/ontology/instance/Element_787852,칼라강판(T=20),787852
1-11-A,Walls,https://example.org/ontology/instance/Element_787853,칼라강판(T=20),787853
1-11-A,Walls,https://example.org/ontology/instance/Element_798953,칼라강판(T=20),798953
1-11-A,Walls,https://example.org/ontology/instance/Element_798988,칼라강판(T=20),798988
1-11-A,Walls,https://example.org/ontology/instance/Element_799142,칼라강판(T=20),799142
1-11-A,Walls,https://example.org/ontology/instance/Element_799167,칼라강판(T=20),799167
1-11-A,Walls,https://example.org/ontology/instance/Element_799193,칼라강판(T=20),799193
1-11-A,Walls,https://example.org/ontology/instance/Element_799218,칼라강판(T=20),799218
1-11-A,Walls,https://example.org/ontology/instance/Element_1430628,함석판(T=0.3),1430628
1-11-A,Windows,https://example.org/ontology/instance/Element_829324,AW5,829324
1-11-A,Windows,https://example.org/ontology/instance/Element_787829,PW1,787829
1-11-A,Windows,https://example.org/ontology/instance/Element_787830,PW2,787830
2-01-A,Doors,https://example.org/ontology/instance/Element_840298,PD1,840298
2-01-A,Doors,https://example.org/ontology/instance/Element_840296,SD1,840296
2-01-A,Doors,https://example.org/ontology/instance/Element_840299,SD2,840299
2-01-A,Doors,https://example.org/ontology/instance/Element_840300,SD3,840300
2-01-A,Doors,https://example.org/ontology/instance/Element_840297,SD5,840297
2-01-A,Floors,https://example.org/ontology/instance/Element_1366978,강마루(T=7.5),1366978
2-01-A,Floors,https://example.org/ontology/instance/Element_840193,경량기포콘크리트(T=40),840193
2-01-A,Floors,https://example.org/ontology/instance/Element_1661456,경질우레탄보드(T=120),1661456
2-01-A,Floors,https://example.org/ontology/instance/Element_1059621,경질우레탄보드(T=30),1059621
2-01-A,Floors,https://example.org/ontology/instance/Element_840178,경질우레탄보드(T=50),840178
2-01-A,Floors,https://example.org/ontology/instance/Element_924113,경질우레탄보드(T=70),924113
2-01-A,Floors,https://example.org/ontology/instance/Element_1629513,경질우레탄보드(T=70),1629513
2-01-A,Floors,https://example.org/ontology/instance/Element_840289,구배몰탈(T=70),840289
2-01-A,Floors,https://example.org/ontology/instance/Element_840256,도막방수(T=3),840256
2-01-A,Floors,https://example.org/ontology/instance/Element_840208,시멘트몰탈(T=42.5),840208
2-01-A,Floors,https://example.org/ontology/instance/Element_840271,시멘트몰탈(T=67),840271
2-01-A,Floors,https://example.org/ontology/instance/Element_840238,시멘트몰탈(T=70),840238
2-01-A,Floors,https://example.org/ontology/instance/Element_840280,자기질타일(T=10),840280
2-01-A,Floors,https://example.org/ontology/instance/Element_1052654,칼라강판,1052654
2-01-A,Floors,https://example.org/ontology/instance/Element_840150,콘크리트(T=180),840150
2-01-A,Floors,https://example.org/ontology/instance/Element_840165,콘크리트(T=180),840165
2-01-A,Floors,https://example.org/ontology/instance/Element_840247,포세린타일(T=10),840247
2-01-A,Walls,https://example.org/ontology/instance/Element_840132,D1-METAL C-STUD,840132
2-01-A,Walls,https://example.org/ontology/instance/Element_840133,D1-METAL C-STUD,840133
2-01-A,Walls,https://example.org/ontology/instance/Element_840134,D1-METAL C-STUD,840134
2-01-A,Walls,https://example.org/ontology/instance/Element_840138,D1-METAL C-STUD,840138
2-01-A,Walls,https://example.org/ontology/instance/Element_840139,D1-METAL C-STUD,840139
2-01-A,Walls,https://example.org/ontology/instance/Element_840142,D1-METAL C-STUD,840142
2-01-A,Walls,https://example.org/ontology/instance/Element_840146,D1-METAL C-STUD,840146
2-01-A,Walls,https://example.org/ontology/instance/Element_840147,D1-METAL C-STUD,840147
2-01-A,Walls,https://example.org/ontology/instance/Element_840503,D1-METAL C-STUD,840503
2-01-A,Walls,https://example.org/ontology/instance/Element_840504,D1-METAL C-STUD,840504
2-01-A,Walls,https://example.org/ontology/instance/Element_840506,D1-METAL C-STUD,840506
2-01-A,Walls,https://example.org/ontology/instance/Element_840512,D1-METAL C-STUD,840512
2-01-A,Walls,https://example.org/ontology/instance/Element_844922,D1-METAL C-STUD,844922
2-01-A,Walls,https://example.org/ontology/instance/Element_2111166,D1-METAL C-STUD,2111166
2-01-A,Walls,https://example.org/ontology/instance/Element_2097794,D1-일반석고보드,2097794
2-01-A,Walls,https://example.org/ontology/instance/Element_2097795,D1-일반석고보드,2097795
2-01-A,Walls,https://example.org/ontology/instance/Element_2097797,D1-일반석고보드,2097797
2-01-A,Walls,https://example.org/ontology/instance/Element_2097798,D1-일반석고보드,2097798
2-01-A,Walls,https://example.org/ontology/instance/Element_2097799,D1-일반석고보드,2097799
2-01-A,Walls,https://example.org/ontology/instance/Element_2097800,D1-일반석고보드,2097800
2-01-A,Walls,https://example.org/ontology/instance/Element_2097812,D1-일반석고보드,2097812
2-01-A,Walls,https://example.org/ontology/instance/Element_2097813,D1-일반석고보드,2097813
2-01-A,Walls,https://example.org/ontology/instance/Element_2097814,D1-일반석고보드,2097814
2-01-A,Walls,https://example.org/ontology/instance/Element_2097815,D1-일반석고보드,2097815
2-01-A,Walls,https://example.org/ontology/instance/Element_2097818,D1-일반석고보드,2097818
2-01-A,Walls,https://example.org/ontology/instance/Element_2097819,D1-일반석고보드,2097819
2-01-A,Walls,https://example.org/ontology/instance/Element_2097828,D1-일반석고보드,2097828
2-01-A,Walls,https://example.org/ontology/instance/Element_2097829,D1-일반석고보드,2097829
2-01-A,Walls,https://example.org/ontology/instance/Element_2097830,D1-일반석고보드,2097830
2-01-A,Walls,https://example.org/ontology/instance/Element_2097831,D1-일반석고보드,2097831
2-01-A,Walls,https://example.org/ontology/instance/Element_2097832,D1-일반석고보드,2097832
2-01-A,Walls,https://example.org/ontology/instance/Element_2097833,D1-일반석고보드,2097833
2-01-A,Walls,https://example.org/ontology/instance/Element_2097834,D1-일반석고보드,2097834
2-01-A,Walls,https://example.org/ontology/instance/Element_2097835,D1-일반석고보드,2097835
2-01-A,Walls,https://example.org/ontology/instance/Element_2097836,D1-일반석고보드,2097836
2-01-A,Walls,https://example.org/ontology/instance/Element_2097837,D1-일반석고보드,2097837
2-01-A,Walls,https://example.org/ontology/instance/Element_2097839,D1-일반석고보드,2097839
2-01-A,Walls,https://example.org/ontology/instance/Element_2097840,D1-일반석고보드,2097840
2-01-A,Walls,https://example.org/ontology/instance/Element_2097844,D1-일반석고보드,2097844
2-01-A,Walls,https://example.org/ontology/instance/Element_2097845,D1-일반석고보드,2097845
2-01-A,Walls,https://example.org/ontology/instance/Element_2097851,D1-일반석고보드,2097851
2-01-A,Walls,https://example.org/ontology/instance/Element_2097852,D1-일반석고보드,2097852
2-01-A,Walls,https://example.org/ontology/instance/Element_2097853,D1-일반석고보드,2097853
2-01-A,Walls,https://example.org/ontology/instance/Element_2097854,D1-일반석고보드,2097854
2-01-A,Walls,https://example.org/ontology/instance/Element_840137,D3-METAL C-STUD,840137
2-01-A,Walls,https://example.org/ontology/instance/Element_2097808,D3-일반석고보드,2097808
2-01-A,Walls,https://example.org/ontology/instance/Element_2097809,D3-일반석고보드,2097809
2-01-A,Walls,https://example.org/ontology/instance/Element_2097810,D3-일반석고보드,2097810
2-01-A,Walls,https://example.org/ontology/instance/Element_2097811,D3-일반석고보드,2097811
2-01-A,Walls,https://example.org/ontology/instance/Element_840136,D4-그라스울보온재24k,840136
2-01-A,Walls,https://example.org/ontology/instance/Element_840143,D4-그라스울보온재24k,840143
2-01-A,Walls,https://example.org/ontology/instance/Element_840144,D4-그라스울보온재24k,840144
2-01-A,Walls,https://example.org/ontology/instance/Element_2097803,D4-일반석고보드,2097803
2-01-A,Walls,https://example.org/ontology/instance/Element_2097804,D4-일반석고보드,2097804
2-01-A,Walls,https://example.org/ontology/instance/Element_2097805,D4-일반석고보드,2097805
2-01-A,Walls,https://example.org/ontology/instance/Element_2097806,D4-일반석고보드,2097806
2-01-A,Walls,https://example.org/ontology/instance/Element_2097820,D4-일반석고보드,2097820
2-01-A,Walls,https://example.org/ontology/instance/Element_2097821,D4-일반석고보드,2097821
2-01-A,Walls,https://example.org/ontology/instance/Element_2097822,D4-일반석고보드,2097822
2-01-A,Walls,https://example.org/ontology/instance/Element_2097823,D4-일반석고보드,2097823
2-01-A,Walls,https://example.org/ontology/instance/Element_2097824,D4-일반석고보드,2097824
2-01-A,Walls,https://example.org/ontology/instance/Element_2097825,D4-일반석고보드,2097825
2-01-A,Walls,https://example.org/ontology/instance/Element_2097826,D4-일반석고보드,2097826
2-01-A,Walls,https://example.org/ontology/instance/Element_2097827,D4-일반석고보드,2097827
2-01-A,Walls,https://example.org/ontology/instance/Element_840140,D8-METAL C-STUD,840140
2-01-A,Walls,https://example.org/ontology/instance/Element_2097816,D8-일반석고보드,2097816
2-01-A,Walls,https://example.org/ontology/instance/Element_2097817,D8-합판,2097817
2-01-A,Walls,https://example.org/ontology/instance/Element_840135,DF1-METAL C-STUD,840135
2-01-A,Walls,https://example.org/ontology/instance/Element_845419,DF1-METAL C-STUD,845419
2-01-A,Walls,https://example.org/ontology/instance/Element_2097801,DF1-방화석고보드,2097801
2-01-A,Walls,https://example.org/ontology/instance/Element_2097802,DF1-방화석고보드,2097802
2-01-A,Walls,https://example.org/ontology/instance/Element_2097846,DF1-방화석고보드,2097846
2-01-A,Walls,https://example.org/ontology/instance/Element_2097847,DF1-방화석고보드,2097847
2-01-A,Walls,https://example.org/ontology/instance/Element_840141,HiddenWall,840141
2-01-A,Walls,https://example.org/ontology/instance/Element_840263,SGP패널(T=13),840263
2-01-A,Walls,https://example.org/ontology/instance/Element_840264,SGP패널(T=13),840264
2-01-A,Walls,https://example.org/ontology/instance/Element_840265,SGP패널(T=13),840265
2-01-A,Walls,https://example.org/ontology/instance/Element_840266,SGP패널(T=13),840266
2-01-A,Walls,https://example.org/ontology/instance/Element_840267,SGP패널(T=13),840267
2-01-A,Walls,https://example.org/ontology/instance/Element_840268,SGP패널(T=13),840268
2-01-A,Walls,https://example.org/ontology/instance/Element_840145,경질우레탄보드(T=120)(일면은박)-경질우레탄보드,840145
2-01-A,Walls,https://example.org/ontology/instance/Element_845733,경질우레탄보드(T=120)(일면은박)-경질우레탄보드,845733
2-01-A,Walls,https://example.org/ontology/instance/Element_1661761,단연흡음뿜칠(T=10),1661761
2-01-A,Walls,https://example.org/ontology/instance/Element_1474533,도막방수(T=3)-Hidden,1474533
2-01-A,Walls,https://example.org/ontology/instance/Element_1474534,도막방수(T=3)-Hidden,1474534
2-01-A,Walls,https://example.org/ontology/instance/Element_1474535,도막방수(T=3)-Hidden,1474535
2-01-A,Walls,https://example.org/ontology/instance/Element_1474536,도막방수(T=3)-Hidden,1474536
2-01-A,Walls,https://example.org/ontology/instance/Element_1474537,도막방수(T=3)-Hidden,1474537
2-01-A,Walls,https://example.org/ontology/instance/Element_1474538,도막방수(T=3)-Hidden,1474538
2-01-A,Walls,https://example.org/ontology/instance/Element_841780,석재단열패널(연한회색)(T=35),841780
2-01-A,Walls,https://example.org/ontology/instance/Element_1052651,석재단열패널(연한회색)(T=35),1052651
2-01-A,Walls,https://example.org/ontology/instance/Element_1238789,석재단열패널(연한회색)(T=35),1238789
2-01-A,Walls,https://example.org/ontology/instance/Element_2727363,석재단열패널(연한회색)(T=35),2727363
2-01-A,Walls,https://example.org/ontology/instance/Element_840508,석재단열패널(회색)(T=35),840508
2-01-A,Walls,https://example.org/ontology/instance/Element_841188,석재단열패널(회색)(T=35),841188
2-01-A,Walls,https://example.org/ontology/instance/Element_844144,석재단열패널(회색)(T=35),844144
2-01-A,Walls,https://example.org/ontology/instance/Element_1411672,우레탄심재 준불연단열재(T=100),1411672
2-01-A,Walls,https://example.org/ontology/instance/Element_1411673,우레탄심재 준불연단열재(T=100),1411673
2-01-A,Walls,https://example.org/ontology/instance/Element_1411685,우레탄심재 준불연단열재(T=100),1411685
2-01-A,Walls,https://example.org/ontology/instance/Element_1411686,우레탄심재 준불연단열재(T=100),1411686
2-01-A,Walls,https://example.org/ontology/instance/Element_840471,우레탄심재 준불연단열재(T=70),840471
2-01-A,Walls,https://example.org/ontology/instance/Element_992431,우레탄심재 준불연단열재(T=70),992431
2-01-A,Walls,https://example.org/ontology/instance/Element_993454,우레탄심재 준불연단열재(T=70),993454
2-01-A,Walls,https://example.org/ontology/instance/Element_993455,우레탄심재 준불연단열재(T=70),993455
2-01-A,Walls,https://example.org/ontology/instance/Element_994790,우레탄심재 준불연단열재(T=70),994790
2-01-A,Walls,https://example.org/ontology/instance/Element_1422703,우레탄심재 준불연단열재(T=70),1422703
2-01-A,Walls,https://example.org/ontology/instance/Element_1422704,우레탄심재 준불연단열재(T=70),1422704
2-01-A,Walls,https://example.org/ontology/instance/Element_1509207,우레탄심재 준불연단열재(T=70),1509207
2-01-A,Walls,https://example.org/ontology/instance/Element_840507,일반석고보드(바탕용),840507
2-01-A,Walls,https://example.org/ontology/instance/Element_840437,칼라강판(T=15),840437
2-01-A,Walls,https://example.org/ontology/instance/Element_843809,칼라강판(T=15),843809
2-01-A,Walls,https://example.org/ontology/instance/Element_841057,칼라강판(T=20),841057
2-01-A,Walls,https://example.org/ontology/instance/Element_841099,칼라강판(T=20),841099
2-01-A,Walls,https://example.org/ontology/instance/Element_841123,칼라강판(T=20),841123
2-01-A,Walls,https://example.org/ontology/instance/Element_841145,칼라강판(T=20),841145
2-01-A,Walls,https://example.org/ontology/instance/Element_841515,칼라강판(T=20),841515
2-01-A,Walls,https://example.org/ontology/instance/Element_841602,칼라강판(T=20),841602
2-01-A,Walls,https://example.org/ontology/instance/Element_841662,칼라강판(T=20),841662
2-01-A,Walls,https://example.org/ontology/instance/Element_841691,칼라강판(T=20),841691
2-01-A,Walls,https://example.org/ontology/instance/Element_1431250,함석판(T=0.3),1431250
2-01-A,Windows,https://example.org/ontology/instance/Element_840513,AW5,840513
2-01-A,Windows,https://example.org/ontology/instance/Element_840425,PW1,840425
2-01-A,Windows,https://example.org/ontology/instance/Element_840426,PW2,840426
2-02-A,Doors,https://example.org/ontology/instance/Element_838586,PD1,838586
2-02-A,Doors,https://example.org/ontology/instance/Element_838584,SD1,838584
2-02-A,Doors,https://example.org/ontology/instance/Element_838587,SD2,838587
2-02-A,Doors,https://example.org/ontology/instance/Element_838588,SD3,838588
2-02-A,Doors,https://example.org/ontology/instance/Element_838585,SD5,838585
2-02-A,Floors,https://example.org/ontology/instance/Element_838511,강마루(T=7.5),838511
2-02-A,Floors,https://example.org/ontology/instance/Element_838481,경량기포콘크리트(T=40),838481
2-02-A,Floors,https://example.org/ontology/instance/Element_1629501,경질우레탄보드(T=70),1629501
2-02-A,Floors,https://example.org/ontology/instance/Element_838577,구배몰탈(T=70),838577
2-02-A,Floors,https://example.org/ontology/instance/Element_838544,도막방수(T=3),838544
2-02-A,Floors,https://example.org/ontology/instance/Element_838466,비드법보온판(2종1호)(T=50),838466
2-02-A,Floors,https://example.org/ontology/instance/Element_838496,시멘트몰탈(T=42.5),838496
2-02-A,Floors,https://example.org/ontology/instance/Element_838559,시멘트몰탈(T=67),838559
2-02-A,Floors,https://example.org/ontology/instance/Element_838526,시멘트몰탈(T=70),838526
2-02-A,Floors,https://example.org/ontology/instance/Element_838568,자기질타일(T=10),838568
2-02-A,Floors,https://example.org/ontology/instance/Element_838438,콘크리트(T=180),838438
2-02-A,Floors,https://example.org/ontology/instance/Element_838453,콘크리트(T=180),838453
2-02-A,Floors,https://example.org/ontology/instance/Element_838535,포세린타일(T=10),838535
2-02-A,Walls,https://example.org/ontology/instance/Element_838420,D1-METAL C-STUD,838420
2-02-A,Walls,https://example.org/ontology/instance/Element_838421,D1-METAL C-STUD,838421
2-02-A,Walls,https://example.org/ontology/instance/Element_838422,D1-METAL C-STUD,838422
2-02-A,Walls,https://example.org/ontology/instance/Element_838426,D1-METAL C-STUD,838426
2-02-A,Walls,https://example.org/ontology/instance/Element_838427,D1-METAL C-STUD,838427
2-02-A,Walls,https://example.org/ontology/instance/Element_838430,D1-METAL C-STUD,838430
2-02-A,Walls,https://example.org/ontology/instance/Element_838434,D1-METAL C-STUD,838434
2-02-A,Walls,https://example.org/ontology/instance/Element_838435,D1-METAL C-STUD,838435
2-02-A,Walls,https://example.org/ontology/instance/Element_838791,D1-METAL C-STUD,838791
2-02-A,Walls,https://example.org/ontology/instance/Element_838793,D1-METAL C-STUD,838793
2-02-A,Walls,https://example.org/ontology/instance/Element_838799,D1-METAL C-STUD,838799
2-02-A,Walls,https://example.org/ontology/instance/Element_2097880,D1-일반석고보드,2097880
2-02-A,Walls,https://example.org/ontology/instance/Element_2097881,D1-일반석고보드,2097881
2-02-A,Walls,https://example.org/ontology/instance/Element_2097883,D1-일반석고보드,2097883
2-02-A,Walls,https://example.org/ontology/instance/Element_2097884,D1-일반석고보드,2097884
2-02-A,Walls,https://example.org/ontology/instance/Element_2097885,D1-일반석고보드,2097885
2-02-A,Walls,https://example.org/ontology/instance/Element_2097886,D1-일반석고보드,2097886
2-02-A,Walls,https://example.org/ontology/instance/Element_2097898,D1-일반석고보드,2097898
2-02-A,Walls,https://example.org/ontology/instance/Element_2097899,D1-일반석고보드,2097899
2-02-A,Walls,https://example.org/ontology/instance/Element_2097900,D1-일반석고보드,2097900
2-02-A,Walls,https://example.org/ontology/instance/Element_2097901,D1-일반석고보드,2097901
2-02-A,Walls,https://example.org/ontology/instance/Element_2097904,D1-일반석고보드,2097904
2-02-A,Walls,https://example.org/ontology/instance/Element_2097905,D1-일반석고보드,2097905
2-02-A,Walls,https://example.org/ontology/instance/Element_2097914,D1-일반석고보드,2097914
2-02-A,Walls,https://example.org/ontology/instance/Element_2097915,D1-일반석고보드,2097915
2-02-A,Walls,https://example.org/ontology/instance/Element_2097916,D1-일반석고보드,2097916
2-02-A,Walls,https://example.org/ontology/instance/Element_2097917,D1-일반석고보드,2097917
2-02-A,Walls,https://example.org/ontology/instance/Element_2097919,D1-일반석고보드,2097919
2-02-A,Walls,https://example.org/ontology/instance/Element_2097920,D1-일반석고보드,2097920
2-02-A,Walls,https://example.org/ontology/instance/Element_2097921,D1-일반석고보드,2097921
2-02-A,Walls,https://example.org/ontology/instance/Element_2097922,D1-일반석고보드,2097922
2-02-A,Walls,https://example.org/ontology/instance/Element_2097924,D1-일반석고보드,2097924
2-02-A,Walls,https://example.org/ontology/instance/Element_2097925,D1-일반석고보드,2097925
2-02-A,Walls,https://example.org/ontology/instance/Element_838425,D3-METAL C-STUD,838425
2-02-A,Walls,https://example.org/ontology/instance/Element_2097894,D3-일반석고보드,2097894
2-02-A,Walls,https://example.org/ontology/instance/Element_2097895,D3-일반석고보드,2097895
2-02-A,Walls,https://example.org/ontology/instance/Element_2097896,D3-일반석고보드,2097896
2-02-A,Walls,https://example.org/ontology/instance/Element_2097897,D3-일반석고보드,2097897
2-02-A,Walls,https://example.org/ontology/instance/Element_838424,D4-그라스울보온재24k,838424
2-02-A,Walls,https://example.org/ontology/instance/Element_838431,D4-그라스울보온재24k,838431
2-02-A,Walls,https://example.org/ontology/instance/Element_838432,D4-그라스울보온재24k,838432
2-02-A,Walls,https://example.org/ontology/instance/Element_2097889,D4-일반석고보드,2097889
2-02-A,Walls,https://example.org/ontology/instance/Element_2097890,D4-일반석고보드,2097890
2-02-A,Walls,https://example.org/ontology/instance/Element_2097891,D4-일반석고보드,2097891
2-02-A,Walls,https://example.org/ontology/instance/Element_2097892,D4-일반석고보드,2097892
2-02-A,Walls,https://example.org/ontology/instance/Element_2097906,D4-일반석고보드,2097906
2-02-A,Walls,https://example.org/ontology/instance/Element_2097907,D4-일반석고보드,2097907
2-02-A,Walls,https://example.org/ontology/instance/Element_2097908,D4-일반석고보드,2097908
2-02-A,Walls,https://example.org/ontology/instance/Element_2097909,D4-일반석고보드,2097909
2-02-A,Walls,https://example.org/ontology/instance/Element_2097910,D4-일반석고보드,2097910
2-02-A,Walls,https://example.org/ontology/instance/Element_2097911,D4-일반석고보드,2097911
2-02-A,Walls,https://example.org/ontology/instance/Element_2097912,D4-일반석고보드,2097912
2-02-A,Walls,https://example.org/ontology/instance/Element_2097913,D4-일반석고보드,2097913
2-02-A,Walls,https://example.org/ontology/instance/Element_838428,D8-METAL C-STUD,838428
2-02-A,Walls,https://example.org/ontology/instance/Element_2097902,D8-일반석고보드,2097902
2-02-A,Walls,https://example.org/ontology/instance/Element_2097903,D8-합판,2097903
2-02-A,Walls,https://example.org/ontology/instance/Element_838419,DF1-METAL C-STUD,838419
2-02-A,Walls,https://example.org/ontology/instance/Element_2097878,DF1-방화석고보드,2097878
2-02-A,Walls,https://example.org/ontology/instance/Element_2097879,DF1-방화석고보드,2097879
2-02-A,Walls,https://example.org/ontology/instance/Element_838423,DF2-그라스울보온재24k,838423
2-02-A,Walls,https://example.org/ontology/instance/Element_2097887,DF2-방화석고보드,2097887
2-02-A,Walls,https://example.org/ontology/instance/Element_2097888,DF2-방화석고보드,2097888
2-02-A,Walls,https://example.org/ontology/instance/Element_838429,HiddenWall,838429
2-02-A,Walls,https://example.org/ontology/instance/Element_838551,SGP패널(T=13),838551
2-02-A,Walls,https://example.org/ontology/instance/Element_838552,SGP패널(T=13),838552
2-02-A,Walls,https://example.org/ontology/instance/Element_838553,SGP패널(T=13),838553
2-02-A,Walls,https://example.org/ontology/instance/Element_838554,SGP패널(T=13),838554
2-02-A,Walls,https://example.org/ontology/instance/Element_838555,SGP패널(T=13),838555
2-02-A,Walls,https://example.org/ontology/instance/Element_838556,SGP패널(T=13),838556
2-02-A,Walls,https://example.org/ontology/instance/Element_838433,경질우레탄보드(T=120)(일면은박)-경질우레탄보드,838433
2-02-A,Walls,https://example.org/ontology/instance/Element_1474437,도막방수(T=3)-Hidden,1474437
2-02-A,Walls,https://example.org/ontology/instance/Element_1474438,도막방수(T=3)-Hidden,1474438
2-02-A,Walls,https://example.org/ontology/instance/Element_1474439,도막방수(T=3)-Hidden,1474439
2-02-A,Walls,https://example.org/ontology/instance/Element_1474440,도막방수(T=3)-Hidden,1474440
2-02-A,Walls,https://example.org/ontology/instance/Element_1474441,도막방수(T=3)-Hidden,1474441
2-02-A,Walls,https://example.org/ontology/instance/Element_1474442,도막방수(T=3)-Hidden,1474442
2-02-A,Walls,https://example.org/ontology/instance/Element_838795,석재단열패널(연한회색)(T=35),838795
2-02-A,Walls,https://example.org/ontology/instance/Element_838722,석재단열패널(회색)(T=35),838722
2-02-A,Walls,https://example.org/ontology/instance/Element_2727675,석재단열패널(회색)(T=35),2727675
2-02-A,Walls,https://example.org/ontology/instance/Element_838755,우레탄심재 준불연단열재(T=100),838755
2-02-A,Walls,https://example.org/ontology/instance/Element_838756,우레탄심재 준불연단열재(T=100),838756
2-02-A,Walls,https://example.org/ontology/instance/Element_838757,우레탄심재 준불연단열재(T=100),838757
2-02-A,Walls,https://example.org/ontology/instance/Element_838758,우레탄심재 준불연단열재(T=100),838758
2-02-A,Walls,https://example.org/ontology/instance/Element_838759,우레탄심재 준불연단열재(T=70),838759
2-02-A,Walls,https://example.org/ontology/instance/Element_838760,우레탄심재 준불연단열재(T=70),838760
2-02-A,Walls,https://example.org/ontology/instance/Element_992401,우레탄심재 준불연단열재(T=70),992401
2-02-A,Walls,https://example.org/ontology/instance/Element_994194,우레탄심재 준불연단열재(T=70),994194
2-02-A,Walls,https://example.org/ontology/instance/Element_994195,우레탄심재 준불연단열재(T=70),994195
2-02-A,Walls,https://example.org/ontology/instance/Element_994196,우레탄심재 준불연단열재(T=70),994196
2-02-A,Walls,https://example.org/ontology/instance/Element_994197,우레탄심재 준불연단열재(T=70),994197
2-02-A,Walls,https://example.org/ontology/instance/Element_1162143,우레탄심재 준불연단열재(T=70),1162143
2-02-A,Walls,https://example.org/ontology/instance/Element_1162144,우레탄심재 준불연단열재(T=70),1162144
2-02-A,Walls,https://example.org/ontology/instance/Element_838790,일반석고보드(바탕용),838790
2-02-A,Walls,https://example.org/ontology/instance/Element_838794,일반석고보드(바탕용),838794
2-02-A,Walls,https://example.org/ontology/instance/Element_838724,칼라강판(T=15),838724
2-02-A,Walls,https://example.org/ontology/instance/Element_838725,칼라강판(T=15),838725
2-02-A,Walls,https://example.org/ontology/instance/Element_1431673,함석판(T=0.3),1431673
2-02-A,Windows,https://example.org/ontology/instance/Element_838800,AW5,838800
2-02-A,Windows,https://example.org/ontology/instance/Element_838713,PW1,838713
2-02-A,Windows,https://example.org/ontology/instance/Element_838714,PW2,838714
2-03-A,Doors,https://example.org/ontology/instance/Element_839169,PD1,839169
2-03-A,Doors,https://example.org/ontology/instance/Element_839167,SD1,839167
2-03-A,Doors,https://example.org/ontology/instance/Element_839170,SD2,839170
2-03-A,Doors,https://example.org/ontology/instance/Element_839171,SD3,839171
2-03-A,Doors,https://example.org/ontology/instance/Element_839168,SD5,839168
2-03-A,Floors,https://example.org/ontology/instance/Element_839094,강마루(T=7.5),839094
2-03-A,Floors,https://example.org/ontology/instance/Element_839064,경량기포콘크리트(T=40),839064
2-03-A,Floors,https://example.org/ontology/instance/Element_1629489,경질우레탄보드(T=70),1629489
2-03-A,Floors,https://example.org/ontology/instance/Element_839160,구배몰탈(T=70),839160
2-03-A,Floors,https://example.org/ontology/instance/Element_839127,도막방수(T=3),839127
2-03-A,Floors,https://example.org/ontology/instance/Element_839049,비드법보온판(2종1호)(T=50),839049
2-03-A,Floors,https://example.org/ontology/instance/Element_839079,시멘트몰탈(T=42.5),839079
2-03-A,Floors,https://example.org/ontology/instance/Element_839142,시멘트몰탈(T=67),839142
2-03-A,Floors,https://example.org/ontology/instance/Element_839109,시멘트몰탈(T=70),839109
2-03-A,Floors,https://example.org/ontology/instance/Element_839151,자기질타일(T=10),839151
2-03-A,Floors,https://example.org/ontology/instance/Element_839021,콘크리트(T=180),839021
2-03-A,Floors,https://example.org/ontology/instance/Element_839036,콘크리트(T=180),839036
2-03-A,Floors,https://example.org/ontology/instance/Element_839118,포세린타일(T=10),839118
2-03-A,Walls,https://example.org/ontology/instance/Element_839003,D1-METAL C-STUD,839003
2-03-A,Walls,https://example.org/ontology/instance/Element_839004,D1-METAL C-STUD,839004
2-03-A,Walls,https://example.org/ontology/instance/Element_839005,D1-METAL C-STUD,839005
2-03-A,Walls,https://example.org/ontology/instance/Element_839009,D1-METAL C-STUD,839009
2-03-A,Walls,https://example.org/ontology/instance/Element_839010,D1-METAL C-STUD,839010
2-03-A,Walls,https://example.org/ontology/instance/Element_839013,D1-METAL C-STUD,839013
2-03-A,Walls,https://example.org/ontology/instance/Element_839017,D1-METAL C-STUD,839017
2-03-A,Walls,https://example.org/ontology/instance/Element_839018,D1-METAL C-STUD,839018
2-03-A,Walls,https://example.org/ontology/instance/Element_839375,D1-METAL C-STUD,839375
2-03-A,Walls,https://example.org/ontology/instance/Element_839377,D1-METAL C-STUD,839377
2-03-A,Walls,https://example.org/ontology/instance/Element_839383,D1-METAL C-STUD,839383
2-03-A,Walls,https://example.org/ontology/instance/Element_2097946,D1-일반석고보드,2097946
2-03-A,Walls,https://example.org/ontology/instance/Element_2097947,D1-일반석고보드,2097947
2-03-A,Walls,https://example.org/ontology/instance/Element_2097949,D1-일반석고보드,2097949
2-03-A,Walls,https://example.org/ontology/instance/Element_2097950,D1-일반석고보드,2097950
2-03-A,Walls,https://example.org/ontology/instance/Element_2097951,D1-일반석고보드,2097951
2-03-A,Walls,https://example.org/ontology/instance/Element_2097952,D1-일반석고보드,2097952
2-03-A,Walls,https://example.org/ontology/instance/Element_2097964,D1-일반석고보드,2097964
2-03-A,Walls,https://example.org/ontology/instance/Element_2097965,D1-일반석고보드,2097965
2-03-A,Walls,https://example.org/ontology/instance/Element_2097966,D1-일반석고보드,2097966
2-03-A,Walls,https://example.org/ontology/instance/Element_2097967,D1-일반석고보드,2097967
2-03-A,Walls,https://example.org/ontology/instance/Element_2097970,D1-일반석고보드,2097970
2-03-A,Walls,https://example.org/ontology/instance/Element_2097971,D1-일반석고보드,2097971
2-03-A,Walls,https://example.org/ontology/instance/Element_2097980,D1-일반석고보드,2097980
2-03-A,Walls,https://example.org/ontology/instance/Element_2097981,D1-일반석고보드,2097981
2-03-A,Walls,https://example.org/ontology/instance/Element_2097982,D1-일반석고보드,2097982
2-03-A,Walls,https://example.org/ontology/instance/Element_2097983,D1-일반석고보드,2097983
2-03-A,Walls,https://example.org/ontology/instance/Element_2097985,D1-일반석고보드,2097985
2-03-A,Walls,https://example.org/ontology/instance/Element_2097986,D1-일반석고보드,2097986
2-03-A,Walls,https://example.org/ontology/instance/Element_2097987,D1-일반석고보드,2097987
2-03-A,Walls,https://example.org/ontology/instance/Element_2097988,D1-일반석고보드,2097988
2-03-A,Walls,https://example.org/ontology/instance/Element_2097990,D1-일반석고보드,2097990
2-03-A,Walls,https://example.org/ontology/instance/Element_2097991,D1-일반석고보드,2097991
2-03-A,Walls,https://example.org/ontology/instance/Element_839008,D3-METAL C-STUD,839008
2-03-A,Walls,https://example.org/ontology/instance/Element_2097960,D3-일반석고보드,2097960
2-03-A,Walls,https://example.org/ontology/instance/Element_2097961,D3-일반석고보드,2097961
2-03-A,Walls,https://example.org/ontology/instance/Element_2097962,D3-일반석고보드,2097962
2-03-A,Walls,https://example.org/ontology/instance/Element_2097963,D3-일반석고보드,2097963
2-03-A,Walls,https://example.org/ontology/instance/Element_839007,D4-그라스울보온재24k,839007
2-03-A,Walls,https://example.org/ontology/instance/Element_839014,D4-그라스울보온재24k,839014
2-03-A,Walls,https://example.org/ontology/instance/Element_839015,D4-그라스울보온재24k,839015
2-03-A,Walls,https://example.org/ontology/instance/Element_2097955,D4-일반석고보드,2097955
2-03-A,Walls,https://example.org/ontology/instance/Element_2097956,D4-일반석고보드,2097956
2-03-A,Walls,https://example.org/ontology/instance/Element_2097957,D4-일반석고보드,2097957
2-03-A,Walls,https://example.org/ontology/instance/Element_2097958,D4-일반석고보드,2097958
2-03-A,Walls,https://example.org/ontology/instance/Element_2097972,D4-일반석고보드,2097972
2-03-A,Walls,https://example.org/ontology/instance/Element_2097973,D4-일반석고보드,2097973
2-03-A,Walls,https://example.org/ontology/instance/Element_2097974,D4-일반석고보드,2097974
2-03-A,Walls,https://example.org/ontology/instance/Element_2097975,D4-일반석고보드,2097975
2-03-A,Walls,https://example.org/ontology/instance/Element_2097976,D4-일반석고보드,2097976
2-03-A,Walls,https://example.org/ontology/instance/Element_2097977,D4-일반석고보드,2097977
2-03-A,Walls,https://example.org/ontology/instance/Element_2097978,D4-일반석고보드,2097978
2-03-A,Walls,https://example.org/ontology/instance/Element_2097979,D4-일반석고보드,2097979
2-03-A,Walls,https://example.org/ontology/instance/Element_839011,D8-METAL C-STUD,839011
2-03-A,Walls,https://example.org/ontology/instance/Element_2097968,D8-일반석고보드,2097968
2-03-A,Walls,https://example.org/ontology/instance/Element_2097969,D8-합판,2097969
2-03-A,Walls,https://example.org/ontology/instance/Element_839006,DF1-METAL C-STUD,839006
2-03-A,Walls,https://example.org/ontology/instance/Element_2097953,DF1-방화석고보드,2097953
2-03-A,Walls,https://example.org/ontology/instance/Element_2097954,DF1-방화석고보드,2097954
2-03-A,Walls,https://example.org/ontology/instance/Element_838867,DF2-그라스울보온재24k,838867
2-03-A,Walls,https://example.org/ontology/instance/Element_2097944,DF2-방화석고보드,2097944
2-03-A,Walls,https://example.org/ontology/instance/Element_2097945,DF2-방화석고보드,2097945
2-03-A,Walls,https://example.org/ontology/instance/Element_839012,HiddenWall,839012
2-03-A,Walls,https://example.org/ontology/instance/Element_839134,SGP패널(T=13),839134
2-03-A,Walls,https://example.org/ontology/instance/Element_839135,SGP패널(T=13),839135
2-03-A,Walls,https://example.org/ontology/instance/Element_839136,SGP패널(T=13),839136
2-03-A,Walls,https://example.org/ontology/instance/Element_839137,SGP패널(T=13),839137
2-03-A,Walls,https://example.org/ontology/instance/Element_839138,SGP패널(T=13),839138
2-03-A,Walls,https://example.org/ontology/instance/Element_839139,SGP패널(T=13),839139
2-03-A,Walls,https://example.org/ontology/instance/Element_839016,경질우레탄보드(T=120)(일면은박)-경질우레탄보드,839016
2-03-A,Walls,https://example.org/ontology/instance/Element_1474558,도막방수(T=3)-Hidden,1474558
2-03-A,Walls,https://example.org/ontology/instance/Element_1474559,도막방수(T=3)-Hidden,1474559
2-03-A,Walls,https://example.org/ontology/instance/Element_1474560,도막방수(T=3)-Hidden,1474560
2-03-A,Walls,https://example.org/ontology/instance/Element_1474561,도막방수(T=3)-Hidden,1474561
2-03-A,Walls,https://example.org/ontology/instance/Element_1474562,도막방수(T=3)-Hidden,1474562
2-03-A,Walls,https://example.org/ontology/instance/Element_1474563,도막방수(T=3)-Hidden,1474563
2-03-A,Walls,https://example.org/ontology/instance/Element_2729573,석재단열패널(연한회색)(T=35),2729573
2-03-A,Walls,https://example.org/ontology/instance/Element_839305,석재단열패널(회색)(T=35),839305
2-03-A,Walls,https://example.org/ontology/instance/Element_839379,석재단열패널(회색)(T=35),839379
2-03-A,Walls,https://example.org/ontology/instance/Element_839338,우레탄심재 준불연단열재(T=100),839338
2-03-A,Walls,https://example.org/ontology/instance/Element_839339,우레탄심재 준불연단열재(T=100),839339
2-03-A,Walls,https://example.org/ontology/instance/Element_839340,우레탄심재 준불연단열재(T=100),839340
2-03-A,Walls,https://example.org/ontology/instance/Element_839341,우레탄심재 준불연단열재(T=100),839341
2-03-A,Walls,https://example.org/ontology/instance/Element_838868,우레탄심재 준불연단열재(T=70),838868
2-03-A,Walls,https://example.org/ontology/instance/Element_839342,우레탄심재 준불연단열재(T=70),839342
2-03-A,Walls,https://example.org/ontology/instance/Element_992371,우레탄심재 준불연단열재(T=70),992371
2-03-A,Walls,https://example.org/ontology/instance/Element_994183,우레탄심재 준불연단열재(T=70),994183
2-03-A,Walls,https://example.org/ontology/instance/Element_994184,우레탄심재 준불연단열재(T=70),994184
2-03-A,Walls,https://example.org/ontology/instance/Element_994185,우레탄심재 준불연단열재(T=70),994185
2-03-A,Walls,https://example.org/ontology/instance/Element_994186,우레탄심재 준불연단열재(T=70),994186
2-03-A,Walls,https://example.org/ontology/instance/Element_1161928,우레탄심재 준불연단열재(T=70),1161928
2-03-A,Walls,https://example.org/ontology/instance/Element_1161929,우레탄심재 준불연단열재(T=70),1161929
2-03-A,Walls,https://example.org/ontology/instance/Element_839374,일반석고보드(바탕용),839374
2-03-A,Walls,https://example.org/ontology/instance/Element_839378,일반석고보드(바탕용),839378
2-03-A,Walls,https://example.org/ontology/instance/Element_839307,칼라강판(T=15),839307
2-03-A,Walls,https://example.org/ontology/instance/Element_839308,칼라강판(T=15),839308
2-03-A,Walls,https://example.org/ontology/instance/Element_1431710,함석판(T=0.3),1431710
2-03-A,Windows,https://example.org/ontology/instance/Element_839384,AW5,839384
2-03-A,Windows,https://example.org/ontology/instance/Element_839296,PW1,839296
2-03-A,Windows,https://example.org/ontology/instance/Element_839297,PW2,839297
2-04-A,Doors,https://example.org/ontology/instance/Element_838004,PD1,838004
2-04-A,Doors,https://example.org/ontology/instance/Element_838002,SD1,838002
2-04-A,Doors,https://example.org/ontology/instance/Element_838005,SD2,838005
2-04-A,Doors,https://example.org/ontology/instance/Element_838006,SD3,838006
2-04-A,Doors,https://example.org/ontology/instance/Element_838003,SD5,838003
2-04-A,Floors,https://example.org/ontology/instance/Element_837929,강마루(T=7.5),837929
2-04-A,Floors,https://example.org/ontology/instance/Element_837899,경량기포콘크리트(T=40),837899
2-04-A,Floors,https://example.org/ontology/instance/Element_1629477,경질우레탄보드(T=70),1629477
2-04-A,Floors,https://example.org/ontology/instance/Element_837995,구배몰탈(T=70),837995
2-04-A,Floors,https://example.org/ontology/instance/Element_837962,도막방수(T=3),837962
2-04-A,Floors,https://example.org/ontology/instance/Element_837884,비드법보온판(2종1호)(T=50),837884
2-04-A,Floors,https://example.org/ontology/instance/Element_837914,시멘트몰탈(T=42.5),837914
2-04-A,Floors,https://example.org/ontology/instance/Element_837977,시멘트몰탈(T=67),837977
2-04-A,Floors,https://example.org/ontology/instance/Element_837944,시멘트몰탈(T=70),837944
2-04-A,Floors,https://example.org/ontology/instance/Element_837986,자기질타일(T=10),837986
2-04-A,Floors,https://example.org/ontology/instance/Element_837856,콘크리트(T=180),837856
2-04-A,Floors,https://example.org/ontology/instance/Element_837871,콘크리트(T=180),837871
2-04-A,Floors,https://example.org/ontology/instance/Element_837953,포세린타일(T=10),837953
2-04-A,Walls,https://example.org/ontology/instance/Element_837838,D1-METAL C-STUD,837838
2-04-A,Walls,https://example.org/ontology/instance/Element_837839,D1-METAL C-STUD,837839
2-04-A,Walls,https://example.org/ontology/instance/Element_837840,D1-METAL C-STUD,837840
2-04-A,Walls,https://example.org/ontology/instance/Element_837844,D1-METAL C-STUD,837844
2-04-A,Walls,https://example.org/ontology/instance/Element_837845,D1-METAL C-STUD,837845
2-04-A,Walls,https://example.org/ontology/instance/Element_837848,D1-METAL C-STUD,837848
2-04-A,Walls,https://example.org/ontology/instance/Element_837852,D1-METAL C-STUD,837852
2-04-A,Walls,https://example.org/ontology/instance/Element_837853,D1-METAL C-STUD,837853
2-04-A,Walls,https://example.org/ontology/instance/Element_838209,D1-METAL C-STUD,838209
2-04-A,Walls,https://example.org/ontology/instance/Element_838211,D1-METAL C-STUD,838211
2-04-A,Walls,https://example.org/ontology/instance/Element_838217,D1-METAL C-STUD,838217
2-04-A,Walls,https://example.org/ontology/instance/Element_2098012,D1-일반석고보드,2098012
2-04-A,Walls,https://example.org/ontology/instance/Element_2098013,D1-일반석고보드,2098013
2-04-A,Walls,https://example.org/ontology/instance/Element_2098015,D1-일반석고보드,2098015
2-04-A,Walls,https://example.org/ontology/instance/Element_2098016,D1-일반석고보드,2098016
2-04-A,Walls,https://example.org/ontology/instance/Element_2098017,D1-일반석고보드,2098017
2-04-A,Walls,https://example.org/ontology/instance/Element_2098018,D1-일반석고보드,2098018
2-04-A,Walls,https://example.org/ontology/instance/Element_2098030,D1-일반석고보드,2098030
2-04-A,Walls,https://example.org/ontology/instance/Element_2098031,D1-일반석고보드,2098031
2-04-A,Walls,https://example.org/ontology/instance/Element_2098032,D1-일반석고보드,2098032
2-04-A,Walls,https://example.org/ontology/instance/Element_2098033,D1-일반석고보드,2098033
2-04-A,Walls,https://example.org/ontology/instance/Element_2098036,D1-일반석고보드,2098036
2-04-A,Walls,https://example.org/ontology/instance/Element_2098037,D1-일반석고보드,2098037
2-04-A,Walls,https://example.org/ontology/instance/Element_2098046,D1-일반석고보드,2098046
2-04-A,Walls,https://example.org/ontology/instance/Element_2098047,D1-일반석고보드,2098047
2-04-A,Walls,https://example.org/ontology/instance/Element_2098048,D1-일반석고보드,2098048
2-04-A,Walls,https://example.org/ontology/instance/Element_2098049,D1-일반석고보드,2098049
2-04-A,Walls,https://example.org/ontology/instance/Element_2098051,D1-일반석고보드,2098051
2-04-A,Walls,https://example.org/ontology/instance/Element_2098052,D1-일반석고보드,2098052
2-04-A,Walls,https://example.org/ontology/instance/Element_2098053,D1-일반석고보드,2098053
2-04-A,Walls,https://example.org/ontology/instance/Element_2098054,D1-일반석고보드,2098054
2-04-A,Walls,https://example.org/ontology/instance/Element_2098056,D1-일반석고보드,2098056
2-04-A,Walls,https://example.org/ontology/instance/Element_2098057,D1-일반석고보드,2098057
2-04-A,Walls,https://example.org/ontology/instance/Element_837843,D3-METAL C-STUD,837843
2-04-A,Walls,https://example.org/ontology/instance/Element_2098026,D3-일반석고보드,2098026
2-04-A,Walls,https://example.org/ontology/instance/Element_2098027,D3-일반석고보드,2098027
2-04-A,Walls,https://example.org/ontology/instance/Element_2098028,D3-일반석고보드,2098028
2-04-A,Walls,https://example.org/ontology/instance/Element_2098029,D3-일반석고보드,2098029
2-04-A,Walls,https://example.org/ontology/instance/Element_837842,D4-그라스울보온재24k,837842
2-04-A,Walls,https://example.org/ontology/instance/Element_837849,D4-그라스울보온재24k,837849
2-04-A,Walls,https://example.org/ontology/instance/Element_837850,D4-그라스울보온재24k,837850
2-04-A,Walls,https://example.org/ontology/instance/Element_2098021,D4-일반석고보드,2098021
2-04-A,Walls,https://example.org/ontology/instance/Element_2098022,D4-일반석고보드,2098022
2-04-A,Walls,https://example.org/ontology/instance/Element_2098023,D4-일반석고보드,2098023
2-04-A,Walls,https://example.org/ontology/instance/Element_2098024,D4-일반석고보드,2098024
2-04-A,Walls,https://example.org/ontology/instance/Element_2098038,D4-일반석고보드,2098038
2-04-A,Walls,https://example.org/ontology/instance/Element_2098039,D4-일반석고보드,2098039
2-04-A,Walls,https://example.org/ontology/instance/Element_2098040,D4-일반석고보드,2098040
2-04-A,Walls,https://example.org/ontology/instance/Element_2098041,D4-일반석고보드,2098041
2-04-A,Walls,https://example.org/ontology/instance/Element_2098042,D4-일반석고보드,2098042
2-04-A,Walls,https://example.org/ontology/instance/Element_2098043,D4-일반석고보드,2098043
2-04-A,Walls,https://example.org/ontology/instance/Element_2098044,D4-일반석고보드,2098044
2-04-A,Walls,https://example.org/ontology/instance/Element_2098045,D4-일반석고보드,2098045
2-04-A,Walls,https://example.org/ontology/instance/Element_837846,D8-METAL C-STUD,837846
2-04-A,Walls,https://example.org/ontology/instance/Element_2098034,D8-일반석고보드,2098034
2-04-A,Walls,https://example.org/ontology/instance/Element_2098035,D8-합판,2098035
2-04-A,Walls,https://example.org/ontology/instance/Element_837837,DF2-그라스울보온재24k,837837
2-04-A,Walls,https://example.org/ontology/instance/Element_837841,DF2-그라스울보온재24k,837841
2-04-A,Walls,https://example.org/ontology/instance/Element_2098010,DF2-방화석고보드,2098010
2-04-A,Walls,https://example.org/ontology/instance/Element_2098011,DF2-방화석고보드,2098011
2-04-A,Walls,https://example.org/ontology/instance/Element_2098019,DF2-방화석고보드,2098019
2-04-A,Walls,https://example.org/ontology/instance/Element_2098020,DF2-방화석고보드,2098020
2-04-A,Walls,https://example.org/ontology/instance/Element_837847,HiddenWall,837847
2-04-A,Walls,https://example.org/ontology/instance/Element_837969,SGP패널(T=13),837969
2-04-A,Walls,https://example.org/ontology/instance/Element_837970,SGP패널(T=13),837970
2-04-A,Walls,https://example.org/ontology/instance/Element_837971,SGP패널(T=13),837971
2-04-A,Walls,https://example.org/ontology/instance/Element_837972,SGP패널(T=13),837972
2-04-A,Walls,https://example.org/ontology/instance/Element_837973,SGP패널(T=13),837973
2-04-A,Walls,https://example.org/ontology/instance/Element_837974,SGP패널(T=13),837974
2-04-A,Walls,https://example.org/ontology/instance/Element_837851,경질우레탄보드(T=120)(일면은박)-경질우레탄보드,837851
2-04-A,Walls,https://example.org/ontology/instance/Element_1474577,도막방수(T=3)-Hidden,1474577
2-04-A,Walls,https://example.org/ontology/instance/Element_1474578,도막방수(T=3)-Hidden,1474578
2-04-A,Walls,https://example.org/ontology/instance/Element_1474579,도막방수(T=3)-Hidden,1474579
2-04-A,Walls,https://example.org/ontology/instance/Element_1474580,도막방수(T=3)-Hidden,1474580
2-04-A,Walls,https://example.org/ontology/instance/Element_1474581,도막방수(T=3)-Hidden,1474581
2-04-A,Walls,https://example.org/ontology/instance/Element_1474582,도막방수(T=3)-Hidden,1474582
2-04-A,Walls,https://example.org/ontology/instance/Element_2729721,석재단열패널(연한회색)(T=35),2729721
2-04-A,Walls,https://example.org/ontology/instance/Element_838140,석재단열패널(회색)(T=35),838140
2-04-A,Walls,https://example.org/ontology/instance/Element_838213,석재단열패널(회색)(T=35),838213
2-04-A,Walls,https://example.org/ontology/instance/Element_838173,우레탄심재 준불연단열재(T=100),838173
2-04-A,Walls,https://example.org/ontology/instance/Element_838174,우레탄심재 준불연단열재(T=100),838174
2-04-A,Walls,https://example.org/ontology/instance/Element_838175,우레탄심재 준불연단열재(T=100),838175
2-04-A,Walls,https://example.org/ontology/instance/Element_838176,우레탄심재 준불연단열재(T=100),838176
2-04-A,Walls,https://example.org/ontology/instance/Element_1226129,우레탄심재 준불연단열재(T=100),1226129
2-04-A,Walls,https://example.org/ontology/instance/Element_838177,우레탄심재 준불연단열재(T=70),838177
2-04-A,Walls,https://example.org/ontology/instance/Element_838178,우레탄심재 준불연단열재(T=70),838178
2-04-A,Walls,https://example.org/ontology/instance/Element_838188,우레탄심재 준불연단열재(T=70),838188
2-04-A,Walls,https://example.org/ontology/instance/Element_992305,우레탄심재 준불연단열재(T=70),992305
2-04-A,Walls,https://example.org/ontology/instance/Element_994172,우레탄심재 준불연단열재(T=70),994172
2-04-A,Walls,https://example.org/ontology/instance/Element_994173,우레탄심재 준불연단열재(T=70),994173
2-04-A,Walls,https://example.org/ontology/instance/Element_994174,우레탄심재 준불연단열재(T=70),994174
2-04-A,Walls,https://example.org/ontology/instance/Element_994175,우레탄심재 준불연단열재(T=70),994175
2-04-A,Walls,https://example.org/ontology/instance/Element_1160366,우레탄심재 준불연단열재(T=70),1160366
2-04-A,Walls,https://example.org/ontology/instance/Element_1160367,우레탄심재 준불연단열재(T=70),1160367
2-04-A,Walls,https://example.org/ontology/instance/Element_838208,일반석고보드(바탕용),838208
2-04-A,Walls,https://example.org/ontology/instance/Element_838212,일반석고보드(바탕용),838212
2-04-A,Walls,https://example.org/ontology/instance/Element_838142,칼라강판(T=15),838142
2-04-A,Walls,https://example.org/ontology/instance/Element_838143,칼라강판(T=15),838143
2-04-A,Walls,https://example.org/ontology/instance/Element_1431745,함석판(T=0.3),1431745
2-04-A,Windows,https://example.org/ontology/instance/Element_838218,AW5,838218
2-04-A,Windows,https://example.org/ontology/instance/Element_838131,PW1,838131
2-04-A,Windows,https://example.org/ontology/instance/Element_838132,PW2,838132
2-05-ST,Floors,https://example.org/ontology/instance/Element_847282,콘크리트(T=180),847282
2-05-ST,Floors,https://example.org/ontology/instance/Element_847353,콘크리트(T=180),847353
2-05-ST,Walls,https://example.org/ontology/instance/Element_847366,D1-METAL C-STUD,847366
2-05-ST,Walls,https://example.org/ontology/instance/Element_847368,D1-METAL C-STUD,847368
2-05-ST,Walls,https://example.org/ontology/instance/Element_847374,D1-METAL C-STUD,847374
2-05-ST,Walls,https://example.org/ontology/instance/Element_2098088,D1-일반석고보드,2098088
2-05-ST,Walls,https://example.org/ontology/instance/Element_2098089,D1-일반석고보드,2098089
2-05-ST,Walls,https://example.org/ontology/instance/Element_2098090,D1-일반석고보드,2098090
2-05-ST,Walls,https://example.org/ontology/instance/Element_2098091,D1-일반석고보드,2098091
2-05-ST,Walls,https://example.org/ontology/instance/Element_2098096,D1-일반석고보드,2098096
2-05-ST,Walls,https://example.org/ontology/instance/Element_2098097,D1-일반석고보드,2098097
2-05-ST,Walls,https://example.org/ontology/instance/Element_2098098,D1-일반석고보드,2098098
2-05-ST,Walls,https://example.org/ontology/instance/Element_2098099,D1-일반석고보드,2098099
2-05-ST,Walls,https://example.org/ontology/instance/Element_2098101,D1-일반석고보드,2098101
2-05-ST,Walls,https://example.org/ontology/instance/Element_2098102,D1-일반석고보드,2098102
2-05-ST,Walls,https://example.org/ontology/instance/Element_847323,D3-METAL C-STUD,847323
2-05-ST,Walls,https://example.org/ontology/instance/Element_847324,D3-METAL C-STUD,847324
2-05-ST,Walls,https://example.org/ontology/instance/Element_847325,D3-METAL C-STUD,847325
2-05-ST,Walls,https://example.org/ontology/instance/Element_2098076,D3-일반석고보드,2098076
2-05-ST,Walls,https://example.org/ontology/instance/Element_2098077,D3-일반석고보드,2098077
2-05-ST,Walls,https://example.org/ontology/instance/Element_2098078,D3-일반석고보드,2098078
2-05-ST,Walls,https://example.org/ontology/instance/Element_2098079,D3-일반석고보드,2098079
2-05-ST,Walls,https://example.org/ontology/instance/Element_2098080,D3-일반석고보드,2098080
2-05-ST,Walls,https://example.org/ontology/instance/Element_2098081,D3-일반석고보드,2098081
2-05-ST,Walls,https://example.org/ontology/instance/Element_2098082,D3-일반석고보드,2098082
2-05-ST,Walls,https://example.org/ontology/instance/Element_2098083,D3-일반석고보드,2098083
2-05-ST,Walls,https://example.org/ontology/instance/Element_2098084,D3-일반석고보드,2098084
2-05-ST,Walls,https://example.org/ontology/instance/Element_2098085,D3-일반석고보드,2098085
2-05-ST,Walls,https://example.org/ontology/instance/Element_2098086,D3-일반석고보드,2098086
2-05-ST,Walls,https://example.org/ontology/instance/Element_2098087,D3-일반석고보드,2098087
2-05-ST,Walls,https://example.org/ontology/instance/Element_2098093,D6-일반석고보드,2098093
2-05-ST,Walls,https://example.org/ontology/instance/Element_2098094,D6-일반석고보드,2098094
2-05-ST,Walls,https://example.org/ontology/instance/Element_847335,경질우레탄보드(T=120)(일면은박)-경질우레탄보드,847335
2-05-ST,Walls,https://example.org/ontology/instance/Element_2729851,석재단열패널(연한회색)(T=35),2729851
2-05-ST,Walls,https://example.org/ontology/instance/Element_847341,석재단열패널(회색)(T=35),847341
2-05-ST,Walls,https://example.org/ontology/instance/Element_847370,석재단열패널(회색)(T=35),847370
2-05-ST,Walls,https://example.org/ontology/instance/Element_847377,우레탄심재 준불연단열재(T=100),847377
2-05-ST,Walls,https://example.org/ontology/instance/Element_847999,우레탄심재 준불연단열재(T=100),847999
2-05-ST,Walls,https://example.org/ontology/instance/Element_879831,우레탄심재 준불연단열재(T=100),879831
2-05-ST,Walls,https://example.org/ontology/instance/Element_1226205,우레탄심재 준불연단열재(T=100),1226205
2-05-ST,Walls,https://example.org/ontology/instance/Element_847376,우레탄심재 준불연단열재(T=70),847376
2-05-ST,Walls,https://example.org/ontology/instance/Element_866320,우레탄심재 준불연단열재(T=70),866320
2-05-ST,Walls,https://example.org/ontology/instance/Element_866484,우레탄심재 준불연단열재(T=70),866484
2-05-ST,Walls,https://example.org/ontology/instance/Element_866733,우레탄심재 준불연단열재(T=70),866733
2-05-ST,Walls,https://example.org/ontology/instance/Element_866837,우레탄심재 준불연단열재(T=70),866837
2-05-ST,Walls,https://example.org/ontology/instance/Element_867273,우레탄심재 준불연단열재(T=70),867273
2-05-ST,Walls,https://example.org/ontology/instance/Element_867868,우레탄심재 준불연단열재(T=70),867868
2-05-ST,Walls,https://example.org/ontology/instance/Element_867928,우레탄심재 준불연단열재(T=70),867928
2-05-ST,Walls,https://example.org/ontology/instance/Element_847365,일반석고보드(바탕용),847365
2-05-ST,Walls,https://example.org/ontology/instance/Element_847369,일반석고보드(바탕용),847369
2-05-ST,Walls,https://example.org/ontology/instance/Element_847342,칼라강판(T=15),847342
2-05-ST,Walls,https://example.org/ontology/instance/Element_847343,칼라강판(T=15),847343
2-05-ST,Walls,https://example.org/ontology/instance/Element_1431797,함석판(T=0.3),1431797
2-05-ST,Windows,https://example.org/ontology/instance/Element_850405,AW3,850405
2-05-ST,Windows,https://example.org/ontology/instance/Element_847375,AW5,847375
2-06-A,Doors,https://example.org/ontology/instance/Element_839700,PD1,839700
2-06-A,Doors,https://example.org/ontology/instance/Element_839698,SD1,839698
2-06-A,Doors,https://example.org/ontology/instance/Element_839701,SD2,839701
2-06-A,Doors,https://example.org/ontology/instance/Element_839702,SD3,839702
2-06-A,Doors,https://example.org/ontology/instance/Element_839699,SD5,839699
2-06-A,Floors,https://example.org/ontology/instance/Element_839625,강마루(T=7.5),839625
2-06-A,Floors,https://example.org/ontology/instance/Element_839595,경량기포콘크리트(T=40),839595
2-06-A,Floors,https://example.org/ontology/instance/Element_1059929,경질우레탄보드(T=30),1059929
2-06-A,Floors,https://example.org/ontology/instance/Element_839580,경질우레탄보드(T=50),839580
2-06-A,Floors,https://example.org/ontology/instance/Element_1059919,경질우레탄보드(T=70),1059919
2-06-A,Floors,https://example.org/ontology/instance/Element_1629453,경질우레탄보드(T=70),1629453
2-06-A,Floors,https://example.org/ontology/instance/Element_839691,구배몰탈(T=70),839691
2-06-A,Floors,https://example.org/ontology/instance/Element_839658,도막방수(T=3),839658
2-06-A,Floors,https://example.org/ontology/instance/Element_839610,시멘트몰탈(T=42.5),839610
2-06-A,Floors,https://example.org/ontology/instance/Element_839673,시멘트몰탈(T=67),839673
2-06-A,Floors,https://example.org/ontology/instance/Element_839640,시멘트몰탈(T=70),839640
2-06-A,Floors,https://example.org/ontology/instance/Element_839682,자기질타일(T=10),839682
2-06-A,Floors,https://example.org/ontology/instance/Element_839552,콘크리트(T=180),839552
2-06-A,Floors,https://example.org/ontology/instance/Element_839567,콘크리트(T=180),839567
2-06-A,Floors,https://example.org/ontology/instance/Element_839649,포세린타일(T=10),839649
2-06-A,Walls,https://example.org/ontology/instance/Element_839534,D1-METAL C-STUD,839534
2-06-A,Walls,https://example.org/ontology/instance/Element_839535,D1-METAL C-STUD,839535
2-06-A,Walls,https://example.org/ontology/instance/Element_839536,D1-METAL C-STUD,839536
2-06-A,Walls,https://example.org/ontology/instance/Element_839540,D1-METAL C-STUD,839540
2-06-A,Walls,https://example.org/ontology/instance/Element_839541,D1-METAL C-STUD,839541
2-06-A,Walls,https://example.org/ontology/instance/Element_839544,D1-METAL C-STUD,839544
2-06-A,Walls,https://example.org/ontology/instance/Element_839548,D1-METAL C-STUD,839548
2-06-A,Walls,https://example.org/ontology/instance/Element_839549,D1-METAL C-STUD,839549
2-06-A,Walls,https://example.org/ontology/instance/Element_839906,D1-METAL C-STUD,839906
2-06-A,Walls,https://example.org/ontology/instance/Element_839908,D1-METAL C-STUD,839908
2-06-A,Walls,https://example.org/ontology/instance/Element_839914,D1-METAL C-STUD,839914
2-06-A,Walls,https://example.org/ontology/instance/Element_2098116,D1-일반석고보드,2098116
2-06-A,Walls,https://example.org/ontology/instance/Element_2098117,D1-일반석고보드,2098117
2-06-A,Walls,https://example.org/ontology/instance/Element_2098119,D1-일반석고보드,2098119
2-06-A,Walls,https://example.org/ontology/instance/Element_2098120,D1-일반석고보드,2098120
2-06-A,Walls,https://example.org/ontology/instance/Element_2098121,D1-일반석고보드,2098121
2-06-A,Walls,https://example.org/ontology/instance/Element_2098122,D1-일반석고보드,2098122
2-06-A,Walls,https://example.org/ontology/instance/Element_2098134,D1-일반석고보드,2098134
2-06-A,Walls,https://example.org/ontology/instance/Element_2098135,D1-일반석고보드,2098135
2-06-A,Walls,https://example.org/ontology/instance/Element_2098136,D1-일반석고보드,2098136
2-06-A,Walls,https://example.org/ontology/instance/Element_2098137,D1-일반석고보드,2098137
2-06-A,Walls,https://example.org/ontology/instance/Element_2098140,D1-일반석고보드,2098140
2-06-A,Walls,https://example.org/ontology/instance/Element_2098141,D1-일반석고보드,2098141
2-06-A,Walls,https://example.org/ontology/instance/Element_2098150,D1-일반석고보드,2098150
2-06-A,Walls,https://example.org/ontology/instance/Element_2098151,D1-일반석고보드,2098151
2-06-A,Walls,https://example.org/ontology/instance/Element_2098152,D1-일반석고보드,2098152
2-06-A,Walls,https://example.org/ontology/instance/Element_2098153,D1-일반석고보드,2098153
2-06-A,Walls,https://example.org/ontology/instance/Element_2098155,D1-일반석고보드,2098155
2-06-A,Walls,https://example.org/ontology/instance/Element_2098156,D1-일반석고보드,2098156
2-06-A,Walls,https://example.org/ontology/instance/Element_2098157,D1-일반석고보드,2098157
2-06-A,Walls,https://example.org/ontology/instance/Element_2098158,D1-일반석고보드,2098158
2-06-A,Walls,https://example.org/ontology/instance/Element_2098160,D1-일반석고보드,2098160
2-06-A,Walls,https://example.org/ontology/instance/Element_2098161,D1-일반석고보드,2098161
2-06-A,Walls,https://example.org/ontology/instance/Element_839539,D3-METAL C-STUD,839539
2-06-A,Walls,https://example.org/ontology/instance/Element_2098130,D3-일반석고보드,2098130
2-06-A,Walls,https://example.org/ontology/instance/Element_2098131,D3-일반석고보드,2098131
2-06-A,Walls,https://example.org/ontology/instance/Element_2098132,D3-일반석고보드,2098132
2-06-A,Walls,https://example.org/ontology/instance/Element_2098133,D3-일반석고보드,2098133
2-06-A,Walls,https://example.org/ontology/instance/Element_839538,D4-그라스울보온재24k,839538
2-06-A,Walls,https://example.org/ontology/instance/Element_839545,D4-그라스울보온재24k,839545
2-06-A,Walls,https://example.org/ontology/instance/Element_839546,D4-그라스울보온재24k,839546
2-06-A,Walls,https://example.org/ontology/instance/Element_2098125,D4-일반석고보드,2098125
2-06-A,Walls,https://example.org/ontology/instance/Element_2098126,D4-일반석고보드,2098126
2-06-A,Walls,https://example.org/ontology/instance/Element_2098127,D4-일반석고보드,2098127
2-06-A,Walls,https://example.org/ontology/instance/Element_2098128,D4-일반석고보드,2098128
2-06-A,Walls,https://example.org/ontology/instance/Element_2098142,D4-일반석고보드,2098142
2-06-A,Walls,https://example.org/ontology/instance/Element_2098143,D4-일반석고보드,2098143
2-06-A,Walls,https://example.org/ontology/instance/Element_2098144,D4-일반석고보드,2098144
2-06-A,Walls,https://example.org/ontology/instance/Element_2098145,D4-일반석고보드,2098145
2-06-A,Walls,https://example.org/ontology/instance/Element_2098146,D4-일반석고보드,2098146
2-06-A,Walls,https://example.org/ontology/instance/Element_2098147,D4-일반석고보드,2098147
2-06-A,Walls,https://example.org/ontology/instance/Element_2098148,D4-일반석고보드,2098148
2-06-A,Walls,https://example.org/ontology/instance/Element_2098149,D4-일반석고보드,2098149
2-06-A,Walls,https://example.org/ontology/instance/Element_839542,D8-METAL C-STUD,839542
2-06-A,Walls,https://example.org/ontology/instance/Element_2098138,D8-일반석고보드,2098138
2-06-A,Walls,https://example.org/ontology/instance/Element_2098139,D8-합판,2098139
2-06-A,Walls,https://example.org/ontology/instance/Element_839537,DF1-METAL C-STUD,839537
2-06-A,Walls,https://example.org/ontology/instance/Element_2098123,DF1-방화석고보드,2098123
2-06-A,Walls,https://example.org/ontology/instance/Element_2098124,DF1-방화석고보드,2098124
2-06-A,Walls,https://example.org/ontology/instance/Element_846930,DF2-그라스울보온재24k,846930
2-06-A,Walls,https://example.org/ontology/instance/Element_2098162,DF2-방화석고보드,2098162
2-06-A,Walls,https://example.org/ontology/instance/Element_2098163,DF2-방화석고보드,2098163
2-06-A,Walls,https://example.org/ontology/instance/Element_839543,HiddenWall,839543
2-06-A,Walls,https://example.org/ontology/instance/Element_839665,SGP패널(T=13),839665
2-06-A,Walls,https://example.org/ontology/instance/Element_839666,SGP패널(T=13),839666
2-06-A,Walls,https://example.org/ontology/instance/Element_839667,SGP패널(T=13),839667
2-06-A,Walls,https://example.org/ontology/instance/Element_839668,SGP패널(T=13),839668
2-06-A,Walls,https://example.org/ontology/instance/Element_839669,SGP패널(T=13),839669
2-06-A,Walls,https://example.org/ontology/instance/Element_839670,SGP패널(T=13),839670
2-06-A,Walls,https://example.org/ontology/instance/Element_839547,경질우레탄보드(T=120)(일면은박)-경질우레탄보드,839547
2-06-A,Walls,https://example.org/ontology/instance/Element_1474614,도막방수(T=3)-Hidden,1474614
2-06-A,Walls,https://example.org/ontology/instance/Element_1474615,도막방수(T=3)-Hidden,1474615
2-06-A,Walls,https://example.org/ontology/instance/Element_1474616,도막방수(T=3)-Hidden,1474616
2-06-A,Walls,https://example.org/ontology/instance/Element_1474617,도막방수(T=3)-Hidden,1474617
2-06-A,Walls,https://example.org/ontology/instance/Element_1474618,도막방수(T=3)-Hidden,1474618
2-06-A,Walls,https://example.org/ontology/instance/Element_1474619,도막방수(T=3)-Hidden,1474619
2-06-A,Walls,https://example.org/ontology/instance/Element_2729933,석재단열패널(연한회색)(T=35),2729933
2-06-A,Walls,https://example.org/ontology/instance/Element_839836,석재단열패널(회색)(T=35),839836
2-06-A,Walls,https://example.org/ontology/instance/Element_839910,석재단열패널(회색)(T=35),839910
2-06-A,Walls,https://example.org/ontology/instance/Element_839869,우레탄심재 준불연단열재(T=100),839869
2-06-A,Walls,https://example.org/ontology/instance/Element_839870,우레탄심재 준불연단열재(T=100),839870
2-06-A,Walls,https://example.org/ontology/instance/Element_839871,우레탄심재 준불연단열재(T=100),839871
2-06-A,Walls,https://example.org/ontology/instance/Element_839872,우레탄심재 준불연단열재(T=100),839872
2-06-A,Walls,https://example.org/ontology/instance/Element_1226489,우레탄심재 준불연단열재(T=100),1226489
2-06-A,Walls,https://example.org/ontology/instance/Element_839873,우레탄심재 준불연단열재(T=70),839873
2-06-A,Walls,https://example.org/ontology/instance/Element_866640,우레탄심재 준불연단열재(T=70),866640
2-06-A,Walls,https://example.org/ontology/instance/Element_868439,우레탄심재 준불연단열재(T=70),868439
2-06-A,Walls,https://example.org/ontology/instance/Element_992181,우레탄심재 준불연단열재(T=70),992181
2-06-A,Walls,https://example.org/ontology/instance/Element_994150,우레탄심재 준불연단열재(T=70),994150
2-06-A,Walls,https://example.org/ontology/instance/Element_994151,우레탄심재 준불연단열재(T=70),994151
2-06-A,Walls,https://example.org/ontology/instance/Element_994152,우레탄심재 준불연단열재(T=70),994152
2-06-A,Walls,https://example.org/ontology/instance/Element_994153,우레탄심재 준불연단열재(T=70),994153
2-06-A,Walls,https://example.org/ontology/instance/Element_1630332,우레탄심재 준불연단열재(T=70),1630332
2-06-A,Walls,https://example.org/ontology/instance/Element_1630333,우레탄심재 준불연단열재(T=70),1630333
2-06-A,Walls,https://example.org/ontology/instance/Element_839905,일반석고보드(바탕용),839905
2-06-A,Walls,https://example.org/ontology/instance/Element_839909,일반석고보드(바탕용),839909
2-06-A,Walls,https://example.org/ontology/instance/Element_839838,칼라강판(T=15),839838
2-06-A,Walls,https://example.org/ontology/instance/Element_839839,칼라강판(T=15),839839
2-06-A,Walls,https://example.org/ontology/instance/Element_1431834,함석판(T=0.3),1431834
2-06-A,Windows,https://example.org/ontology/instance/Element_839915,AW5,839915
2-06-A,Windows,https://example.org/ontology/instance/Element_839827,PW1,839827
2-06-A,Windows,https://example.org/ontology/instance/Element_839828,PW2,839828
2-07-A,Doors,https://example.org/ontology/instance/Element_837463,PD1,837463
2-07-A,Doors,https://example.org/ontology/instance/Element_837461,SD1,837461
2-07-A,Doors,https://example.org/ontology/instance/Element_837464,SD2,837464
2-07-A,Doors,https://example.org/ontology/instance/Element_837465,SD3,837465
2-07-A,Doors,https://example.org/ontology/instance/Element_837462,SD5,837462
2-07-A,Floors,https://example.org/ontology/instance/Element_837388,강마루(T=7.5),837388
2-07-A,Floors,https://example.org/ontology/instance/Element_837358,경량기포콘크리트(T=40),837358
2-07-A,Floors,https://example.org/ontology/instance/Element_1059970,경질우레탄보드(T=30),1059970
2-07-A,Floors,https://example.org/ontology/instance/Element_837343,경질우레탄보드(T=50),837343
2-07-A,Floors,https://example.org/ontology/instance/Element_1059960,경질우레탄보드(T=70),1059960
2-07-A,Floors,https://example.org/ontology/instance/Element_1629441,경질우레탄보드(T=70),1629441
2-07-A,Floors,https://example.org/ontology/instance/Element_837454,구배몰탈(T=70),837454
2-07-A,Floors,https://example.org/ontology/instance/Element_837421,도막방수(T=3),837421
2-07-A,Floors,https://example.org/ontology/instance/Element_837373,시멘트몰탈(T=42.5),837373
2-07-A,Floors,https://example.org/ontology/instance/Element_837436,시멘트몰탈(T=67),837436
2-07-A,Floors,https://example.org/ontology/instance/Element_837403,시멘트몰탈(T=70),837403
2-07-A,Floors,https://example.org/ontology/instance/Element_837445,자기질타일(T=10),837445
2-07-A,Floors,https://example.org/ontology/instance/Element_837315,콘크리트(T=180),837315
2-07-A,Floors,https://example.org/ontology/instance/Element_837330,콘크리트(T=180),837330
2-07-A,Floors,https://example.org/ontology/instance/Element_837412,포세린타일(T=10),837412
2-07-A,Walls,https://example.org/ontology/instance/Element_837297,D1-METAL C-STUD,837297
2-07-A,Walls,https://example.org/ontology/instance/Element_837298,D1-METAL C-STUD,837298
2-07-A,Walls,https://example.org/ontology/instance/Element_837299,D1-METAL C-STUD,837299
2-07-A,Walls,https://example.org/ontology/instance/Element_837303,D1-METAL C-STUD,837303
2-07-A,Walls,https://example.org/ontology/instance/Element_837304,D1-METAL C-STUD,837304
2-07-A,Walls,https://example.org/ontology/instance/Element_837307,D1-METAL C-STUD,837307
2-07-A,Walls,https://example.org/ontology/instance/Element_837311,D1-METAL C-STUD,837311
2-07-A,Walls,https://example.org/ontology/instance/Element_837312,D1-METAL C-STUD,837312
2-07-A,Walls,https://example.org/ontology/instance/Element_837668,D1-METAL C-STUD,837668
2-07-A,Walls,https://example.org/ontology/instance/Element_837670,D1-METAL C-STUD,837670
2-07-A,Walls,https://example.org/ontology/instance/Element_837676,D1-METAL C-STUD,837676
2-07-A,Walls,https://example.org/ontology/instance/Element_2098184,D1-일반석고보드,2098184
2-07-A,Walls,https://example.org/ontology/instance/Element_2098185,D1-일반석고보드,2098185
2-07-A,Walls,https://example.org/ontology/instance/Element_2098187,D1-일반석고보드,2098187
2-07-A,Walls,https://example.org/ontology/instance/Element_2098188,D1-일반석고보드,2098188
2-07-A,Walls,https://example.org/ontology/instance/Element_2098189,D1-일반석고보드,2098189
2-07-A,Walls,https://example.org/ontology/instance/Element_2098190,D1-일반석고보드,2098190
2-07-A,Walls,https://example.org/ontology/instance/Element_2098202,D1-일반석고보드,2098202
2-07-A,Walls,https://example.org/ontology/instance/Element_2098203,D1-일반석고보드,2098203
2-07-A,Walls,https://example.org/ontology/instance/Element_2098204,D1-일반석고보드,2098204
2-07-A,Walls,https://example.org/ontology/instance/Element_2098205,D1-일반석고보드,2098205
2-07-A,Walls,https://example.org/ontology/instance/Element_2098208,D1-일반석고보드,2098208
2-07-A,Walls,https://example.org/ontology/instance/Element_2098209,D1-일반석고보드,2098209
2-07-A,Walls,https://example.org/ontology/instance/Element_2098218,D1-일반석고보드,2098218
2-07-A,Walls,https://example.org/ontology/instance/Element_2098219,D1-일반석고보드,2098219
2-07-A,Walls,https://example.org/ontology/instance/Element_2098220,D1-일반석고보드,2098220
2-07-A,Walls,https://example.org/ontology/instance/Element_2098221,D1-일반석고보드,2098221
2-07-A,Walls,https://example.org/ontology/instance/Element_2098223,D1-일반석고보드,2098223
2-07-A,Walls,https://example.org/ontology/instance/Element_2098224,D1-일반석고보드,2098224
2-07-A,Walls,https://example.org/ontology/instance/Element_2098225,D1-일반석고보드,2098225
2-07-A,Walls,https://example.org/ontology/instance/Element_2098226,D1-일반석고보드,2098226
2-07-A,Walls,https://example.org/ontology/instance/Element_2098228,D1-일반석고보드,2098228
2-07-A,Walls,https://example.org/ontology/instance/Element_2098229,D1-일반석고보드,2098229
2-07-A,Walls,https://example.org/ontology/instance/Element_837302,D3-METAL C-STUD,837302
2-07-A,Walls,https://example.org/ontology/instance/Element_2098198,D3-일반석고보드,2098198
2-07-A,Walls,https://example.org/ontology/instance/Element_2098199,D3-일반석고보드,2098199
2-07-A,Walls,https://example.org/ontology/instance/Element_2098200,D3-일반석고보드,2098200
2-07-A,Walls,https://example.org/ontology/instance/Element_2098201,D3-일반석고보드,2098201
2-07-A,Walls,https://example.org/ontology/instance/Element_837301,D4-그라스울보온재24k,837301
2-07-A,Walls,https://example.org/ontology/instance/Element_837308,D4-그라스울보온재24k,837308
2-07-A,Walls,https://example.org/ontology/instance/Element_837309,D4-그라스울보온재24k,837309
2-07-A,Walls,https://example.org/ontology/instance/Element_2098193,D4-일반석고보드,2098193
2-07-A,Walls,https://example.org/ontology/instance/Element_2098194,D4-일반석고보드,2098194
2-07-A,Walls,https://example.org/ontology/instance/Element_2098195,D4-일반석고보드,2098195
2-07-A,Walls,https://example.org/ontology/instance/Element_2098196,D4-일반석고보드,2098196
2-07-A,Walls,https://example.org/ontology/instance/Element_2098210,D4-일반석고보드,2098210
2-07-A,Walls,https://example.org/ontology/instance/Element_2098211,D4-일반석고보드,2098211
2-07-A,Walls,https://example.org/ontology/instance/Element_2098212,D4-일반석고보드,2098212
2-07-A,Walls,https://example.org/ontology/instance/Element_2098213,D4-일반석고보드,2098213
2-07-A,Walls,https://example.org/ontology/instance/Element_2098214,D4-일반석고보드,2098214
2-07-A,Walls,https://example.org/ontology/instance/Element_2098215,D4-일반석고보드,2098215
2-07-A,Walls,https://example.org/ontology/instance/Element_2098216,D4-일반석고보드,2098216
2-07-A,Walls,https://example.org/ontology/instance/Element_2098217,D4-일반석고보드,2098217
2-07-A,Walls,https://example.org/ontology/instance/Element_837305,D8-METAL C-STUD,837305
2-07-A,Walls,https://example.org/ontology/instance/Element_2098206,D8-일반석고보드,2098206
2-07-A,Walls,https://example.org/ontology/instance/Element_2098207,D8-합판,2098207
2-07-A,Walls,https://example.org/ontology/instance/Element_837296,DF1-METAL C-STUD,837296
2-07-A,Walls,https://example.org/ontology/instance/Element_2098182,DF1-방화석고보드,2098182
2-07-A,Walls,https://example.org/ontology/instance/Element_2098183,DF1-방화석고보드,2098183
2-07-A,Walls,https://example.org/ontology/instance/Element_837300,DF2-그라스울보온재24k,837300
2-07-A,Walls,https://example.org/ontology/instance/Element_2098191,DF2-방화석고보드,2098191
2-07-A,Walls,https://example.org/ontology/instance/Element_2098192,DF2-방화석고보드,2098192
2-07-A,Walls,https://example.org/ontology/instance/Element_837306,HiddenWall,837306
2-07-A,Walls,https://example.org/ontology/instance/Element_837428,SGP패널(T=13),837428
2-07-A,Walls,https://example.org/ontology/instance/Element_837429,SGP패널(T=13),837429
2-07-A,Walls,https://example.org/ontology/instance/Element_837430,SGP패널(T=13),837430
2-07-A,Walls,https://example.org/ontology/instance/Element_837431,SGP패널(T=13),837431
2-07-A,Walls,https://example.org/ontology/instance/Element_837432,SGP패널(T=13),837432
2-07-A,Walls,https://example.org/ontology/instance/Element_837433,SGP패널(T=13),837433
2-07-A,Walls,https://example.org/ontology/instance/Element_837310,경질우레탄보드(T=120)(일면은박)-경질우레탄보드,837310
2-07-A,Walls,https://example.org/ontology/instance/Element_1474641,도막방수(T=3)-Hidden,1474641
2-07-A,Walls,https://example.org/ontology/instance/Element_1474642,도막방수(T=3)-Hidden,1474642
2-07-A,Walls,https://example.org/ontology/instance/Element_1474643,도막방수(T=3)-Hidden,1474643
2-07-A,Walls,https://example.org/ontology/instance/Element_1474644,도막방수(T=3)-Hidden,1474644
2-07-A,Walls,https://example.org/ontology/instance/Element_1474645,도막방수(T=3)-Hidden,1474645
2-07-A,Walls,https://example.org/ontology/instance/Element_1474646,도막방수(T=3)-Hidden,1474646
2-07-A,Walls,https://example.org/ontology/instance/Element_2730084,석재단열패널(연한회색)(T=35),2730084
2-07-A,Walls,https://example.org/ontology/instance/Element_837599,석재단열패널(회색)(T=35),837599
2-07-A,Walls,https://example.org/ontology/instance/Element_837672,석재단열패널(회색)(T=35),837672
2-07-A,Walls,https://example.org/ontology/instance/Element_837632,우레탄심재 준불연단열재(T=100),837632
2-07-A,Walls,https://example.org/ontology/instance/Element_837633,우레탄심재 준불연단열재(T=100),837633
2-07-A,Walls,https://example.org/ontology/instance/Element_837634,우레탄심재 준불연단열재(T=100),837634
2-07-A,Walls,https://example.org/ontology/instance/Element_837635,우레탄심재 준불연단열재(T=100),837635
2-07-A,Walls,https://example.org/ontology/instance/Element_837636,우레탄심재 준불연단열재(T=70),837636
2-07-A,Walls,https://example.org/ontology/instance/Element_837637,우레탄심재 준불연단열재(T=70),837637
2-07-A,Walls,https://example.org/ontology/instance/Element_992151,우레탄심재 준불연단열재(T=70),992151
2-07-A,Walls,https://example.org/ontology/instance/Element_994139,우레탄심재 준불연단열재(T=70),994139
2-07-A,Walls,https://example.org/ontology/instance/Element_994140,우레탄심재 준불연단열재(T=70),994140
2-07-A,Walls,https://example.org/ontology/instance/Element_994141,우레탄심재 준불연단열재(T=70),994141
2-07-A,Walls,https://example.org/ontology/instance/Element_994142,우레탄심재 준불연단열재(T=70),994142
2-07-A,Walls,https://example.org/ontology/instance/Element_1157673,우레탄심재 준불연단열재(T=70),1157673
2-07-A,Walls,https://example.org/ontology/instance/Element_1157674,우레탄심재 준불연단열재(T=70),1157674
2-07-A,Walls,https://example.org/ontology/instance/Element_837667,일반석고보드(바탕용),837667
2-07-A,Walls,https://example.org/ontology/instance/Element_837671,일반석고보드(바탕용),837671
2-07-A,Walls,https://example.org/ontology/instance/Element_837601,칼라강판(T=15),837601
2-07-A,Walls,https://example.org/ontology/instance/Element_837602,칼라강판(T=15),837602
2-07-A,Walls,https://example.org/ontology/instance/Element_1431871,함석판(T=0.3),1431871
2-07-A,Windows,https://example.org/ontology/instance/Element_837677,AW5,837677
2-07-A,Windows,https://example.org/ontology/instance/Element_837590,PW1,837590
2-07-A,Windows,https://example.org/ontology/instance/Element_837591,PW2,837591
2-08-A,Doors,https://example.org/ontology/instance/Element_836913,PD1,836913
2-08-A,Doors,https://example.org/ontology/instance/Element_836911,SD1,836911
2-08-A,Doors,https://example.org/ontology/instance/Element_836914,SD2,836914
2-08-A,Doors,https://example.org/ontology/instance/Element_836915,SD3,836915
2-08-A,Doors,https://example.org/ontology/instance/Element_836912,SD5,836912
2-08-A,Floors,https://example.org/ontology/instance/Element_836838,강마루(T=7.5),836838
2-08-A,Floors,https://example.org/ontology/instance/Element_836808,경량기포콘크리트(T=40),836808
2-08-A,Floors,https://example.org/ontology/instance/Element_1629429,경질우레탄보드(T=70),1629429
2-08-A,Floors,https://example.org/ontology/instance/Element_836904,구배몰탈(T=70),836904
2-08-A,Floors,https://example.org/ontology/instance/Element_921820,도막방수(T=3),921820
2-08-A,Floors,https://example.org/ontology/instance/Element_836793,비드법보온판(2종1호)(T=50),836793
2-08-A,Floors,https://example.org/ontology/instance/Element_836823,시멘트몰탈(T=42.5),836823
2-08-A,Floors,https://example.org/ontology/instance/Element_921804,시멘트몰탈(T=67),921804
2-08-A,Floors,https://example.org/ontology/instance/Element_836853,시멘트몰탈(T=70),836853
2-08-A,Floors,https://example.org/ontology/instance/Element_921788,자기질타일(T=10),921788
2-08-A,Floors,https://example.org/ontology/instance/Element_836765,콘크리트(T=180),836765
2-08-A,Floors,https://example.org/ontology/instance/Element_836780,콘크리트(T=180),836780
2-08-A,Floors,https://example.org/ontology/instance/Element_836862,포세린타일(T=10),836862
2-08-A,Walls,https://example.org/ontology/instance/Element_836747,D1-METAL C-STUD,836747
2-08-A,Walls,https://example.org/ontology/instance/Element_836748,D1-METAL C-STUD,836748
2-08-A,Walls,https://example.org/ontology/instance/Element_836749,D1-METAL C-STUD,836749
2-08-A,Walls,https://example.org/ontology/instance/Element_836753,D1-METAL C-STUD,836753
2-08-A,Walls,https://example.org/ontology/instance/Element_836754,D1-METAL C-STUD,836754
2-08-A,Walls,https://example.org/ontology/instance/Element_836757,D1-METAL C-STUD,836757
2-08-A,Walls,https://example.org/ontology/instance/Element_836761,D1-METAL C-STUD,836761
2-08-A,Walls,https://example.org/ontology/instance/Element_836762,D1-METAL C-STUD,836762
2-08-A,Walls,https://example.org/ontology/instance/Element_837119,D1-METAL C-STUD,837119
2-08-A,Walls,https://example.org/ontology/instance/Element_837121,D1-METAL C-STUD,837121
2-08-A,Walls,https://example.org/ontology/instance/Element_837127,D1-METAL C-STUD,837127
2-08-A,Walls,https://example.org/ontology/instance/Element_2098248,D1-일반석고보드,2098248
2-08-A,Walls,https://example.org/ontology/instance/Element_2098249,D1-일반석고보드,2098249
2-08-A,Walls,https://example.org/ontology/instance/Element_2098251,D1-일반석고보드,2098251
2-08-A,Walls,https://example.org/ontology/instance/Element_2098252,D1-일반석고보드,2098252
2-08-A,Walls,https://example.org/ontology/instance/Element_2098253,D1-일반석고보드,2098253
2-08-A,Walls,https://example.org/ontology/instance/Element_2098254,D1-일반석고보드,2098254
2-08-A,Walls,https://example.org/ontology/instance/Element_2098266,D1-일반석고보드,2098266
2-08-A,Walls,https://example.org/ontology/instance/Element_2098267,D1-일반석고보드,2098267
2-08-A,Walls,https://example.org/ontology/instance/Element_2098268,D1-일반석고보드,2098268
2-08-A,Walls,https://example.org/ontology/instance/Element_2098269,D1-일반석고보드,2098269
2-08-A,Walls,https://example.org/ontology/instance/Element_2098272,D1-일반석고보드,2098272
2-08-A,Walls,https://example.org/ontology/instance/Element_2098273,D1-일반석고보드,2098273
2-08-A,Walls,https://example.org/ontology/instance/Element_2098282,D1-일반석고보드,2098282
2-08-A,Walls,https://example.org/ontology/instance/Element_2098283,D1-일반석고보드,2098283
2-08-A,Walls,https://example.org/ontology/instance/Element_2098284,D1-일반석고보드,2098284
2-08-A,Walls,https://example.org/ontology/instance/Element_2098285,D1-일반석고보드,2098285
2-08-A,Walls,https://example.org/ontology/instance/Element_2098287,D1-일반석고보드,2098287
2-08-A,Walls,https://example.org/ontology/instance/Element_2098288,D1-일반석고보드,2098288
2-08-A,Walls,https://example.org/ontology/instance/Element_2098289,D1-일반석고보드,2098289
2-08-A,Walls,https://example.org/ontology/instance/Element_2098290,D1-일반석고보드,2098290
2-08-A,Walls,https://example.org/ontology/instance/Element_2098292,D1-일반석고보드,2098292
2-08-A,Walls,https://example.org/ontology/instance/Element_2098293,D1-일반석고보드,2098293
2-08-A,Walls,https://example.org/ontology/instance/Element_836752,D3-METAL C-STUD,836752
2-08-A,Walls,https://example.org/ontology/instance/Element_2098262,D3-일반석고보드,2098262
2-08-A,Walls,https://example.org/ontology/instance/Element_2098263,D3-일반석고보드,2098263
2-08-A,Walls,https://example.org/ontology/instance/Element_2098264,D3-일반석고보드,2098264
2-08-A,Walls,https://example.org/ontology/instance/Element_2098265,D3-일반석고보드,2098265
2-08-A,Walls,https://example.org/ontology/instance/Element_836751,D4-그라스울보온재24k,836751
2-08-A,Walls,https://example.org/ontology/instance/Element_836758,D4-그라스울보온재24k,836758
2-08-A,Walls,https://example.org/ontology/instance/Element_836759,D4-그라스울보온재24k,836759
2-08-A,Walls,https://example.org/ontology/instance/Element_2098257,D4-일반석고보드,2098257
2-08-A,Walls,https://example.org/ontology/instance/Element_2098258,D4-일반석고보드,2098258
2-08-A,Walls,https://example.org/ontology/instance/Element_2098259,D4-일반석고보드,2098259
2-08-A,Walls,https://example.org/ontology/instance/Element_2098260,D4-일반석고보드,2098260
2-08-A,Walls,https://example.org/ontology/instance/Element_2098274,D4-일반석고보드,2098274
2-08-A,Walls,https://example.org/ontology/instance/Element_2098275,D4-일반석고보드,2098275
2-08-A,Walls,https://example.org/ontology/instance/Element_2098276,D4-일반석고보드,2098276
2-08-A,Walls,https://example.org/ontology/instance/Element_2098277,D4-일반석고보드,2098277
2-08-A,Walls,https://example.org/ontology/instance/Element_2098278,D4-일반석고보드,2098278
2-08-A,Walls,https://example.org/ontology/instance/Element_2098279,D4-일반석고보드,2098279
2-08-A,Walls,https://example.org/ontology/instance/Element_2098280,D4-일반석고보드,2098280
2-08-A,Walls,https://example.org/ontology/instance/Element_2098281,D4-일반석고보드,2098281
2-08-A,Walls,https://example.org/ontology/instance/Element_836755,D8-METAL C-STUD,836755
2-08-A,Walls,https://example.org/ontology/instance/Element_2098270,D8-일반석고보드,2098270
2-08-A,Walls,https://example.org/ontology/instance/Element_2098271,D8-합판,2098271
2-08-A,Walls,https://example.org/ontology/instance/Element_836750,DF1-METAL C-STUD,836750
2-08-A,Walls,https://example.org/ontology/instance/Element_2098255,DF1-방화석고보드,2098255
2-08-A,Walls,https://example.org/ontology/instance/Element_2098256,DF1-방화석고보드,2098256
2-08-A,Walls,https://example.org/ontology/instance/Element_837744,DF2-그라스울보온재24k,837744
2-08-A,Walls,https://example.org/ontology/instance/Element_2098294,DF2-방화석고보드,2098294
2-08-A,Walls,https://example.org/ontology/instance/Element_2098295,DF2-방화석고보드,2098295
2-08-A,Walls,https://example.org/ontology/instance/Element_836756,HiddenWall,836756
2-08-A,Walls,https://example.org/ontology/instance/Element_836878,SGP패널(T=13),836878
2-08-A,Walls,https://example.org/ontology/instance/Element_836879,SGP패널(T=13),836879
2-08-A,Walls,https://example.org/ontology/instance/Element_836880,SGP패널(T=13),836880
2-08-A,Walls,https://example.org/ontology/instance/Element_836881,SGP패널(T=13),836881
2-08-A,Walls,https://example.org/ontology/instance/Element_836882,SGP패널(T=13),836882
2-08-A,Walls,https://example.org/ontology/instance/Element_836883,SGP패널(T=13),836883
2-08-A,Walls,https://example.org/ontology/instance/Element_836760,경질우레탄보드(T=120)(일면은박)-경질우레탄보드,836760
2-08-A,Walls,https://example.org/ontology/instance/Element_1474660,도막방수(T=3)-Hidden,1474660
2-08-A,Walls,https://example.org/ontology/instance/Element_1474661,도막방수(T=3)-Hidden,1474661
2-08-A,Walls,https://example.org/ontology/instance/Element_1474662,도막방수(T=3)-Hidden,1474662
2-08-A,Walls,https://example.org/ontology/instance/Element_1474663,도막방수(T=3)-Hidden,1474663
2-08-A,Walls,https://example.org/ontology/instance/Element_1474664,도막방수(T=3)-Hidden,1474664
2-08-A,Walls,https://example.org/ontology/instance/Element_1474665,도막방수(T=3)-Hidden,1474665
2-08-A,Walls,https://example.org/ontology/instance/Element_2730166,석재단열패널(연한회색)(T=35),2730166
2-08-A,Walls,https://example.org/ontology/instance/Element_837049,석재단열패널(회색)(T=35),837049
2-08-A,Walls,https://example.org/ontology/instance/Element_837123,석재단열패널(회색)(T=35),837123
2-08-A,Walls,https://example.org/ontology/instance/Element_837082,우레탄심재 준불연단열재(T=100),837082
2-08-A,Walls,https://example.org/ontology/instance/Element_837083,우레탄심재 준불연단열재(T=100),837083
2-08-A,Walls,https://example.org/ontology/instance/Element_837084,우레탄심재 준불연단열재(T=100),837084
2-08-A,Walls,https://example.org/ontology/instance/Element_837085,우레탄심재 준불연단열재(T=100),837085
2-08-A,Walls,https://example.org/ontology/instance/Element_837086,우레탄심재 준불연단열재(T=70),837086
2-08-A,Walls,https://example.org/ontology/instance/Element_837745,우레탄심재 준불연단열재(T=70),837745
2-08-A,Walls,https://example.org/ontology/instance/Element_992121,우레탄심재 준불연단열재(T=70),992121
2-08-A,Walls,https://example.org/ontology/instance/Element_994128,우레탄심재 준불연단열재(T=70),994128
2-08-A,Walls,https://example.org/ontology/instance/Element_994129,우레탄심재 준불연단열재(T=70),994129
2-08-A,Walls,https://example.org/ontology/instance/Element_994130,우레탄심재 준불연단열재(T=70),994130
2-08-A,Walls,https://example.org/ontology/instance/Element_994131,우레탄심재 준불연단열재(T=70),994131
2-08-A,Walls,https://example.org/ontology/instance/Element_1150597,우레탄심재 준불연단열재(T=70),1150597
2-08-A,Walls,https://example.org/ontology/instance/Element_1150598,우레탄심재 준불연단열재(T=70),1150598
2-08-A,Walls,https://example.org/ontology/instance/Element_837118,일반석고보드(바탕용),837118
2-08-A,Walls,https://example.org/ontology/instance/Element_837122,일반석고보드(바탕용),837122
2-08-A,Walls,https://example.org/ontology/instance/Element_837051,칼라강판(T=15),837051
2-08-A,Walls,https://example.org/ontology/instance/Element_837052,칼라강판(T=15),837052
2-08-A,Walls,https://example.org/ontology/instance/Element_1431908,함석판(T=0.3),1431908
2-08-A,Windows,https://example.org/ontology/instance/Element_837128,AW5,837128
2-08-A,Windows,https://example.org/ontology/instance/Element_837040,PW1,837040
2-08-A,Windows,https://example.org/ontology/instance/Element_837041,PW2,837041
2-09-A,Doors,https://example.org/ontology/instance/Element_835705,PD1,835705
2-09-A,Doors,https://example.org/ontology/instance/Element_835703,SD1,835703
2-09-A,Doors,https://example.org/ontology/instance/Element_835706,SD2,835706
2-09-A,Doors,https://example.org/ontology/instance/Element_835707,SD3,835707
2-09-A,Doors,https://example.org/ontology/instance/Element_835704,SD5,835704
2-09-A,Floors,https://example.org/ontology/instance/Element_835630,강마루(T=7.5),835630
2-09-A,Floors,https://example.org/ontology/instance/Element_835600,경량기포콘크리트(T=40),835600
2-09-A,Floors,https://example.org/ontology/instance/Element_1629417,경질우레탄보드(T=70),1629417
2-09-A,Floors,https://example.org/ontology/instance/Element_835696,구배몰탈(T=70),835696
2-09-A,Floors,https://example.org/ontology/instance/Element_922309,도막방수(T=3),922309
2-09-A,Floors,https://example.org/ontology/instance/Element_835585,비드법보온판(2종1호)(T=50),835585
2-09-A,Floors,https://example.org/ontology/instance/Element_835615,시멘트몰탈(T=42.5),835615
2-09-A,Floors,https://example.org/ontology/instance/Element_922293,시멘트몰탈(T=67),922293
2-09-A,Floors,https://example.org/ontology/instance/Element_835645,시멘트몰탈(T=70),835645
2-09-A,Floors,https://example.org/ontology/instance/Element_922277,자기질타일(T=10),922277
2-09-A,Floors,https://example.org/ontology/instance/Element_1051587,칼라강판,1051587
2-09-A,Floors,https://example.org/ontology/instance/Element_835557,콘크리트(T=180),835557
2-09-A,Floors,https://example.org/ontology/instance/Element_835572,콘크리트(T=180),835572
2-09-A,Floors,https://example.org/ontology/instance/Element_835654,포세린타일(T=10),835654
2-09-A,Walls,https://example.org/ontology/instance/Element_835539,D1-METAL C-STUD,835539
2-09-A,Walls,https://example.org/ontology/instance/Element_835540,D1-METAL C-STUD,835540
2-09-A,Walls,https://example.org/ontology/instance/Element_835541,D1-METAL C-STUD,835541
2-09-A,Walls,https://example.org/ontology/instance/Element_835545,D1-METAL C-STUD,835545
2-09-A,Walls,https://example.org/ontology/instance/Element_835546,D1-METAL C-STUD,835546
2-09-A,Walls,https://example.org/ontology/instance/Element_835549,D1-METAL C-STUD,835549
2-09-A,Walls,https://example.org/ontology/instance/Element_835553,D1-METAL C-STUD,835553
2-09-A,Walls,https://example.org/ontology/instance/Element_835554,D1-METAL C-STUD,835554
2-09-A,Walls,https://example.org/ontology/instance/Element_835970,D1-METAL C-STUD,835970
2-09-A,Walls,https://example.org/ontology/instance/Element_835972,D1-METAL C-STUD,835972
2-09-A,Walls,https://example.org/ontology/instance/Element_835978,D1-METAL C-STUD,835978
2-09-A,Walls,https://example.org/ontology/instance/Element_2098316,D1-일반석고보드,2098316
2-09-A,Walls,https://example.org/ontology/instance/Element_2098317,D1-일반석고보드,2098317
2-09-A,Walls,https://example.org/ontology/instance/Element_2098319,D1-일반석고보드,2098319
2-09-A,Walls,https://example.org/ontology/instance/Element_2098320,D1-일반석고보드,2098320
2-09-A,Walls,https://example.org/ontology/instance/Element_2098321,D1-일반석고보드,2098321
2-09-A,Walls,https://example.org/ontology/instance/Element_2098322,D1-일반석고보드,2098322
2-09-A,Walls,https://example.org/ontology/instance/Element_2098334,D1-일반석고보드,2098334
2-09-A,Walls,https://example.org/ontology/instance/Element_2098335,D1-일반석고보드,2098335
2-09-A,Walls,https://example.org/ontology/instance/Element_2098336,D1-일반석고보드,2098336
2-09-A,Walls,https://example.org/ontology/instance/Element_2098337,D1-일반석고보드,2098337
2-09-A,Walls,https://example.org/ontology/instance/Element_2098340,D1-일반석고보드,2098340
2-09-A,Walls,https://example.org/ontology/instance/Element_2098341,D1-일반석고보드,2098341
2-09-A,Walls,https://example.org/ontology/instance/Element_2098350,D1-일반석고보드,2098350
2-09-A,Walls,https://example.org/ontology/instance/Element_2098351,D1-일반석고보드,2098351
2-09-A,Walls,https://example.org/ontology/instance/Element_2098352,D1-일반석고보드,2098352
2-09-A,Walls,https://example.org/ontology/instance/Element_2098353,D1-일반석고보드,2098353
2-09-A,Walls,https://example.org/ontology/instance/Element_2098355,D1-일반석고보드,2098355
2-09-A,Walls,https://example.org/ontology/instance/Element_2098356,D1-일반석고보드,2098356
2-09-A,Walls,https://example.org/ontology/instance/Element_2098357,D1-일반석고보드,2098357
2-09-A,Walls,https://example.org/ontology/instance/Element_2098358,D1-일반석고보드,2098358
2-09-A,Walls,https://example.org/ontology/instance/Element_2098360,D1-일반석고보드,2098360
2-09-A,Walls,https://example.org/ontology/instance/Element_2098361,D1-일반석고보드,2098361
2-09-A,Walls,https://example.org/ontology/instance/Element_835544,D3-METAL C-STUD,835544
2-09-A,Walls,https://example.org/ontology/instance/Element_2098330,D3-일반석고보드,2098330
2-09-A,Walls,https://example.org/ontology/instance/Element_2098331,D3-일반석고보드,2098331
2-09-A,Walls,https://example.org/ontology/instance/Element_2098332,D3-일반석고보드,2098332
2-09-A,Walls,https://example.org/ontology/instance/Element_2098333,D3-일반석고보드,2098333
2-09-A,Walls,https://example.org/ontology/instance/Element_835543,D4-그라스울보온재24k,835543
2-09-A,Walls,https://example.org/ontology/instance/Element_835550,D4-그라스울보온재24k,835550
2-09-A,Walls,https://example.org/ontology/instance/Element_835551,D4-그라스울보온재24k,835551
2-09-A,Walls,https://example.org/ontology/instance/Element_2098325,D4-일반석고보드,2098325
2-09-A,Walls,https://example.org/ontology/instance/Element_2098326,D4-일반석고보드,2098326
2-09-A,Walls,https://example.org/ontology/instance/Element_2098327,D4-일반석고보드,2098327
2-09-A,Walls,https://example.org/ontology/instance/Element_2098328,D4-일반석고보드,2098328
2-09-A,Walls,https://example.org/ontology/instance/Element_2098342,D4-일반석고보드,2098342
2-09-A,Walls,https://example.org/ontology/instance/Element_2098343,D4-일반석고보드,2098343
2-09-A,Walls,https://example.org/ontology/instance/Element_2098344,D4-일반석고보드,2098344
2-09-A,Walls,https://example.org/ontology/instance/Element_2098345,D4-일반석고보드,2098345
2-09-A,Walls,https://example.org/ontology/instance/Element_2098346,D4-일반석고보드,2098346
2-09-A,Walls,https://example.org/ontology/instance/Element_2098347,D4-일반석고보드,2098347
2-09-A,Walls,https://example.org/ontology/instance/Element_2098348,D4-일반석고보드,2098348
2-09-A,Walls,https://example.org/ontology/instance/Element_2098349,D4-일반석고보드,2098349
2-09-A,Walls,https://example.org/ontology/instance/Element_835547,D8-METAL C-STUD,835547
2-09-A,Walls,https://example.org/ontology/instance/Element_2098338,D8-일반석고보드,2098338
2-09-A,Walls,https://example.org/ontology/instance/Element_2098339,D8-합판,2098339
2-09-A,Walls,https://example.org/ontology/instance/Element_835538,DF1-METAL C-STUD,835538
2-09-A,Walls,https://example.org/ontology/instance/Element_2098314,DF1-방화석고보드,2098314
2-09-A,Walls,https://example.org/ontology/instance/Element_2098315,DF1-방화석고보드,2098315
2-09-A,Walls,https://example.org/ontology/instance/Element_835542,DF2-그라스울보온재24k,835542
2-09-A,Walls,https://example.org/ontology/instance/Element_2098323,DF2-방화석고보드,2098323
2-09-A,Walls,https://example.org/ontology/instance/Element_2098324,DF2-방화석고보드,2098324
2-09-A,Walls,https://example.org/ontology/instance/Element_835548,HiddenWall,835548
2-09-A,Walls,https://example.org/ontology/instance/Element_835670,SGP패널(T=13),835670
2-09-A,Walls,https://example.org/ontology/instance/Element_835671,SGP패널(T=13),835671
2-09-A,Walls,https://example.org/ontology/instance/Element_835672,SGP패널(T=13),835672
2-09-A,Walls,https://example.org/ontology/instance/Element_835673,SGP패널(T=13),835673
2-09-A,Walls,https://example.org/ontology/instance/Element_835674,SGP패널(T=13),835674
2-09-A,Walls,https://example.org/ontology/instance/Element_835675,SGP패널(T=13),835675
2-09-A,Walls,https://example.org/ontology/instance/Element_835552,경질우레탄보드(T=120)(일면은박)-경질우레탄보드,835552
2-09-A,Walls,https://example.org/ontology/instance/Element_1474679,도막방수(T=3)-Hidden,1474679
2-09-A,Walls,https://example.org/ontology/instance/Element_1474680,도막방수(T=3)-Hidden,1474680
2-09-A,Walls,https://example.org/ontology/instance/Element_1474681,도막방수(T=3)-Hidden,1474681
2-09-A,Walls,https://example.org/ontology/instance/Element_1474682,도막방수(T=3)-Hidden,1474682
2-09-A,Walls,https://example.org/ontology/instance/Element_1474683,도막방수(T=3)-Hidden,1474683
2-09-A,Walls,https://example.org/ontology/instance/Element_1474684,도막방수(T=3)-Hidden,1474684
2-09-A,Walls,https://example.org/ontology/instance/Element_1051584,석재단열패널(연한회색)(T=35),1051584
2-09-A,Walls,https://example.org/ontology/instance/Element_2730232,석재단열패널(연한회색)(T=35),2730232
2-09-A,Walls,https://example.org/ontology/instance/Element_835841,석재단열패널(회색)(T=35),835841
2-09-A,Walls,https://example.org/ontology/instance/Element_835974,석재단열패널(회색)(T=35),835974
2-09-A,Walls,https://example.org/ontology/instance/Element_835874,우레탄심재 준불연단열재(T=100),835874
2-09-A,Walls,https://example.org/ontology/instance/Element_835875,우레탄심재 준불연단열재(T=100),835875
2-09-A,Walls,https://example.org/ontology/instance/Element_835876,우레탄심재 준불연단열재(T=100),835876
2-09-A,Walls,https://example.org/ontology/instance/Element_835877,우레탄심재 준불연단열재(T=100),835877
2-09-A,Walls,https://example.org/ontology/instance/Element_835878,우레탄심재 준불연단열재(T=70),835878
2-09-A,Walls,https://example.org/ontology/instance/Element_835879,우레탄심재 준불연단열재(T=70),835879
2-09-A,Walls,https://example.org/ontology/instance/Element_992091,우레탄심재 준불연단열재(T=70),992091
2-09-A,Walls,https://example.org/ontology/instance/Element_994117,우레탄심재 준불연단열재(T=70),994117
2-09-A,Walls,https://example.org/ontology/instance/Element_994118,우레탄심재 준불연단열재(T=70),994118
2-09-A,Walls,https://example.org/ontology/instance/Element_994119,우레탄심재 준불연단열재(T=70),994119
2-09-A,Walls,https://example.org/ontology/instance/Element_994120,우레탄심재 준불연단열재(T=70),994120
2-09-A,Walls,https://example.org/ontology/instance/Element_1150065,우레탄심재 준불연단열재(T=70),1150065
2-09-A,Walls,https://example.org/ontology/instance/Element_1150066,우레탄심재 준불연단열재(T=70),1150066
2-09-A,Walls,https://example.org/ontology/instance/Element_835969,일반석고보드(바탕용),835969
2-09-A,Walls,https://example.org/ontology/instance/Element_835973,일반석고보드(바탕용),835973
2-09-A,Walls,https://example.org/ontology/instance/Element_835843,칼라강판(T=15),835843
2-09-A,Walls,https://example.org/ontology/instance/Element_835844,칼라강판(T=15),835844
2-09-A,Walls,https://example.org/ontology/instance/Element_1431945,함석판(T=0.3),1431945
2-09-A,Windows,https://example.org/ontology/instance/Element_835979,AW5,835979
2-09-A,Windows,https://example.org/ontology/instance/Element_835832,PW1,835832
2-09-A,Windows,https://example.org/ontology/instance/Element_835833,PW2,835833
2-10-A,Doors,https://example.org/ontology/instance/Element_836299,PD1,836299
2-10-A,Doors,https://example.org/ontology/instance/Element_836297,SD1,836297
2-10-A,Doors,https://example.org/ontology/instance/Element_836300,SD2,836300
2-10-A,Doors,https://example.org/ontology/instance/Element_836301,SD3,836301
2-10-A,Doors,https://example.org/ontology/instance/Element_836298,SD5,836298
2-10-A,Floors,https://example.org/ontology/instance/Element_836224,강마루(T=7.5),836224
2-10-A,Floors,https://example.org/ontology/instance/Element_836194,경량기포콘크리트(T=40),836194
2-10-A,Floors,https://example.org/ontology/instance/Element_1629100,경질우레탄보드(T=70),1629100
2-10-A,Floors,https://example.org/ontology/instance/Element_836290,구배몰탈(T=70),836290
2-10-A,Floors,https://example.org/ontology/instance/Element_922882,도막방수(T=3),922882
2-10-A,Floors,https://example.org/ontology/instance/Element_836179,비드법보온판(2종1호)(T=50),836179
2-10-A,Floors,https://example.org/ontology/instance/Element_836209,시멘트몰탈(T=42.5),836209
2-10-A,Floors,https://example.org/ontology/instance/Element_922866,시멘트몰탈(T=67),922866
2-10-A,Floors,https://example.org/ontology/instance/Element_836239,시멘트몰탈(T=70),836239
2-10-A,Floors,https://example.org/ontology/instance/Element_922850,자기질타일(T=10),922850
2-10-A,Floors,https://example.org/ontology/instance/Element_1046202,칼라강판,1046202
2-10-A,Floors,https://example.org/ontology/instance/Element_836151,콘크리트(T=180),836151
2-10-A,Floors,https://example.org/ontology/instance/Element_836166,콘크리트(T=180),836166
2-10-A,Floors,https://example.org/ontology/instance/Element_836248,포세린타일(T=10),836248
2-10-A,Walls,https://example.org/ontology/instance/Element_836133,D1-METAL C-STUD,836133
2-10-A,Walls,https://example.org/ontology/instance/Element_836134,D1-METAL C-STUD,836134
2-10-A,Walls,https://example.org/ontology/instance/Element_836135,D1-METAL C-STUD,836135
2-10-A,Walls,https://example.org/ontology/instance/Element_836139,D1-METAL C-STUD,836139
2-10-A,Walls,https://example.org/ontology/instance/Element_836140,D1-METAL C-STUD,836140
2-10-A,Walls,https://example.org/ontology/instance/Element_836143,D1-METAL C-STUD,836143
2-10-A,Walls,https://example.org/ontology/instance/Element_836147,D1-METAL C-STUD,836147
2-10-A,Walls,https://example.org/ontology/instance/Element_836148,D1-METAL C-STUD,836148
2-10-A,Walls,https://example.org/ontology/instance/Element_836567,D1-METAL C-STUD,836567
2-10-A,Walls,https://example.org/ontology/instance/Element_836569,D1-METAL C-STUD,836569
2-10-A,Walls,https://example.org/ontology/instance/Element_836575,D1-METAL C-STUD,836575
2-10-A,Walls,https://example.org/ontology/instance/Element_2098383,D1-일반석고보드,2098383
2-10-A,Walls,https://example.org/ontology/instance/Element_2098384,D1-일반석고보드,2098384
2-10-A,Walls,https://example.org/ontology/instance/Element_2098386,D1-일반석고보드,2098386
2-10-A,Walls,https://example.org/ontology/instance/Element_2098387,D1-일반석고보드,2098387
2-10-A,Walls,https://example.org/ontology/instance/Element_2098388,D1-일반석고보드,2098388
2-10-A,Walls,https://example.org/ontology/instance/Element_2098389,D1-일반석고보드,2098389
2-10-A,Walls,https://example.org/ontology/instance/Element_2098401,D1-일반석고보드,2098401
2-10-A,Walls,https://example.org/ontology/instance/Element_2098402,D1-일반석고보드,2098402
2-10-A,Walls,https://example.org/ontology/instance/Element_2098403,D1-일반석고보드,2098403
2-10-A,Walls,https://example.org/ontology/instance/Element_2098404,D1-일반석고보드,2098404
2-10-A,Walls,https://example.org/ontology/instance/Element_2098407,D1-일반석고보드,2098407
2-10-A,Walls,https://example.org/ontology/instance/Element_2098408,D1-일반석고보드,2098408
2-10-A,Walls,https://example.org/ontology/instance/Element_2098417,D1-일반석고보드,2098417
2-10-A,Walls,https://example.org/ontology/instance/Element_2098418,D1-일반석고보드,2098418
2-10-A,Walls,https://example.org/ontology/instance/Element_2098419,D1-일반석고보드,2098419
2-10-A,Walls,https://example.org/ontology/instance/Element_2098420,D1-일반석고보드,2098420
2-10-A,Walls,https://example.org/ontology/instance/Element_2098422,D1-일반석고보드,2098422
2-10-A,Walls,https://example.org/ontology/instance/Element_2098423,D1-일반석고보드,2098423
2-10-A,Walls,https://example.org/ontology/instance/Element_2098424,D1-일반석고보드,2098424
2-10-A,Walls,https://example.org/ontology/instance/Element_2098425,D1-일반석고보드,2098425
2-10-A,Walls,https://example.org/ontology/instance/Element_2098427,D1-일반석고보드,2098427
2-10-A,Walls,https://example.org/ontology/instance/Element_2098428,D1-일반석고보드,2098428
2-10-A,Walls,https://example.org/ontology/instance/Element_836138,D3-METAL C-STUD,836138
2-10-A,Walls,https://example.org/ontology/instance/Element_2098397,D3-일반석고보드,2098397
2-10-A,Walls,https://example.org/ontology/instance/Element_2098398,D3-일반석고보드,2098398
2-10-A,Walls,https://example.org/ontology/instance/Element_2098399,D3-일반석고보드,2098399
2-10-A,Walls,https://example.org/ontology/instance/Element_2098400,D3-일반석고보드,2098400
2-10-A,Walls,https://example.org/ontology/instance/Element_836137,D4-그라스울보온재24k,836137
2-10-A,Walls,https://example.org/ontology/instance/Element_836144,D4-그라스울보온재24k,836144
2-10-A,Walls,https://example.org/ontology/instance/Element_836145,D4-그라스울보온재24k,836145
2-10-A,Walls,https://example.org/ontology/instance/Element_2098392,D4-일반석고보드,2098392
2-10-A,Walls,https://example.org/ontology/instance/Element_2098393,D4-일반석고보드,2098393
2-10-A,Walls,https://example.org/ontology/instance/Element_2098394,D4-일반석고보드,2098394
2-10-A,Walls,https://example.org/ontology/instance/Element_2098395,D4-일반석고보드,2098395
2-10-A,Walls,https://example.org/ontology/instance/Element_2098409,D4-일반석고보드,2098409
2-10-A,Walls,https://example.org/ontology/instance/Element_2098410,D4-일반석고보드,2098410
2-10-A,Walls,https://example.org/ontology/instance/Element_2098411,D4-일반석고보드,2098411
2-10-A,Walls,https://example.org/ontology/instance/Element_2098412,D4-일반석고보드,2098412
2-10-A,Walls,https://example.org/ontology/instance/Element_2098413,D4-일반석고보드,2098413
2-10-A,Walls,https://example.org/ontology/instance/Element_2098414,D4-일반석고보드,2098414
2-10-A,Walls,https://example.org/ontology/instance/Element_2098415,D4-일반석고보드,2098415
2-10-A,Walls,https://example.org/ontology/instance/Element_2098416,D4-일반석고보드,2098416
2-10-A,Walls,https://example.org/ontology/instance/Element_836141,D8-METAL C-STUD,836141
2-10-A,Walls,https://example.org/ontology/instance/Element_2098405,D8-일반석고보드,2098405
2-10-A,Walls,https://example.org/ontology/instance/Element_2098406,D8-합판,2098406
2-10-A,Walls,https://example.org/ontology/instance/Element_836136,DF1-METAL C-STUD,836136
2-10-A,Walls,https://example.org/ontology/instance/Element_2098390,DF1-방화석고보드,2098390
2-10-A,Walls,https://example.org/ontology/instance/Element_2098391,DF1-방화석고보드,2098391
2-10-A,Walls,https://example.org/ontology/instance/Element_836132,DF2-그라스울보온재24k,836132
2-10-A,Walls,https://example.org/ontology/instance/Element_2098381,DF2-방화석고보드,2098381
2-10-A,Walls,https://example.org/ontology/instance/Element_2098382,DF2-방화석고보드,2098382
2-10-A,Walls,https://example.org/ontology/instance/Element_836142,HiddenWall,836142
2-10-A,Walls,https://example.org/ontology/instance/Element_836264,SGP패널(T=13),836264
2-10-A,Walls,https://example.org/ontology/instance/Element_836265,SGP패널(T=13),836265
2-10-A,Walls,https://example.org/ontology/instance/Element_836266,SGP패널(T=13),836266
2-10-A,Walls,https://example.org/ontology/instance/Element_836267,SGP패널(T=13),836267
2-10-A,Walls,https://example.org/ontology/instance/Element_836268,SGP패널(T=13),836268
2-10-A,Walls,https://example.org/ontology/instance/Element_836269,SGP패널(T=13),836269
2-10-A,Walls,https://example.org/ontology/instance/Element_836146,경질우레탄보드(T=120)(일면은박)-경질우레탄보드,836146
2-10-A,Walls,https://example.org/ontology/instance/Element_1474698,도막방수(T=3)-Hidden,1474698
2-10-A,Walls,https://example.org/ontology/instance/Element_1474699,도막방수(T=3)-Hidden,1474699
2-10-A,Walls,https://example.org/ontology/instance/Element_1474700,도막방수(T=3)-Hidden,1474700
2-10-A,Walls,https://example.org/ontology/instance/Element_1474701,도막방수(T=3)-Hidden,1474701
2-10-A,Walls,https://example.org/ontology/instance/Element_1474702,도막방수(T=3)-Hidden,1474702
2-10-A,Walls,https://example.org/ontology/instance/Element_1474703,도막방수(T=3)-Hidden,1474703
2-10-A,Walls,https://example.org/ontology/instance/Element_1045987,석재단열패널(연한회색)(T=35),1045987
2-10-A,Walls,https://example.org/ontology/instance/Element_2730302,석재단열패널(연한회색)(T=35),2730302
2-10-A,Walls,https://example.org/ontology/instance/Element_836435,석재단열패널(회색)(T=35),836435
2-10-A,Walls,https://example.org/ontology/instance/Element_836571,석재단열패널(회색)(T=35),836571
2-10-A,Walls,https://example.org/ontology/instance/Element_836468,우레탄심재 준불연단열재(T=100),836468
2-10-A,Walls,https://example.org/ontology/instance/Element_836469,우레탄심재 준불연단열재(T=100),836469
2-10-A,Walls,https://example.org/ontology/instance/Element_836470,우레탄심재 준불연단열재(T=100),836470
2-10-A,Walls,https://example.org/ontology/instance/Element_836471,우레탄심재 준불연단열재(T=100),836471
2-10-A,Walls,https://example.org/ontology/instance/Element_836472,우레탄심재 준불연단열재(T=70),836472
2-10-A,Walls,https://example.org/ontology/instance/Element_836473,우레탄심재 준불연단열재(T=70),836473
2-10-A,Walls,https://example.org/ontology/instance/Element_991709,우레탄심재 준불연단열재(T=70),991709
2-10-A,Walls,https://example.org/ontology/instance/Element_994106,우레탄심재 준불연단열재(T=70),994106
2-10-A,Walls,https://example.org/ontology/instance/Element_994107,우레탄심재 준불연단열재(T=70),994107
2-10-A,Walls,https://example.org/ontology/instance/Element_994108,우레탄심재 준불연단열재(T=70),994108
2-10-A,Walls,https://example.org/ontology/instance/Element_994109,우레탄심재 준불연단열재(T=70),994109
2-10-A,Walls,https://example.org/ontology/instance/Element_1149879,우레탄심재 준불연단열재(T=70),1149879
2-10-A,Walls,https://example.org/ontology/instance/Element_1149880,우레탄심재 준불연단열재(T=70),1149880
2-10-A,Walls,https://example.org/ontology/instance/Element_836566,일반석고보드(바탕용),836566
2-10-A,Walls,https://example.org/ontology/instance/Element_836570,일반석고보드(바탕용),836570
2-10-A,Walls,https://example.org/ontology/instance/Element_836438,칼라강판(T=15),836438
2-10-A,Walls,https://example.org/ontology/instance/Element_1872125,칼라강판(T=15),1872125
2-10-A,Walls,https://example.org/ontology/instance/Element_1432109,함석판(T=0.3),1432109
2-10-A,Windows,https://example.org/ontology/instance/Element_836576,AW5,836576
2-10-A,Windows,https://example.org/ontology/instance/Element_836426,PW1,836426
2-10-A,Windows,https://example.org/ontology/instance/Element_836427,PW2,836427
2-11-A,Doors,https://example.org/ontology/instance/Element_834487,PD1,834487
2-11-A,Doors,https://example.org/ontology/instance/Element_834485,SD1,834485
2-11-A,Doors,https://example.org/ontology/instance/Element_834488,SD2,834488
2-11-A,Doors,https://example.org/ontology/instance/Element_834489,SD3,834489
2-11-A,Doors,https://example.org/ontology/instance/Element_834486,SD5,834486
2-11-A,Floors,https://example.org/ontology/instance/Element_834412,강마루(T=7.5),834412
2-11-A,Floors,https://example.org/ontology/instance/Element_834382,경량기포콘크리트(T=40),834382
2-11-A,Floors,https://example.org/ontology/instance/Element_1629052,경질우레탄보드(T=70),1629052
2-11-A,Floors,https://example.org/ontology/instance/Element_834478,구배몰탈(T=70),834478
2-11-A,Floors,https://example.org/ontology/instance/Element_923849,도막방수(T=3),923849
2-11-A,Floors,https://example.org/ontology/instance/Element_834367,비드법보온판(2종1호)(T=50),834367
2-11-A,Floors,https://example.org/ontology/instance/Element_834397,시멘트몰탈(T=42.5),834397
2-11-A,Floors,https://example.org/ontology/instance/Element_923833,시멘트몰탈(T=67),923833
2-11-A,Floors,https://example.org/ontology/instance/Element_834427,시멘트몰탈(T=70),834427
2-11-A,Floors,https://example.org/ontology/instance/Element_923817,자기질타일(T=10),923817
2-11-A,Floors,https://example.org/ontology/instance/Element_1050237,칼라강판,1050237
2-11-A,Floors,https://example.org/ontology/instance/Element_834339,콘크리트(T=180),834339
2-11-A,Floors,https://example.org/ontology/instance/Element_834354,콘크리트(T=180),834354
2-11-A,Floors,https://example.org/ontology/instance/Element_834436,포세린타일(T=10),834436
2-11-A,Walls,https://example.org/ontology/instance/Element_834321,D1-METAL C-STUD,834321
2-11-A,Walls,https://example.org/ontology/instance/Element_834322,D1-METAL C-STUD,834322
2-11-A,Walls,https://example.org/ontology/instance/Element_834323,D1-METAL C-STUD,834323
2-11-A,Walls,https://example.org/ontology/instance/Element_834327,D1-METAL C-STUD,834327
2-11-A,Walls,https://example.org/ontology/instance/Element_834328,D1-METAL C-STUD,834328
2-11-A,Walls,https://example.org/ontology/instance/Element_834331,D1-METAL C-STUD,834331
2-11-A,Walls,https://example.org/ontology/instance/Element_834335,D1-METAL C-STUD,834335
2-11-A,Walls,https://example.org/ontology/instance/Element_834336,D1-METAL C-STUD,834336
2-11-A,Walls,https://example.org/ontology/instance/Element_834783,D1-METAL C-STUD,834783
2-11-A,Walls,https://example.org/ontology/instance/Element_834810,D1-METAL C-STUD,834810
2-11-A,Walls,https://example.org/ontology/instance/Element_834812,D1-METAL C-STUD,834812
2-11-A,Walls,https://example.org/ontology/instance/Element_834813,D1-METAL C-STUD,834813
2-11-A,Walls,https://example.org/ontology/instance/Element_834818,D1-METAL C-STUD,834818
2-11-A,Walls,https://example.org/ontology/instance/Element_2098450,D1-일반석고보드,2098450
2-11-A,Walls,https://example.org/ontology/instance/Element_2098451,D1-일반석고보드,2098451
2-11-A,Walls,https://example.org/ontology/instance/Element_2098453,D1-일반석고보드,2098453
2-11-A,Walls,https://example.org/ontology/instance/Element_2098454,D1-일반석고보드,2098454
2-11-A,Walls,https://example.org/ontology/instance/Element_2098455,D1-일반석고보드,2098455
2-11-A,Walls,https://example.org/ontology/instance/Element_2098456,D1-일반석고보드,2098456
2-11-A,Walls,https://example.org/ontology/instance/Element_2098468,D1-일반석고보드,2098468
2-11-A,Walls,https://example.org/ontology/instance/Element_2098469,D1-일반석고보드,2098469
2-11-A,Walls,https://example.org/ontology/instance/Element_2098470,D1-일반석고보드,2098470
2-11-A,Walls,https://example.org/ontology/instance/Element_2098471,D1-일반석고보드,2098471
2-11-A,Walls,https://example.org/ontology/instance/Element_2098474,D1-일반석고보드,2098474
2-11-A,Walls,https://example.org/ontology/instance/Element_2098475,D1-일반석고보드,2098475
2-11-A,Walls,https://example.org/ontology/instance/Element_2098484,D1-일반석고보드,2098484
2-11-A,Walls,https://example.org/ontology/instance/Element_2098485,D1-일반석고보드,2098485
2-11-A,Walls,https://example.org/ontology/instance/Element_2098486,D1-일반석고보드,2098486
2-11-A,Walls,https://example.org/ontology/instance/Element_2098487,D1-일반석고보드,2098487
2-11-A,Walls,https://example.org/ontology/instance/Element_2098491,D1-일반석고보드,2098491
2-11-A,Walls,https://example.org/ontology/instance/Element_2098492,D1-일반석고보드,2098492
2-11-A,Walls,https://example.org/ontology/instance/Element_2098493,D1-일반석고보드,2098493
2-11-A,Walls,https://example.org/ontology/instance/Element_2098494,D1-일반석고보드,2098494
2-11-A,Walls,https://example.org/ontology/instance/Element_2098495,D1-일반석고보드,2098495
2-11-A,Walls,https://example.org/ontology/instance/Element_2098496,D1-일반석고보드,2098496
2-11-A,Walls,https://example.org/ontology/instance/Element_2098497,D1-일반석고보드,2098497
2-11-A,Walls,https://example.org/ontology/instance/Element_2098498,D1-일반석고보드,2098498
2-11-A,Walls,https://example.org/ontology/instance/Element_2098500,D1-일반석고보드,2098500
2-11-A,Walls,https://example.org/ontology/instance/Element_2098501,D1-일반석고보드,2098501
2-11-A,Walls,https://example.org/ontology/instance/Element_2098504,D1-일반석고보드,2098504
2-11-A,Walls,https://example.org/ontology/instance/Element_2098505,D1-일반석고보드,2098505
2-11-A,Walls,https://example.org/ontology/instance/Element_2098506,D1-일반석고보드,2098506
2-11-A,Walls,https://example.org/ontology/instance/Element_2098507,D1-일반석고보드,2098507
2-11-A,Walls,https://example.org/ontology/instance/Element_834326,D3-METAL C-STUD,834326
2-11-A,Walls,https://example.org/ontology/instance/Element_2098464,D3-일반석고보드,2098464
2-11-A,Walls,https://example.org/ontology/instance/Element_2098465,D3-일반석고보드,2098465
2-11-A,Walls,https://example.org/ontology/instance/Element_2098466,D3-일반석고보드,2098466
2-11-A,Walls,https://example.org/ontology/instance/Element_2098467,D3-일반석고보드,2098467
2-11-A,Walls,https://example.org/ontology/instance/Element_834325,D4-그라스울보온재24k,834325
2-11-A,Walls,https://example.org/ontology/instance/Element_834332,D4-그라스울보온재24k,834332
2-11-A,Walls,https://example.org/ontology/instance/Element_834333,D4-그라스울보온재24k,834333
2-11-A,Walls,https://example.org/ontology/instance/Element_2098459,D4-일반석고보드,2098459
2-11-A,Walls,https://example.org/ontology/instance/Element_2098460,D4-일반석고보드,2098460
2-11-A,Walls,https://example.org/ontology/instance/Element_2098461,D4-일반석고보드,2098461
2-11-A,Walls,https://example.org/ontology/instance/Element_2098462,D4-일반석고보드,2098462
2-11-A,Walls,https://example.org/ontology/instance/Element_2098476,D4-일반석고보드,2098476
2-11-A,Walls,https://example.org/ontology/instance/Element_2098477,D4-일반석고보드,2098477
2-11-A,Walls,https://example.org/ontology/instance/Element_2098478,D4-일반석고보드,2098478
2-11-A,Walls,https://example.org/ontology/instance/Element_2098479,D4-일반석고보드,2098479
2-11-A,Walls,https://example.org/ontology/instance/Element_2098480,D4-일반석고보드,2098480
2-11-A,Walls,https://example.org/ontology/instance/Element_2098481,D4-일반석고보드,2098481
2-11-A,Walls,https://example.org/ontology/instance/Element_2098482,D4-일반석고보드,2098482
2-11-A,Walls,https://example.org/ontology/instance/Element_2098483,D4-일반석고보드,2098483
2-11-A,Walls,https://example.org/ontology/instance/Element_834329,D8-METAL C-STUD,834329
2-11-A,Walls,https://example.org/ontology/instance/Element_2098472,D8-일반석고보드,2098472
2-11-A,Walls,https://example.org/ontology/instance/Element_2098473,D8-합판,2098473
2-11-A,Walls,https://example.org/ontology/instance/Element_834320,DF1-METAL C-STUD,834320
2-11-A,Walls,https://example.org/ontology/instance/Element_2098448,DF1-방화석고보드,2098448
2-11-A,Walls,https://example.org/ontology/instance/Element_2098449,DF1-방화석고보드,2098449
2-11-A,Walls,https://example.org/ontology/instance/Element_834324,DF2-그라스울보온재24k,834324
2-11-A,Walls,https://example.org/ontology/instance/Element_2098457,DF2-방화석고보드,2098457
2-11-A,Walls,https://example.org/ontology/instance/Element_2098458,DF2-방화석고보드,2098458
2-11-A,Walls,https://example.org/ontology/instance/Element_834330,HiddenWall,834330
2-11-A,Walls,https://example.org/ontology/instance/Element_834452,SGP패널(T=13),834452
2-11-A,Walls,https://example.org/ontology/instance/Element_834453,SGP패널(T=13),834453
2-11-A,Walls,https://example.org/ontology/instance/Element_834454,SGP패널(T=13),834454
2-11-A,Walls,https://example.org/ontology/instance/Element_834455,SGP패널(T=13),834455
2-11-A,Walls,https://example.org/ontology/instance/Element_834456,SGP패널(T=13),834456
2-11-A,Walls,https://example.org/ontology/instance/Element_834457,SGP패널(T=13),834457
2-11-A,Walls,https://example.org/ontology/instance/Element_834334,경질우레탄보드(T=120)(일면은박)-경질우레탄보드,834334
2-11-A,Walls,https://example.org/ontology/instance/Element_834782,경질우레탄보드(T=120)(일면은박)-경질우레탄보드,834782
2-11-A,Walls,https://example.org/ontology/instance/Element_1474717,도막방수(T=3)-Hidden,1474717
2-11-A,Walls,https://example.org/ontology/instance/Element_1474718,도막방수(T=3)-Hidden,1474718
2-11-A,Walls,https://example.org/ontology/instance/Element_1474719,도막방수(T=3)-Hidden,1474719
2-11-A,Walls,https://example.org/ontology/instance/Element_1474720,도막방수(T=3)-Hidden,1474720
2-11-A,Walls,https://example.org/ontology/instance/Element_1474721,도막방수(T=3)-Hidden,1474721
2-11-A,Walls,https://example.org/ontology/instance/Element_1474722,도막방수(T=3)-Hidden,1474722
2-11-A,Walls,https://example.org/ontology/instance/Element_834773,석재단열패널(연한회색)(T=35),834773
2-11-A,Walls,https://example.org/ontology/instance/Element_834777,석재단열패널(연한회색)(T=35),834777
2-11-A,Walls,https://example.org/ontology/instance/Element_2725527,석재단열패널(연한회색)(T=35),2725527
2-11-A,Walls,https://example.org/ontology/instance/Element_834623,석재단열패널(회색)(T=35),834623
2-11-A,Walls,https://example.org/ontology/instance/Element_834814,석재단열패널(회색)(T=35),834814
2-11-A,Walls,https://example.org/ontology/instance/Element_1242617,석재단열패널(회색)(T=35),1242617
2-11-A,Walls,https://example.org/ontology/instance/Element_834656,우레탄심재 준불연단열재(T=100),834656
2-11-A,Walls,https://example.org/ontology/instance/Element_834657,우레탄심재 준불연단열재(T=100),834657
2-11-A,Walls,https://example.org/ontology/instance/Element_834658,우레탄심재 준불연단열재(T=100),834658
2-11-A,Walls,https://example.org/ontology/instance/Element_834659,우레탄심재 준불연단열재(T=100),834659
2-11-A,Walls,https://example.org/ontology/instance/Element_834660,우레탄심재 준불연단열재(T=70),834660
2-11-A,Walls,https://example.org/ontology/instance/Element_834661,우레탄심재 준불연단열재(T=70),834661
2-11-A,Walls,https://example.org/ontology/instance/Element_991637,우레탄심재 준불연단열재(T=70),991637
2-11-A,Walls,https://example.org/ontology/instance/Element_994093,우레탄심재 준불연단열재(T=70),994093
2-11-A,Walls,https://example.org/ontology/instance/Element_994094,우레탄심재 준불연단열재(T=70),994094
2-11-A,Walls,https://example.org/ontology/instance/Element_994095,우레탄심재 준불연단열재(T=70),994095
2-11-A,Walls,https://example.org/ontology/instance/Element_994096,우레탄심재 준불연단열재(T=70),994096
2-11-A,Walls,https://example.org/ontology/instance/Element_1149658,우레탄심재 준불연단열재(T=70),1149658
2-11-A,Walls,https://example.org/ontology/instance/Element_1149659,우레탄심재 준불연단열재(T=70),1149659
2-11-A,Walls,https://example.org/ontology/instance/Element_834809,일반석고보드(바탕용),834809
2-11-A,Walls,https://example.org/ontology/instance/Element_834626,칼라강판(T=15),834626
2-11-A,Walls,https://example.org/ontology/instance/Element_834774,칼라강판(T=15),834774
2-11-A,Walls,https://example.org/ontology/instance/Element_834624,칼라강판(T=20),834624
2-11-A,Walls,https://example.org/ontology/instance/Element_834625,칼라강판(T=20),834625
2-11-A,Walls,https://example.org/ontology/instance/Element_834775,칼라강판(T=20),834775
2-11-A,Walls,https://example.org/ontology/instance/Element_834776,칼라강판(T=20),834776
2-11-A,Walls,https://example.org/ontology/instance/Element_834778,칼라강판(T=20),834778
2-11-A,Walls,https://example.org/ontology/instance/Element_834779,칼라강판(T=20),834779
2-11-A,Walls,https://example.org/ontology/instance/Element_834780,칼라강판(T=20),834780
2-11-A,Walls,https://example.org/ontology/instance/Element_834781,칼라강판(T=20),834781
2-11-A,Walls,https://example.org/ontology/instance/Element_1432197,함석판(T=0.3),1432197
2-11-A,Windows,https://example.org/ontology/instance/Element_834819,AW5,834819
2-11-A,Windows,https://example.org/ontology/instance/Element_834614,PW1,834614
2-11-A,Windows,https://example.org/ontology/instance/Element_834615,PW2,834615
분리발주공사,Walls,https://example.org/ontology/instance/Element_1018219,철근콘크리트(T=150),1018219
분리발주공사,Walls,https://example.org/ontology/instance/Element_1018307,철근콘크리트(T=150),1018307
분리발주공사,Walls,https://example.org/ontology/instance/Element_1018352,철근콘크리트(T=150),1018352
분리발주공사,Walls,https://example.org/ontology/instance/Element_1018454,철근콘크리트(T=150),1018454
분리발주공사,Walls,https://example.org/ontology/instance/Element_1264246,철근콘크리트(T=150),1264246
분리발주공사,Walls,https://example.org/ontology/instance/Element_1264330,철근콘크리트(T=150),1264330
분리발주공사,Walls,https://example.org/ontology/instance/Element_1281163,철근콘크리트(T=150),1281163
분리발주공사,Walls,https://example.org/ontology/instance/Element_1281267,철근콘크리트(T=150),1281267
분리발주공사,Walls,https://example.org/ontology/instance/Element_1016947,철근콘크리트(T=500),1016947
분리발주공사,Walls,https://example.org/ontology/instance/Element_1019788,철근콘크리트(T=500),1019788
분리발주공사,Walls,https://example.org/ontology/instance/Element_1014861,철근콘크리트(T=600),1014861
분리발주공사,Walls,https://example.org/ontology/instance/Element_1015054,철근콘크리트(T=600),1015054
분리발주공사,Walls,https://example.org/ontology/instance/Element_1015117,철근콘크리트(T=600),1015117
분리발주공사,Walls,https://example.org/ontology/instance/Element_1015317,철근콘크리트(T=600),1015317
분리발주공사,Walls,https://example.org/ontology/instance/Element_1017272,철근콘크리트(T=600),1017272
분리발주공사,Walls,https://example.org/ontology/instance/Element_1017334,철근콘크리트(T=600),1017334
현장공사분-금속공사,Floors,https://example.org/ontology/instance/Element_1045515,칼라강판(T=20),1045515
현장공사분-금속공사,Floors,https://example.org/ontology/instance/Element_1053347,칼라강판(T=20),1053347
현장공사분-금속공사,Floors,https://example.org/ontology/instance/Element_1053982,칼라강판(T=20),1053982
현장공사분-금속공사,Floors,https://example.org/ontology/instance/Element_1055933,칼라강판(T=20),1055933
현장공사분-금속공사,Floors,https://example.org/ontology/instance/Element_1057352,칼라강판(T=20),1057352
현장공사분-금속공사,Floors,https://example.org/ontology/instance/Element_1057360,칼라강판(T=20),1057360
현장공사분-금속공사,Floors,https://example.org/ontology/instance/Element_1072525,칼라강판(기계실 캐노피),1072525
현장공사분-금속공사,Floors,https://example.org/ontology/instance/Element_1668069,칼라강판(현관),1668069
현장공사분-금속공사,Walls,https://example.org/ontology/instance/Element_802478,칼라강판(T=15),802478
현장공사분-금속공사,Walls,https://example.org/ontology/instance/Element_929352,칼라강판(T=15),929352
현장공사분-금속공사,Walls,https://example.org/ontology/instance/Element_930874,칼라강판(T=15),930874
현장공사분-금속공사,Walls,https://example.org/ontology/instance/Element_930972,칼라강판(T=15),930972
현장공사분-금속공사,Walls,https://example.org/ontology/instance/Element_931034,칼라강판(T=15),931034
현장공사분-금속공사,Walls,https://example.org/ontology/instance/Element_931109,칼라강판(T=15),931109
현장공사분-금속공사,Walls,https://example.org/ontology/instance/Element_931238,칼라강판(T=15),931238
현장공사분-금속공사,Walls,https://example.org/ontology/instance/Element_931299,칼라강판(T=15),931299
현장공사분-금속공사,Walls,https://example.org/ontology/instance/Element_931384,칼라강판(T=15),931384
현장공사분-금속공사,Walls,https://example.org/ontology/instance/Element_931463,칼라강판(T=15),931463
현장공사분-금속공사,Walls,https://example.org/ontology/instance/Element_931537,칼라강판(T=15),931537
현장공사분-금속공사,Walls,https://example.org/ontology/instance/Element_931816,칼라강판(T=15),931816
현장공사분-금속공사,Walls,https://example.org/ontology/instance/Element_931906,칼라강판(T=15),931906
현장공사분-금속공사,Walls,https://example.org/ontology/instance/Element_931964,칼라강판(T=15),931964
현장공사분-금속공사,Walls,https://example.org/ontology/instance/Element_932048,칼라강판(T=15),932048
현장공사분-금속공사,Walls,https://example.org/ontology/instance/Element_932118,칼라강판(T=15),932118
현장공사분-금속공사,Walls,https://example.org/ontology/instance/Element_932210,칼라강판(T=15),932210
현장공사분-금속공사,Walls,https://example.org/ontology/instance/Element_932275,칼라강판(T=15),932275
현장공사분-금속공사,Walls,https://example.org/ontology/instance/Element_932360,칼라강판(T=15),932360
현장공사분-금속공사,Walls,https://example.org/ontology/instance/Element_932438,칼라강판(T=15),932438
현장공사분-금속공사,Walls,https://example.org/ontology/instance/Element_936851,칼라강판(T=15),936851
현장공사분-금속공사,Walls,https://example.org/ontology/instance/Element_936879,칼라강판(T=15),936879
현장공사분-금속공사,Walls,https://example.org/ontology/instance/Element_1247849,칼라강판(T=15),1247849
현장공사분-금속공사,Walls,https://example.org/ontology/instance/Element_1248215,칼라강판(T=15),1248215
현장공사분-금속공사,Walls,https://example.org/ontology/instance/Element_1347875,칼라강판(T=15),1347875
현장공사분-금속공사,Walls,https://example.org/ontology/instance/Element_802569,칼라강판(T=20),802569
현장공사분-금속공사,Walls,https://example.org/ontology/instance/Element_802608,칼라강판(T=20),802608
현장공사분-금속공사,Walls,https://example.org/ontology/instance/Element_802632,칼라강판(T=20),802632
현장공사분-금속공사,Walls,https://example.org/ontology/instance/Element_802653,칼라강판(T=20),802653
현장공사분-금속공사,Walls,https://example.org/ontology/instance/Element_802748,칼라강판(T=20),802748
현장공사분-금속공사,Walls,https://example.org/ontology/instance/Element_802768,칼라강판(T=20),802768
현장공사분-금속공사,Walls,https://example.org/ontology/instance/Element_802790,칼라강판(T=20),802790
현장공사분-금속공사,Walls,https://example.org/ontology/instance/Element_802808,칼라강판(T=20),802808
현장공사분-금속공사,Walls,https://example.org/ontology/instance/Element_928768,칼라강판(T=20),928768
현장공사분-금속공사,Walls,https://example.org/ontology/instance/Element_928769,칼라강판(T=20),928769
현장공사분-금속공사,Walls,https://example.org/ontology/instance/Element_929035,칼라강판(T=20),929035
현장공사분-금속공사,Walls,https://example.org/ontology/instance/Element_929036,칼라강판(T=20),929036
현장공사분-금속공사,Walls,https://example.org/ontology/instance/Element_929198,칼라강판(T=20),929198
현장공사분-금속공사,Walls,https://example.org/ontology/instance/Element_929199,칼라강판(T=20),929199
현장공사분-금속공사,Walls,https://example.org/ontology/instance/Element_929200,칼라강판(T=20),929200
현장공사분-금속공사,Walls,https://example.org/ontology/instance/Element_929201,칼라강판(T=20),929201
현장공사분-금속공사,Walls,https://example.org/ontology/instance/Element_929349,칼라강판(T=20),929349
현장공사분-금속공사,Walls,https://example.org/ontology/instance/Element_929350,칼라강판(T=20),929350
현장공사분-금속공사,Walls,https://example.org/ontology/instance/Element_929353,칼라강판(T=20),929353
현장공사분-금속공사,Walls,https://example.org/ontology/instance/Element_929354,칼라강판(T=20),929354
현장공사분-금속공사,Walls,https://example.org/ontology/instance/Element_930547,칼라강판(T=20),930547
현장공사분-금속공사,Walls,https://example.org/ontology/instance/Element_930679,칼라강판(T=20),930679
현장공사분-금속공사,Walls,https://example.org/ontology/instance/Element_930740,칼라강판(T=20),930740
현장공사분-금속공사,Walls,https://example.org/ontology/instance/Element_930786,칼라강판(T=20),930786
현장공사분-금속공사,Walls,https://example.org/ontology/instance/Element_966880,칼라강판(T=20),966880
현장공사분-금속공사,Walls,https://example.org/ontology/instance/Element_1002708,칼라강판(T=20),1002708
현장공사분-금속공사,Walls,https://example.org/ontology/instance/Element_1004702,칼라강판(T=20),1004702
현장공사분-금속공사,Walls,https://example.org/ontology/instance/Element_1007414,칼라강판(T=20),1007414
현장공사분-금속공사,Walls,https://example.org/ontology/instance/Element_1008578,칼라강판(T=20),1008578
현장공사분-금속공사,Walls,https://example.org/ontology/instance/Element_1042209,칼라강판(T=20),1042209
현장공사분-금속공사,Walls,https://example.org/ontology/instance/Element_1056516,칼라강판(T=20),1056516
현장공사분-금속공사,Walls,https://example.org/ontology/instance/Element_1057298,칼라강판(T=20),1057298
현장공사분-금속공사,Walls,https://example.org/ontology/instance/Element_1057413,칼라강판(T=20),1057413
현장공사분-금속공사,Walls,https://example.org/ontology/instance/Element_1057416,칼라강판(T=20),1057416
현장공사분-금속공사,Walls,https://example.org/ontology/instance/Element_1057661,칼라강판(T=20),1057661
현장공사분-금속공사,Walls,https://example.org/ontology/instance/Element_1057942,칼라강판(T=20),1057942
현장공사분-금속공사,Walls,https://example.org/ontology/instance/Element_1259211,칼라강판(T=20),1259211
현장공사분-금속공사,Walls,https://example.org/ontology/instance/Element_1358968,칼라강판(T=20),1358968
현장공사분-금속공사,Walls,https://example.org/ontology/instance/Element_1072674,칼라강판(기계실 캐노피),1072674
현장공사분-금속공사,Walls,https://example.org/ontology/instance/Element_1072830,칼라강판(기계실 캐노피),1072830
현장공사분-금속공사,Walls,https://example.org/ontology/instance/Element_1072925,칼라강판(기계실 캐노피),1072925
현장공사분-금속공사,Walls,https://example.org/ontology/instance/Element_1075000,칼라강판(현관 캐노피),1075000
현장공사분-금속공사,Walls,https://example.org/ontology/instance/Element_1075017,칼라강판(현관 캐노피),1075017
현장공사분-금속공사,Walls,https://example.org/ontology/instance/Element_1075097,칼라강판(현관 캐노피),1075097
현장공사분-금속공사,Walls,https://example.org/ontology/instance/Element_1282780,칼라강판(현관 캐노피),1282780
현장공사분-금속공사,Walls,https://example.org/ontology/instance/Element_1282825,칼라강판(현관 캐노피),1282825
현장공사분-금속공사,Walls,https://example.org/ontology/instance/Element_1665215,칼라강판(현관 캐노피),1665215
현장공사분-방수공사,Walls,https://example.org/ontology/instance/Element_1084990,시멘트액체방수(T=15),1084990
현장공사분-방수공사,Walls,https://example.org/ontology/instance/Element_1085021,시멘트액체방수(T=15),1085021
현장공사분-방수공사,Walls,https://example.org/ontology/instance/Element_1085099,시멘트액체방수(T=15),1085099
현장공사분-방수공사,Walls,https://example.org/ontology/instance/Element_1085342,시멘트액체방수(T=15),1085342
현장공사분-방수공사,Walls,https://example.org/ontology/instance/Element_1085509,시멘트액체방수(T=15),1085509
현장공사분-방수공사,Walls,https://example.org/ontology/instance/Element_1085609,시멘트액체방수(T=15),1085609
현장공사분-방수공사,Walls,https://example.org/ontology/instance/Element_1085980,시멘트액체방수(T=15),1085980
현장공사분-방수공사,Walls,https://example.org/ontology/instance/Element_1086115,시멘트액체방수(T=15),1086115
현장공사분-방수공사,Walls,https://example.org/ontology/instance/Element_1086222,시멘트액체방수(T=15),1086222
현장공사분-방수공사,Walls,https://example.org/ontology/instance/Element_1086254,시멘트액체방수(T=15),1086254
현장공사분-방수공사,Walls,https://example.org/ontology/instance/Element_1086277,시멘트액체방수(T=15),1086277
현장공사분-방수공사,Walls,https://example.org/ontology/instance/Element_1086307,시멘트액체방수(T=15),1086307
현장공사분-방수공사,Walls,https://example.org/ontology/instance/Element_1086383,시멘트액체방수(T=15),1086383
현장공사분-방수공사,Walls,https://example.org/ontology/instance/Element_1086680,시멘트액체방수(T=15),1086680
현장공사분-방수공사,Walls,https://example.org/ontology/instance/Element_1086764,시멘트액체방수(T=15),1086764
현장공사분-방수공사,Walls,https://example.org/ontology/instance/Element_1086942,시멘트액체방수(T=15),1086942
현장공사분-수장공사,Floors,https://example.org/ontology/instance/Element_1021482,경질우레탄보드(T=30),1021482
현장공사분-수장공사,Floors,https://example.org/ontology/instance/Element_1289086,그라스울패널(T=50),1289086
현장공사분-수장공사,Floors,https://example.org/ontology/instance/Element_1099874,단열흡음뿜칠(T=10),1099874
현장공사분-수장공사,Floors,https://example.org/ontology/instance/Element_1099964,단열흡음뿜칠(T=10),1099964
현장공사분-수장공사,Floors,https://example.org/ontology/instance/Element_1403252,일반석고보드(T=12.5),1403252
현장공사분-수장공사,Floors,https://example.org/ontology/instance/Element_1119549,일반석고보드(T=25),1119549
현장공사분-수장공사,Floors,https://example.org/ontology/instance/Element_1195941,일반석고보드(T=25),1195941
현장공사분-수장공사,Floors,https://example.org/ontology/instance/Element_1230228,일반석고보드(T=25),1230228
현장공사분-수장공사,Floors,https://example.org/ontology/instance/Element_1231591,일반석고보드(T=25),1231591
현장공사분-수장공사,Floors,https://example.org/ontology/instance/Element_1761375,일반석고보드(T=25),1761375
현장공사분-수장공사,Floors,https://example.org/ontology/instance/Element_1761388,일반석고보드(T=25),1761388
현장공사분-수장공사,Walls,https://example.org/ontology/instance/Element_789601,D1-METAL C-STUD,789601
현장공사분-수장공사,Walls,https://example.org/ontology/instance/Element_791000,D1-METAL C-STUD,791000
현장공사분-수장공사,Walls,https://example.org/ontology/instance/Element_791261,D1-METAL C-STUD,791261
현장공사분-수장공사,Walls,https://example.org/ontology/instance/Element_791344,D1-METAL C-STUD,791344
현장공사분-수장공사,Walls,https://example.org/ontology/instance/Element_800894,D1-METAL C-STUD,800894
현장공사분-수장공사,Walls,https://example.org/ontology/instance/Element_800915,D1-METAL C-STUD,800915
현장공사분-수장공사,Walls,https://example.org/ontology/instance/Element_801253,D1-METAL C-STUD,801253
현장공사분-수장공사,Walls,https://example.org/ontology/instance/Element_801269,D1-METAL C-STUD,801269
현장공사분-수장공사,Walls,https://example.org/ontology/instance/Element_801333,D1-METAL C-STUD,801333
현장공사분-수장공사,Walls,https://example.org/ontology/instance/Element_900048,D1-METAL C-STUD,900048
현장공사분-수장공사,Walls,https://example.org/ontology/instance/Element_981784,D1-METAL C-STUD,981784
현장공사분-수장공사,Walls,https://example.org/ontology/instance/Element_981936,D1-METAL C-STUD,981936
현장공사분-수장공사,Walls,https://example.org/ontology/instance/Element_1196442,D1-METAL C-STUD,1196442
현장공사분-수장공사,Walls,https://example.org/ontology/instance/Element_2091776,D1-일반석고보드,2091776
현장공사분-수장공사,Walls,https://example.org/ontology/instance/Element_2091777,D1-일반석고보드,2091777
현장공사분-수장공사,Walls,https://example.org/ontology/instance/Element_2093960,D1-일반석고보드,2093960
현장공사분-수장공사,Walls,https://example.org/ontology/instance/Element_2093961,D1-일반석고보드,2093961
현장공사분-수장공사,Walls,https://example.org/ontology/instance/Element_2097658,D1-일반석고보드,2097658
현장공사분-수장공사,Walls,https://example.org/ontology/instance/Element_2097659,D1-일반석고보드,2097659
현장공사분-수장공사,Walls,https://example.org/ontology/instance/Element_2097661,D1-일반석고보드,2097661
현장공사분-수장공사,Walls,https://example.org/ontology/instance/Element_2097662,D1-일반석고보드,2097662
현장공사분-수장공사,Walls,https://example.org/ontology/instance/Element_2097663,D1-일반석고보드,2097663
현장공사분-수장공사,Walls,https://example.org/ontology/instance/Element_2097664,D1-일반석고보드,2097664
현장공사분-수장공사,Walls,https://example.org/ontology/instance/Element_2097665,D1-일반석고보드,2097665
현장공사분-수장공사,Walls,https://example.org/ontology/instance/Element_2097666,D1-일반석고보드,2097666
현장공사분-수장공사,Walls,https://example.org/ontology/instance/Element_2097667,D1-일반석고보드,2097667
현장공사분-수장공사,Walls,https://example.org/ontology/instance/Element_2097668,D1-일반석고보드,2097668
현장공사분-수장공사,Walls,https://example.org/ontology/instance/Element_2097669,D1-일반석고보드,2097669
현장공사분-수장공사,Walls,https://example.org/ontology/instance/Element_2097670,D1-일반석고보드,2097670
현장공사분-수장공사,Walls,https://example.org/ontology/instance/Element_2097671,D1-일반석고보드,2097671
현장공사분-수장공사,Walls,https://example.org/ontology/instance/Element_2097672,D1-일반석고보드,2097672
현장공사분-수장공사,Walls,https://example.org/ontology/instance/Element_2097699,D1-일반석고보드,2097699
현장공사분-수장공사,Walls,https://example.org/ontology/instance/Element_2097700,D1-일반석고보드,2097700
현장공사분-수장공사,Walls,https://example.org/ontology/instance/Element_2097701,D1-일반석고보드,2097701
현장공사분-수장공사,Walls,https://example.org/ontology/instance/Element_2097702,D1-일반석고보드,2097702
현장공사분-수장공사,Walls,https://example.org/ontology/instance/Element_2097703,D1-일반석고보드,2097703
현장공사분-수장공사,Walls,https://example.org/ontology/instance/Element_2097704,D1-일반석고보드,2097704
현장공사분-수장공사,Walls,https://example.org/ontology/instance/Element_2097705,D1-일반석고보드,2097705
현장공사분-수장공사,Walls,https://example.org/ontology/instance/Element_2097706,D1-일반석고보드,2097706
현장공사분-수장공사,Walls,https://example.org/ontology/instance/Element_2097707,D1-일반석고보드,2097707
현장공사분-수장공사,Walls,https://example.org/ontology/instance/Element_2097708,D1-일반석고보드,2097708
현장공사분-수장공사,Walls,https://example.org/ontology/instance/Element_2097709,D1-일반석고보드,2097709
현장공사분-수장공사,Walls,https://example.org/ontology/instance/Element_2097710,D1-일반석고보드,2097710
현장공사분-수장공사,Walls,https://example.org/ontology/instance/Element_2097717,D1-일반석고보드,2097717
현장공사분-수장공사,Walls,https://example.org/ontology/instance/Element_2097718,D1-일반석고보드,2097718
현장공사분-수장공사,Walls,https://example.org/ontology/instance/Element_2097733,D1-일반석고보드,2097733
현장공사분-수장공사,Walls,https://example.org/ontology/instance/Element_2097734,D1-일반석고보드,2097734
현장공사분-수장공사,Walls,https://example.org/ontology/instance/Element_2097735,D1-일반석고보드,2097735
현장공사분-수장공사,Walls,https://example.org/ontology/instance/Element_2097736,D1-일반석고보드,2097736
현장공사분-수장공사,Walls,https://example.org/ontology/instance/Element_2097741,D1-일반석고보드,2097741
현장공사분-수장공사,Walls,https://example.org/ontology/instance/Element_2097742,D1-일반석고보드,2097742
현장공사분-수장공사,Walls,https://example.org/ontology/instance/Element_943361,D3-METAL C-STUD,943361
현장공사분-수장공사,Walls,https://example.org/ontology/instance/Element_943410,D3-METAL C-STUD,943410
현장공사분-수장공사,Walls,https://example.org/ontology/instance/Element_1278895,D3-METAL C-STUD,1278895
현장공사분-수장공사,Walls,https://example.org/ontology/instance/Element_2097723,D3-일반석고보드,2097723
현장공사분-수장공사,Walls,https://example.org/ontology/instance/Element_2097724,D3-일반석고보드,2097724
현장공사분-수장공사,Walls,https://example.org/ontology/instance/Element_2097725,D3-일반석고보드,2097725
현장공사분-수장공사,Walls,https://example.org/ontology/instance/Element_2097726,D3-일반석고보드,2097726
현장공사분-수장공사,Walls,https://example.org/ontology/instance/Element_2097728,D3-일반석고보드,2097728
현장공사분-수장공사,Walls,https://example.org/ontology/instance/Element_2097729,D3-일반석고보드,2097729
현장공사분-수장공사,Walls,https://example.org/ontology/instance/Element_2097730,D3-일반석고보드,2097730
현장공사분-수장공사,Walls,https://example.org/ontology/instance/Element_2097731,D3-일반석고보드,2097731
현장공사분-수장공사,Walls,https://example.org/ontology/instance/Element_2097757,D3-일반석고보드,2097757
현장공사분-수장공사,Walls,https://example.org/ontology/instance/Element_2097758,D3-일반석고보드,2097758
현장공사분-수장공사,Walls,https://example.org/ontology/instance/Element_2097759,D3-일반석고보드,2097759
현장공사분-수장공사,Walls,https://example.org/ontology/instance/Element_2097760,D3-일반석고보드,2097760
현장공사분-수장공사,Walls,https://example.org/ontology/instance/Element_2100119,D3-일반석고보드,2100119
현장공사분-수장공사,Walls,https://example.org/ontology/instance/Element_2100272,D3-일반석고보드,2100272
현장공사분-수장공사,Walls,https://example.org/ontology/instance/Element_1228257,D4-그라스울보온재24k,1228257
현장공사분-수장공사,Walls,https://example.org/ontology/instance/Element_1262996,D4-그라스울보온재24k,1262996
현장공사분-수장공사,Walls,https://example.org/ontology/instance/Element_2097744,D4-일반석고보드,2097744
현장공사분-수장공사,Walls,https://example.org/ontology/instance/Element_2097745,D4-일반석고보드,2097745
현장공사분-수장공사,Walls,https://example.org/ontology/instance/Element_2097746,D4-일반석고보드,2097746
현장공사분-수장공사,Walls,https://example.org/ontology/instance/Element_2097747,D4-일반석고보드,2097747
현장공사분-수장공사,Walls,https://example.org/ontology/instance/Element_2097752,D4-일반석고보드,2097752
현장공사분-수장공사,Walls,https://example.org/ontology/instance/Element_2097753,D4-일반석고보드,2097753
현장공사분-수장공사,Walls,https://example.org/ontology/instance/Element_2097754,D4-일반석고보드,2097754
현장공사분-수장공사,Walls,https://example.org/ontology/instance/Element_2097755,D4-일반석고보드,2097755
현장공사분-수장공사,Walls,https://example.org/ontology/instance/Element_789404,D6-그라스울보온재24k,789404
현장공사분-수장공사,Walls,https://example.org/ontology/instance/Element_913030,D6-그라스울보온재24k,913030
현장공사분-수장공사,Walls,https://example.org/ontology/instance/Element_1256155,D6-그라스울보온재24k,1256155
현장공사분-수장공사,Walls,https://example.org/ontology/instance/Element_1256197,D6-그라스울보온재24k,1256197
현장공사분-수장공사,Walls,https://example.org/ontology/instance/Element_2097633,D6-일반석고보드,2097633
현장공사분-수장공사,Walls,https://example.org/ontology/instance/Element_2097634,D6-일반석고보드,2097634
현장공사분-수장공사,Walls,https://example.org/ontology/instance/Element_2097721,D6-일반석고보드,2097721
현장공사분-수장공사,Walls,https://example.org/ontology/instance/Element_2097722,D6-일반석고보드,2097722
현장공사분-수장공사,Walls,https://example.org/ontology/instance/Element_2097748,D6-일반석고보드,2097748
현장공사분-수장공사,Walls,https://example.org/ontology/instance/Element_2097749,D6-일반석고보드,2097749
현장공사분-수장공사,Walls,https://example.org/ontology/instance/Element_2097750,D6-일반석고보드,2097750
현장공사분-수장공사,Walls,https://example.org/ontology/instance/Element_2097751,D6-일반석고보드,2097751
현장공사분-수장공사,Walls,https://example.org/ontology/instance/Element_804857,DF1-METAL C-STUD,804857
현장공사분-수장공사,Walls,https://example.org/ontology/instance/Element_804894,DF1-METAL C-STUD,804894
현장공사분-수장공사,Walls,https://example.org/ontology/instance/Element_804915,DF1-METAL C-STUD,804915
현장공사분-수장공사,Walls,https://example.org/ontology/instance/Element_2097711,DF1-방화석고보드,2097711
현장공사분-수장공사,Walls,https://example.org/ontology/instance/Element_2097712,DF1-방화석고보드,2097712
현장공사분-수장공사,Walls,https://example.org/ontology/instance/Element_2097713,DF1-방화석고보드,2097713
현장공사분-수장공사,Walls,https://example.org/ontology/instance/Element_2097714,DF1-방화석고보드,2097714
현장공사분-수장공사,Walls,https://example.org/ontology/instance/Element_2097715,DF1-방화석고보드,2097715
현장공사분-수장공사,Walls,https://example.org/ontology/instance/Element_2097716,DF1-방화석고보드,2097716
현장공사분-수장공사,Walls,https://example.org/ontology/instance/Element_1099334,DF2-그라스울보온재24k,1099334
현장공사분-수장공사,Walls,https://example.org/ontology/instance/Element_1099731,DF2-그라스울보온재24k,1099731
현장공사분-수장공사,Walls,https://example.org/ontology/instance/Element_2097737,DF2-방화석고보드,2097737
현장공사분-수장공사,Walls,https://example.org/ontology/instance/Element_2097738,DF2-방화석고보드,2097738
현장공사분-수장공사,Walls,https://example.org/ontology/instance/Element_2097739,DF2-방화석고보드,2097739
현장공사분-수장공사,Walls,https://example.org/ontology/instance/Element_2097740,DF2-방화석고보드,2097740
현장공사분-수장공사,Walls,https://example.org/ontology/instance/Element_800641,DF3-그라스울보온재24k,800641
현장공사분-수장공사,Walls,https://example.org/ontology/instance/Element_900142,DF3-그라스울보온재24k,900142
현장공사분-수장공사,Walls,https://example.org/ontology/instance/Element_2097675,DF3-방화석고보드,2097675
현장공사분-수장공사,Walls,https://example.org/ontology/instance/Element_2097676,DF3-방화석고보드,2097676
현장공사분-수장공사,Walls,https://example.org/ontology/instance/Element_2097719,DF3-방화석고보드,2097719
현장공사분-수장공사,Walls,https://example.org/ontology/instance/Element_2097720,DF3-방화석고보드,2097720
현장공사분-수장공사,Walls,https://example.org/ontology/instance/Element_965435,경질우레탄보드(T=120)(일면은박)-경질우레탄보드,965435
현장공사분-수장공사,Walls,https://example.org/ontology/instance/Element_979873,경질우레탄보드(T=120)(일면은박)-경질우레탄보드,979873
현장공사분-수장공사,Walls,https://example.org/ontology/instance/Element_999995,경질우레탄보드(T=120)(일면은박)-경질우레탄보드,999995
현장공사분-수장공사,Walls,https://example.org/ontology/instance/Element_1000587,경질우레탄보드(T=120)(일면은박)-경질우레탄보드,1000587
현장공사분-수장공사,Walls,https://example.org/ontology/instance/Element_1020816,경질우레탄보드(T=50),1020816
현장공사분-수장공사,Walls,https://example.org/ontology/instance/Element_1021191,경질우레탄보드(T=50),1021191
현장공사분-수장공사,Walls,https://example.org/ontology/instance/Element_1021214,경질우레탄보드(T=50),1021214
현장공사분-수장공사,Walls,https://example.org/ontology/instance/Element_1021250,경질우레탄보드(T=50),1021250
현장공사분-수장공사,Walls,https://example.org/ontology/instance/Element_1251989,경질우레탄보드(T=50),1251989
현장공사분-수장공사,Walls,https://example.org/ontology/instance/Element_1281729,경질우레탄보드(T=50),1281729
현장공사분-수장공사,Walls,https://example.org/ontology/instance/Element_1281770,경질우레탄보드(T=50),1281770
현장공사분-수장공사,Walls,https://example.org/ontology/instance/Element_1883266,경질우레탄보드(T=50),1883266
현장공사분-수장공사,Walls,https://example.org/ontology/instance/Element_1883510,경질우레탄보드(T=50),1883510
현장공사분-수장공사,Walls,https://example.org/ontology/instance/Element_1283616,그라스울패널(T=50),1283616
현장공사분-수장공사,Walls,https://example.org/ontology/instance/Element_1287914,그라스울패널(T=50),1287914
현장공사분-수장공사,Walls,https://example.org/ontology/instance/Element_1288006,그라스울패널(T=50),1288006
현장공사분-수장공사,Walls,https://example.org/ontology/instance/Element_1289037,그라스울패널(T=50),1289037
현장공사분-수장공사,Walls,https://example.org/ontology/instance/Element_1289965,그라스울패널(T=50),1289965
현장공사분-수장공사,Walls,https://example.org/ontology/instance/Element_1292883,그라스울패널(T=50),1292883
현장공사분-수장공사,Walls,https://example.org/ontology/instance/Element_1293115,그라스울패널(T=50),1293115
현장공사분-수장공사,Walls,https://example.org/ontology/instance/Element_1293548,그라스울패널(T=50),1293548
현장공사분-수장공사,Walls,https://example.org/ontology/instance/Element_1293575,그라스울패널(T=50),1293575
현장공사분-수장공사,Walls,https://example.org/ontology/instance/Element_1100827,단연흡음뿜칠(T=10),1100827
현장공사분-수장공사,Walls,https://example.org/ontology/instance/Element_1101285,단연흡음뿜칠(T=10),1101285
현장공사분-수장공사,Walls,https://example.org/ontology/instance/Element_1101321,단연흡음뿜칠(T=10),1101321
현장공사분-수장공사,Walls,https://example.org/ontology/instance/Element_1207467,우레탄심재 준불연단열재(T=100),1207467
현장공사분-수장공사,Walls,https://example.org/ontology/instance/Element_864642,우레탄심재 준불연단열재(T=70),864642
현장공사분-수장공사,Walls,https://example.org/ontology/instance/Element_865310,우레탄심재 준불연단열재(T=70),865310
현장공사분-수장공사,Walls,https://example.org/ontology/instance/Element_865364,우레탄심재 준불연단열재(T=70),865364
현장공사분-수장공사,Walls,https://example.org/ontology/instance/Element_866978,우레탄심재 준불연단열재(T=70),866978
현장공사분-수장공사,Walls,https://example.org/ontology/instance/Element_1382107,일반석고보드(마감용),1382107
현장공사분-수장공사,Walls,https://example.org/ontology/instance/Element_1382414,일반석고보드(마감용),1382414
현장공사분-수장공사,Walls,https://example.org/ontology/instance/Element_1382431,일반석고보드(마감용),1382431
현장공사분-수장공사,Walls,https://example.org/ontology/instance/Element_1382448,일반석고보드(마감용),1382448
현장공사분-수장공사,Walls,https://example.org/ontology/instance/Element_1407400,일반석고보드(마감용),1407400
현장공사분-수장공사,Walls,https://example.org/ontology/instance/Element_1407761,일반석고보드(마감용),1407761
현장공사분-수장공사,Walls,https://example.org/ontology/instance/Element_1408729,일반석고보드(마감용),1408729
현장공사분-수장공사,Walls,https://example.org/ontology/instance/Element_1408943,일반석고보드(마감용),1408943
현장공사분-수장공사,Walls,https://example.org/ontology/instance/Element_1409146,일반석고보드(마감용),1409146
현장공사분-수장공사,Walls,https://example.org/ontology/instance/Element_1409347,일반석고보드(마감용),1409347
현장공사분-수장공사,Walls,https://example.org/ontology/instance/Element_1409515,일반석고보드(마감용),1409515
현장공사분-수장공사,Walls,https://example.org/ontology/instance/Element_1409686,일반석고보드(마감용),1409686
현장공사분-수장공사,Walls,https://example.org/ontology/instance/Element_1409874,일반석고보드(마감용),1409874
현장공사분-수장공사,Walls,https://example.org/ontology/instance/Element_1420778,일반석고보드(마감용),1420778
현장공사분-수장공사,Walls,https://example.org/ontology/instance/Element_1423408,일반석고보드(마감용),1423408
현장공사분-수장공사,Walls,https://example.org/ontology/instance/Element_1423423,일반석고보드(마감용),1423423
현장공사분-수장공사,Walls,https://example.org/ontology/instance/Element_1423432,일반석고보드(마감용),1423432
현장공사분-수장공사,Walls,https://example.org/ontology/instance/Element_1423542,일반석고보드(마감용),1423542
현장공사분-수장공사,Walls,https://example.org/ontology/instance/Element_1423555,일반석고보드(마감용),1423555
현장공사분-수장공사,Walls,https://example.org/ontology/instance/Element_1423568,일반석고보드(마감용),1423568
현장공사분-수장공사,Walls,https://example.org/ontology/instance/Element_1423579,일반석고보드(마감용),1423579
현장공사분-수장공사,Walls,https://example.org/ontology/instance/Element_1423588,일반석고보드(마감용),1423588
현장공사분-수장공사,Walls,https://example.org/ontology/instance/Element_1423764,일반석고보드(마감용),1423764
현장공사분-수장공사,Walls,https://example.org/ontology/instance/Element_1159393,칼라강판(계단실 천장 상부),1159393
현장공사분-수장공사,Walls,https://example.org/ontology/instance/Element_1428338,함석판(T=0.3),1428338
현장공사분-수장공사,Walls,https://example.org/ontology/instance/Element_1428850,함석판(T=0.3),1428850
현장공사분-지붕및홈통공사,Floors,https://example.org/ontology/instance/Element_1002971,경질우레탄보드(T=50),1002971
현장공사분-지붕및홈통공사,Floors,https://example.org/ontology/instance/Element_1008572,경질우레탄보드(T=50),1008572
현장공사분-지붕및홈통공사,Walls,https://example.org/ontology/instance/Element_1001033,경질우레탄보드(T=50),1001033
현장공사분-지붕및홈통공사,Walls,https://example.org/ontology/instance/Element_1004014,경질우레탄보드(T=50),1004014
현장공사분-지붕및홈통공사,Walls,https://example.org/ontology/instance/Element_1008577,경질우레탄보드(T=50),1008577
현장공사분-창호및유리공사,Doors,https://example.org/ontology/instance/Element_943841,SD4,943841
현장공사분-창호및유리공사,Doors,https://example.org/ontology/instance/Element_979478,SD6,979478
현장공사분-창호및유리공사,Doors,https://example.org/ontology/instance/Element_1259289,SSD1,1259289
현장공사분-창호및유리공사,Doors,https://example.org/ontology/instance/Element_1360181,SSD2,1360181
현장공사분-창호및유리공사,Doors,https://example.org/ontology/instance/Element_1263308,SSD3,1263308
현장공사분-창호및유리공사,Doors,https://example.org/ontology/instance/Element_945936,SSD4,945936
현장공사분-창호및유리공사,Walls,https://example.org/ontology/instance/Element_944603,HiddenWall(T=150),944603
현장공사분-창호및유리공사,Windows,https://example.org/ontology/instance/Element_819990,AW5,819990
현장공사분-창호및유리공사,Windows,https://example.org/ontology/instance/Element_1174295,AW7,1174295
현장공사분-창호및유리공사,Windows,https://example.org/ontology/instance/Element_1182647,AW8,1182647
현장공사분-철골공사,Floors,https://example.org/ontology/instance/Element_1022277,무수축모르타르(T=35),1022277
현장공사분-철골공사,Floors,https://example.org/ontology/instance/Element_1022723,무수축모르타르(T=35),1022723
현장공사분-철골공사,Floors,https://example.org/ontology/instance/Element_1022737,무수축모르타르(T=35),1022737
현장공사분-철골공사,Floors,https://example.org/ontology/instance/Element_1022751,무수축모르타르(T=35),1022751
현장공사분-철골공사,Floors,https://example.org/ontology/instance/Element_1022765,무수축모르타르(T=35),1022765
현장공사분-철골공사,Floors,https://example.org/ontology/instance/Element_1022779,무수축모르타르(T=35),1022779
현장공사분-철골공사,Floors,https://example.org/ontology/instance/Element_1022793,무수축모르타르(T=35),1022793
현장공사분-철골공사,Floors,https://example.org/ontology/instance/Element_1022807,무수축모르타르(T=35),1022807
현장공사분-철골공사,Floors,https://example.org/ontology/instance/Element_1022821,무수축모르타르(T=35),1022821
현장공사분-철골공사,Floors,https://example.org/ontology/instance/Element_1022835,무수축모르타르(T=35),1022835
현장공사분-철골공사,Floors,https://example.org/ontology/instance/Element_1022869,무수축모르타르(T=35),1022869
현장공사분-철골공사,Floors,https://example.org/ontology/instance/Element_1022977,무수축모르타르(T=35),1022977
현장공사분-철골공사,Floors,https://example.org/ontology/instance/Element_1023054,무수축모르타르(T=35),1023054
현장공사분-철골공사,Floors,https://example.org/ontology/instance/Element_1023336,무수축모르타르(T=35),1023336
현장공사분-철골공사,Floors,https://example.org/ontology/instance/Element_1023350,무수축모르타르(T=35),1023350
현장공사분-철골공사,Floors,https://example.org/ontology/instance/Element_1023364,무수축모르타르(T=35),1023364
현장공사분-철골공사,Floors,https://example.org/ontology/instance/Element_1023378,무수축모르타르(T=35),1023378
현장공사분-철골공사,Floors,https://example.org/ontology/instance/Element_1023392,무수축모르타르(T=35),1023392
현장공사분-철골공사,Floors,https://example.org/ontology/instance/Element_1023406,무수축모르타르(T=35),1023406
현장공사분-철골공사,Floors,https://example.org/ontology/instance/Element_1023420,무수축모르타르(T=35),1023420
현장공사분-철골공사,Floors,https://example.org/ontology/instance/Element_1023434,무수축모르타르(T=35),1023434
현장공사분-철골공사,Floors,https://example.org/ontology/instance/Element_1023448,무수축모르타르(T=35),1023448
현장공사분-철골공사,Floors,https://example.org/ontology/instance/Element_1023462,무수축모르타르(T=35),1023462
현장공사분-철골공사,Floors,https://example.org/ontology/instance/Element_1023531,무수축모르타르(T=35),1023531
현장공사분-철골공사,Floors,https://example.org/ontology/instance/Element_1023592,무수축모르타르(T=35),1023592
현장공사분-철골공사,Floors,https://example.org/ontology/instance/Element_1023620,무수축모르타르(T=35),1023620
현장공사분-철골공사,Floors,https://example.org/ontology/instance/Element_1023776,무수축모르타르(T=35),1023776
현장공사분-철골공사,Floors,https://example.org/ontology/instance/Element_1023790,무수축모르타르(T=35),1023790
현장공사분-철골공사,Floors,https://example.org/ontology/instance/Element_1023804,무수축모르타르(T=35),1023804
현장공사분-철골공사,Floors,https://example.org/ontology/instance/Element_1023818,무수축모르타르(T=35),1023818
현장공사분-철골공사,Floors,https://example.org/ontology/instance/Element_1023832,무수축모르타르(T=35),1023832
현장공사분-철골공사,Floors,https://example.org/ontology/instance/Element_1023846,무수축모르타르(T=35),1023846
현장공사분-철골공사,Floors,https://example.org/ontology/instance/Element_1023860,무수축모르타르(T=35),1023860
현장공사분-철골공사,Floors,https://example.org/ontology/instance/Element_1023874,무수축모르타르(T=35),1023874
현장공사분-철골공사,Floors,https://example.org/ontology/instance/Element_1023888,무수축모르타르(T=35),1023888
현장공사분-철골공사,Floors,https://example.org/ontology/instance/Element_1023902,무수축모르타르(T=35),1023902
현장공사분-철근콘크리트공사,Floors,https://example.org/ontology/instance/Element_1020268,무근콘크리트(T=100)(에폭시 마감),1020268
현장공사분-철근콘크리트공사,Floors,https://example.org/ontology/instance/Element_1019946,무근콘크리트(T=100)(콘크리트 쇠흙손마감),1019946
현장공사분-타일및돌공사,Floors,https://example.org/ontology/instance/Element_940898,시멘트몰탈(T=35),940898
현장공사분-타일및돌공사,Floors,https://example.org/ontology/instance/Element_940937,시멘트몰탈(T=35),940937
현장공사분-타일및돌공사,Floors,https://example.org/ontology/instance/Element_948124,시멘트몰탈(T=35),948124
현장공사분-타일및돌공사,Floors,https://example.org/ontology/instance/Element_949793,시멘트몰탈(T=35),949793
현장공사분-타일및돌공사,Floors,https://example.org/ontology/instance/Element_961562,시멘트몰탈(T=35),961562
현장공사분-타일및돌공사,Floors,https://example.org/ontology/instance/Element_1642024,시멘트몰탈(T=35),1642024
현장공사분-타일및돌공사,Floors,https://example.org/ontology/instance/Element_1052395,칼라강판,1052395
현장공사분-타일및돌공사,Floors,https://example.org/ontology/instance/Element_1052431,칼라강판,1052431
현장공사분-타일및돌공사,Floors,https://example.org/ontology/instance/Element_1052469,칼라강판,1052469
현장공사분-타일및돌공사,Floors,https://example.org/ontology/instance/Element_1052506,칼라강판,1052506
현장공사분-타일및돌공사,Floors,https://example.org/ontology/instance/Element_1052543,칼라강판,1052543
현장공사분-타일및돌공사,Floors,https://example.org/ontology/instance/Element_1052580,칼라강판,1052580
현장공사분-타일및돌공사,Floors,https://example.org/ontology/instance/Element_1052617,칼라강판,1052617
현장공사분-타일및돌공사,Floors,https://example.org/ontology/instance/Element_940746,테라조타일(T=25),940746
현장공사분-타일및돌공사,Floors,https://example.org/ontology/instance/Element_942081,테라조타일(T=25),942081
현장공사분-타일및돌공사,Floors,https://example.org/ontology/instance/Element_947589,테라조타일(T=25),947589
현장공사분-타일및돌공사,Floors,https://example.org/ontology/instance/Element_949996,테라조타일(T=25),949996
현장공사분-타일및돌공사,Floors,https://example.org/ontology/instance/Element_962085,테라조타일(T=25),962085
현장공사분-타일및돌공사,Floors,https://example.org/ontology/instance/Element_1641588,테라조타일(T=25),1641588
현장공사분-타일및돌공사,Floors,https://example.org/ontology/instance/Element_1282046,화강석(버너구이)(T=25),1282046
현장공사분-타일및돌공사,Floors,https://example.org/ontology/instance/Element_1264486,화강석(버너구이)(T=30),1264486
현장공사분-타일및돌공사,Rooms,https://example.org/ontology/instance/Space_2670225,시스템욕실 319,2670225
현장공사분-타일및돌공사,Walls,https://example.org/ontology/instance/Element_935153,경질우레탄보드(T=120)(일면은박)-경질우레탄보드,935153
현장공사분-타일및돌공사,Walls,https://example.org/ontology/instance/Element_935347,경질우레탄보드(T=120)(일면은박)-경질우레탄보드,935347
현장공사분-타일및돌공사,Walls,https://example.org/ontology/instance/Element_938250,경질우레탄보드(T=120)(일면은박)-경질우레탄보드,938250
현장공사분-타일및돌공사,Walls,https://example.org/ontology/instance/Element_1650877,경질우레탄보드(T=120)(일면은박)-경질우레탄보드,1650877
현장공사분-타일및돌공사,Walls,https://example.org/ontology/instance/Element_711277,석재단열패널(연한회색)(T=35),711277
현장공사분-타일및돌공사,Walls,https://example.org/ontology/instance/Element_784266,석재단열패널(연한회색)(T=35),784266
현장공사분-타일및돌공사,Walls,https://example.org/ontology/instance/Element_786716,석재단열패널(연한회색)(T=35),786716
현장공사분-타일및돌공사,Walls,https://example.org/ontology/instance/Element_788382,석재단열패널(연한회색)(T=35),788382
현장공사분-타일및돌공사,Walls,https://example.org/ontology/instance/Element_788385,석재단열패널(연한회색)(T=35),788385
현장공사분-타일및돌공사,Walls,https://example.org/ontology/instance/Element_790672,석재단열패널(연한회색)(T=35),790672
현장공사분-타일및돌공사,Walls,https://example.org/ontology/instance/Element_790781,석재단열패널(연한회색)(T=35),790781
현장공사분-타일및돌공사,Walls,https://example.org/ontology/instance/Element_797328,석재단열패널(연한회색)(T=35),797328
현장공사분-타일및돌공사,Walls,https://example.org/ontology/instance/Element_797894,석재단열패널(연한회색)(T=35),797894
현장공사분-타일및돌공사,Walls,https://example.org/ontology/instance/Element_802729,석재단열패널(연한회색)(T=35),802729
현장공사분-타일및돌공사,Walls,https://example.org/ontology/instance/Element_929202,석재단열패널(연한회색)(T=35),929202
현장공사분-타일및돌공사,Walls,https://example.org/ontology/instance/Element_929351,석재단열패널(연한회색)(T=35),929351
현장공사분-타일및돌공사,Walls,https://example.org/ontology/instance/Element_936878,석재단열패널(연한회색)(T=35),936878
현장공사분-타일및돌공사,Walls,https://example.org/ontology/instance/Element_1002332,석재단열패널(연한회색)(T=35),1002332
현장공사분-타일및돌공사,Walls,https://example.org/ontology/instance/Element_1052392,석재단열패널(연한회색)(T=35),1052392
현장공사분-타일및돌공사,Walls,https://example.org/ontology/instance/Element_1052428,석재단열패널(연한회색)(T=35),1052428
현장공사분-타일및돌공사,Walls,https://example.org/ontology/instance/Element_1052466,석재단열패널(연한회색)(T=35),1052466
현장공사분-타일및돌공사,Walls,https://example.org/ontology/instance/Element_1052503,석재단열패널(연한회색)(T=35),1052503
현장공사분-타일및돌공사,Walls,https://example.org/ontology/instance/Element_1052540,석재단열패널(연한회색)(T=35),1052540
현장공사분-타일및돌공사,Walls,https://example.org/ontology/instance/Element_1052577,석재단열패널(연한회색)(T=35),1052577
현장공사분-타일및돌공사,Walls,https://example.org/ontology/instance/Element_1052614,석재단열패널(연한회색)(T=35),1052614
현장공사분-타일및돌공사,Walls,https://example.org/ontology/instance/Element_1057297,석재단열패널(연한회색)(T=35),1057297
현장공사분-타일및돌공사,Walls,https://example.org/ontology/instance/Element_1227048,석재단열패널(연한회색)(T=35),1227048
현장공사분-타일및돌공사,Walls,https://example.org/ontology/instance/Element_1227335,석재단열패널(연한회색)(T=35),1227335
현장공사분-타일및돌공사,Walls,https://example.org/ontology/instance/Element_1227344,석재단열패널(연한회색)(T=35),1227344
현장공사분-타일및돌공사,Walls,https://example.org/ontology/instance/Element_1227353,석재단열패널(연한회색)(T=35),1227353
현장공사분-타일및돌공사,Walls,https://example.org/ontology/instance/Element_1227364,석재단열패널(연한회색)(T=35),1227364
현장공사분-타일및돌공사,Walls,https://example.org/ontology/instance/Element_1227373,석재단열패널(연한회색)(T=35),1227373
현장공사분-타일및돌공사,Walls,https://example.org/ontology/instance/Element_1227382,석재단열패널(연한회색)(T=35),1227382
현장공사분-타일및돌공사,Walls,https://example.org/ontology/instance/Element_1227391,석재단열패널(연한회색)(T=35),1227391
현장공사분-타일및돌공사,Walls,https://example.org/ontology/instance/Element_1227400,석재단열패널(연한회색)(T=35),1227400
현장공사분-타일및돌공사,Walls,https://example.org/ontology/instance/Element_1227823,석재단열패널(연한회색)(T=35),1227823
현장공사분-타일및돌공사,Walls,https://example.org/ontology/instance/Element_1227991,석재단열패널(연한회색)(T=35),1227991
현장공사분-타일및돌공사,Walls,https://example.org/ontology/instance/Element_1227998,석재단열패널(연한회색)(T=35),1227998
현장공사분-타일및돌공사,Walls,https://example.org/ontology/instance/Element_1228007,석재단열패널(연한회색)(T=35),1228007
현장공사분-타일및돌공사,Walls,https://example.org/ontology/instance/Element_1228016,석재단열패널(연한회색)(T=35),1228016
현장공사분-타일및돌공사,Walls,https://example.org/ontology/instance/Element_1228025,석재단열패널(연한회색)(T=35),1228025
현장공사분-타일및돌공사,Walls,https://example.org/ontology/instance/Element_1228034,석재단열패널(연한회색)(T=35),1228034
현장공사분-타일및돌공사,Walls,https://example.org/ontology/instance/Element_1228043,석재단열패널(연한회색)(T=35),1228043
현장공사분-타일및돌공사,Walls,https://example.org/ontology/instance/Element_1228052,석재단열패널(연한회색)(T=35),1228052
현장공사분-타일및돌공사,Walls,https://example.org/ontology/instance/Element_1228061,석재단열패널(연한회색)(T=35),1228061
현장공사분-타일및돌공사,Walls,https://example.org/ontology/instance/Element_1239137,석재단열패널(연한회색)(T=35),1239137
현장공사분-타일및돌공사,Walls,https://example.org/ontology/instance/Element_1247848,석재단열패널(연한회색)(T=35),1247848
현장공사분-타일및돌공사,Walls,https://example.org/ontology/instance/Element_1248214,석재단열패널(연한회색)(T=35),1248214
현장공사분-타일및돌공사,Walls,https://example.org/ontology/instance/Element_2297783,석재단열패널(연한회색)(T=35),2297783
현장공사분-타일및돌공사,Walls,https://example.org/ontology/instance/Element_2726396,석재단열패널(연한회색)(T=35),2726396
현장공사분-타일및돌공사,Walls,https://example.org/ontology/instance/Element_2726594,석재단열패널(연한회색)(T=35),2726594
현장공사분-타일및돌공사,Walls,https://example.org/ontology/instance/Element_2728045,석재단열패널(연한회색)(T=35),2728045
현장공사분-타일및돌공사,Walls,https://example.org/ontology/instance/Element_2728398,석재단열패널(연한회색)(T=35),2728398
현장공사분-타일및돌공사,Walls,https://example.org/ontology/instance/Element_2728524,석재단열패널(연한회색)(T=35),2728524
현장공사분-타일및돌공사,Walls,https://example.org/ontology/instance/Element_2728656,석재단열패널(연한회색)(T=35),2728656
현장공사분-타일및돌공사,Walls,https://example.org/ontology/instance/Element_2728771,석재단열패널(연한회색)(T=35),2728771
현장공사분-타일및돌공사,Walls,https://example.org/ontology/instance/Element_2728915,석재단열패널(연한회색)(T=35),2728915
현장공사분-타일및돌공사,Walls,https://example.org/ontology/instance/Element_2729070,석재단열패널(연한회색)(T=35),2729070
현장공사분-타일및돌공사,Walls,https://example.org/ontology/instance/Element_2729140,석재단열패널(연한회색)(T=35),2729140
현장공사분-타일및돌공사,Walls,https://example.org/ontology/instance/Element_802477,석재단열패널(회색)(T=35),802477
현장공사분-타일및돌공사,Walls,https://example.org/ontology/instance/Element_802851,석재단열패널(회색)(T=35),802851
현장공사분-타일및돌공사,Walls,https://example.org/ontology/instance/Element_928163,석재단열패널(회색)(T=35),928163
현장공사분-타일및돌공사,Walls,https://example.org/ontology/instance/Element_929037,석재단열패널(회색)(T=35),929037
현장공사분-타일및돌공사,Walls,https://example.org/ontology/instance/Element_929348,석재단열패널(회색)(T=35),929348
현장공사분-타일및돌공사,Walls,https://example.org/ontology/instance/Element_930853,석재단열패널(회색)(T=35),930853
현장공사분-타일및돌공사,Walls,https://example.org/ontology/instance/Element_931022,석재단열패널(회색)(T=35),931022
현장공사분-타일및돌공사,Walls,https://example.org/ontology/instance/Element_931206,석재단열패널(회색)(T=35),931206
현장공사분-타일및돌공사,Walls,https://example.org/ontology/instance/Element_931356,석재단열패널(회색)(T=35),931356
현장공사분-타일및돌공사,Walls,https://example.org/ontology/instance/Element_931520,석재단열패널(회색)(T=35),931520
현장공사분-타일및돌공사,Walls,https://example.org/ontology/instance/Element_931866,석재단열패널(회색)(T=35),931866
현장공사분-타일및돌공사,Walls,https://example.org/ontology/instance/Element_932018,석재단열패널(회색)(T=35),932018
현장공사분-타일및돌공사,Walls,https://example.org/ontology/instance/Element_932175,석재단열패널(회색)(T=35),932175
현장공사분-타일및돌공사,Walls,https://example.org/ontology/instance/Element_932329,석재단열패널(회색)(T=35),932329
현장공사분-타일및돌공사,Walls,https://example.org/ontology/instance/Element_936850,석재단열패널(회색)(T=35),936850
현장공사분-타일및돌공사,Walls,https://example.org/ontology/instance/Element_1238444,석재단열패널(회색)(T=35),1238444
현장공사분-타일및돌공사,Walls,https://example.org/ontology/instance/Element_1239210,석재단열패널(회색)(T=35),1239210
현장공사분-타일및돌공사,Walls,https://example.org/ontology/instance/Element_1242725,석재단열패널(회색)(T=35),1242725
현장공사분-타일및돌공사,Walls,https://example.org/ontology/instance/Element_1242978,석재단열패널(회색)(T=35),1242978
현장공사분-타일및돌공사,Walls,https://example.org/ontology/instance/Element_2726203,석재단열패널(회색)(T=35),2726203
현장공사분-타일및돌공사,Walls,https://example.org/ontology/instance/Element_2726577,석재단열패널(회색)(T=35),2726577
현장공사분-타일및돌공사,Walls,https://example.org/ontology/instance/Element_2727995,석재단열패널(회색)(T=35),2727995
현장공사분-타일및돌공사,Walls,https://example.org/ontology/instance/Element_2728429,석재단열패널(회색)(T=35),2728429
현장공사분-타일및돌공사,Walls,https://example.org/ontology/instance/Element_2728567,석재단열패널(회색)(T=35),2728567
현장공사분-타일및돌공사,Walls,https://example.org/ontology/instance/Element_2728691,석재단열패널(회색)(T=35),2728691
현장공사분-타일및돌공사,Walls,https://example.org/ontology/instance/Element_2728797,석재단열패널(회색)(T=35),2728797
현장공사분-타일및돌공사,Walls,https://example.org/ontology/instance/Element_2728957,석재단열패널(회색)(T=35),2728957
현장공사분-타일및돌공사,Walls,https://example.org/ontology/instance/Element_2729096,석재단열패널(회색)(T=35),2729096
현장공사분-타일및돌공사,Walls,https://example.org/ontology/instance/Element_2729175,석재단열패널(회색)(T=35),2729175
현장공사분-타일및돌공사,Walls,https://example.org/ontology/instance/Element_2654297,외벽 코킹,2654297
현장공사분-타일및돌공사,Walls,https://example.org/ontology/instance/Element_2654561,외벽 코킹,2654561
현장공사분-타일및돌공사,Walls,https://example.org/ontology/instance/Element_2654579,외벽 코킹,2654579
현장공사분-타일및돌공사,Walls,https://example.org/ontology/instance/Element_2654595,외벽 코킹,2654595
현장공사분-타일및돌공사,Walls,https://example.org/ontology/instance/Element_2654615,외벽 코킹,2654615
현장공사분-타일및돌공사,Walls,https://example.org/ontology/instance/Element_2655076,외벽 코킹,2655076
현장공사분-타일및돌공사,Walls,https://example.org/ontology/instance/Element_2655135,외벽 코킹,2655135
현장공사분-타일및돌공사,Walls,https://example.org/ontology/instance/Element_2655153,외벽 코킹,2655153
현장공사분-타일및돌공사,Walls,https://example.org/ontology/instance/Element_2655173,외벽 코킹,2655173
현장공사분-타일및돌공사,Walls,https://example.org/ontology/instance/Element_2655189,외벽 코킹,2655189
현장공사분-타일및돌공사,Walls,https://example.org/ontology/instance/Element_2750563,외벽 코킹,2750563
현장공사분-타일및돌공사,Walls,https://example.org/ontology/instance/Element_2750573,외벽 코킹,2750573
현장공사분-타일및돌공사,Walls,https://example.org/ontology/instance/Element_2750583,외벽 코킹,2750583
현장공사분-타일및돌공사,Walls,https://example.org/ontology/instance/Element_2750593,외벽 코킹,2750593
현장공사분-타일및돌공사,Walls,https://example.org/ontology/instance/Element_2750603,외벽 코킹,2750603
현장공사분-타일및돌공사,Walls,https://example.org/ontology/instance/Element_2750613,외벽 코킹,2750613
현장공사분-타일및돌공사,Walls,https://example.org/ontology/instance/Element_2750623,외벽 코킹,2750623
현장공사분-타일및돌공사,Walls,https://example.org/ontology/instance/Element_2750633,외벽 코킹,2750633
현장공사분-타일및돌공사,Walls,https://example.org/ontology/instance/Element_2750643,외벽 코킹,2750643
현장공사분-타일및돌공사,Walls,https://example.org/ontology/instance/Element_2750653,외벽 코킹,2750653
현장공사분-타일및돌공사,Walls,https://example.org/ontology/instance/Element_1264856,화강석(버너구이)(T=15),1264856
현장공사분-타일및돌공사,Walls,https://example.org/ontology/instance/Element_1264938,화강석(버너구이)(T=15),1264938
현장공사분-타일및돌공사,Walls,https://example.org/ontology/instance/Element_1265030,화강석(버너구이)(T=15),1265030
현장공사분-타일및돌공사,Walls,https://example.org/ontology/instance/Element_1282140,화강석(버너구이)(T=15),1282140
현장공사분-타일및돌공사,Walls,https://example.org/ontology/instance/Element_1282207,화강석(버너구이)(T=15),1282207
